0 0
1 1
2 1 0
3 2
4 2 3
4 2 4
4 2 5
5 2 6
6 2 7
7 2 8
8 2 1
9 2 9
10 2 10
11 2 11
3 12
4 12 13
4 12 14
5 12 15
6 12 16
7 12 17
8 12 1
9 12 18
10 12 10
11 12 19
3 20
4 20 21
4 20 22
4 20 23
5 20 24
6 20 25
7 20 26
8 20 1
9 20 27
10 20 10
11 20 28
3 29
4 29 30
4 29 31
4 29 32
4 29 33
5 29 34
6 29 35
7 29 36
8 29 1
9 29 37
10 29 10
11 29 19
3 38
4 38 39
4 38 40
4 38 41
5 38 42
6 38 43
7 38 44
8 38 1
9 38 45
10 38 10
11 38 46
3 47
4 47 48
4 47 49
4 47 50
5 47 51
6 47 52
7 47 53
8 47 1
9 47 54
10 47 10
11 47 55
3 56
4 56 57
4 56 58
4 56 59
5 56 60
6 56 61
7 56 62
8 56 1
9 56 63
10 56 10
11 56 64
3 65
4 65 66
4 65 67
4 65 68
4 65 69
5 65 70
6 65 71
7 65 8
8 65 1
9 65 72
10 65 10
11 65 73
12 65 1
3 74
4 74 75
4 74 76
4 74 77
5 74 78
6 74 79
7 74 80
8 74 1
9 74 81
10 74 10
11 74 82
3 83
4 83 84
4 83 85
4 83 86
4 83 87
5 83 88
6 83 89
7 83 90
8 83 1
9 83 91
10 83 10
11 83 92
13 93
4 93 94
4 93 95
4 93 96
4 93 97
5 93 98
6 93 99
7 93 100
8 93 1
9 93 101
10 93 10
11 93 11
13 102
4 102 103
4 102 104
4 102 105
4 102 106
5 102 107
6 102 108
7 102 109
8 102 1
9 102 110
10 102 10
11 102 92
13 111
4 111 112
4 111 113
4 111 114
4 111 115
5 111 116
6 111 117
7 111 118
8 111 1
9 111 119
10 111 10
11 111 46
13 120
4 120 121
4 120 122
5 120 123
6 120 124
7 120 125
8 120 1
9 120 126
10 120 10
11 120 127
13 128
4 128 129
4 128 130
4 128 131
5 128 132
6 128 133
7 128 134
8 128 1
9 128 135
10 128 10
11 128 136
13 137
4 137 138
4 137 139
5 137 140
6 137 141
7 137 142
8 137 1
9 137 143
10 137 10
11 137 144
13 145
4 145 146
4 145 147
5 145 148
6 145 149
7 145 150
8 145 1
9 145 151
10 145 10
11 145 152
13 153
4 153 154
4 153 155
4 153 156
4 153 157
5 153 158
6 153 159
7 153 160
8 153 1
9 153 161
10 153 10
11 153 162
13 163
4 163 164
4 163 165
4 163 166
5 163 167
6 163 168
7 163 169
8 163 1
9 163 170
10 163 10
11 163 171
13 172
4 172 173
4 172 174
4 172 175
5 172 176
6 172 177
7 172 178
8 172 1
9 172 179
10 172 10
11 172 19
13 180
4 180 181
4 180 182
4 180 183
4 180 184
5 180 185
6 180 186
7 180 187
8 180 1
9 180 188
10 180 10
11 180 64
13 189
4 189 190
4 189 191
4 189 192
4 189 193
5 189 194
6 189 195
7 189 196
8 189 1
9 189 197
10 189 10
11 189 198
13 199
4 199 200
4 199 201
5 199 202
6 199 203
7 199 204
8 199 1
9 199 205
10 199 10
11 199 82
13 206
4 206 207
4 206 208
4 206 209
4 206 210
5 206 211
6 206 212
7 206 213
8 206 1
9 206 214
10 206 10
11 206 136
14 215
4 215 216
4 215 217
4 215 218
4 215 219
5 215 220
6 215 221
7 215 222
8 215 1
9 215 223
10 215 10
11 215 162
14 224
4 224 225
4 224 226
5 224 227
6 224 228
7 224 229
8 224 1
9 224 230
10 224 10
11 224 231
14 232
4 232 233
4 232 234
4 232 235
5 232 169
6 232 0
7 232 236
8 232 1
9 232 237
10 232 10
11 232 198
14 238
4 238 239
4 238 240
5 238 241
6 238 242
7 238 243
8 238 1
9 238 244
10 238 10
11 238 19
14 245
4 245 246
4 245 247
5 245 248
6 245 249
7 245 250
8 245 1
9 245 251
10 245 10
11 245 144
14 252
4 252 253
4 252 254
4 252 255
5 252 256
6 252 257
7 252 258
8 252 1
9 252 259
10 252 10
11 252 136
14 260
4 260 261
4 260 262
4 260 263
5 260 264
6 260 265
7 260 266
8 260 1
9 260 267
10 260 10
11 260 268
14 269
4 269 270
4 269 271
4 269 272
4 269 273
5 269 274
6 269 275
7 269 276
8 269 1
9 269 277
10 269 10
11 269 11
14 278
4 278 279
4 278 280
4 278 281
4 278 282
5 278 283
6 278 284
7 278 285
8 278 1
9 278 286
10 278 10
11 278 287
14 288
4 288 289
4 288 290
4 288 291
4 288 292
5 288 293
6 288 294
7 288 295
8 288 1
9 288 296
10 288 10
11 288 297
15 298
4 298 299
4 298 300
4 298 301
5 298 302
6 298 303
7 298 257
8 298 1
9 298 304
10 298 10
15 305
4 305 306
4 305 307
4 305 308
5 305 309
6 305 310
7 305 311
8 305 1
9 305 312
10 305 10
15 313
4 313 314
4 313 315
5 313 316
6 313 317
7 313 318
8 313 1
9 313 319
10 313 10
15 320
4 320 321
4 320 322
4 320 323
4 320 324
5 320 141
6 320 116
7 320 249
8 320 1
9 320 325
10 320 10
15 326
4 326 327
4 326 328
4 326 329
5 326 330
6 326 331
7 326 26
8 326 1
9 326 332
10 326 10
15 333
4 333 334
4 333 335
4 333 336
5 333 337
6 333 338
7 333 107
8 333 1
9 333 339
10 333 10
15 340
4 340 341
4 340 342
5 340 117
6 340 343
7 340 344
8 340 1
9 340 345
10 340 10
16 346
17 346 1
9 346 347
10 346 10
18 346 280
18 346 22
18 346 239
18 346 30
16 348
17 348 1
9 348 349
10 348 10
18 348 280
18 348 216
18 348 130
18 348 84
16 350
17 350 1
9 350 351
10 350 10
18 350 13
18 350 95
18 350 103
18 350 253
16 352
17 352 1
9 352 353
10 352 10
18 352 182
18 352 174
18 352 112
18 352 207
16 354
17 354 1
9 354 355
10 354 10
18 354 103
18 354 271
18 354 233
19 354 245
16 356
17 356 1
9 356 357
10 356 10
18 356 121
18 356 246
18 356 341
16 358
17 358 1
9 358 359
10 358 10
18 358 173
18 358 225
18 358 84
16 360
17 360 1
9 360 361
10 360 10
18 360 129
18 360 104
18 360 321
18 360 246
16 362
17 362 1
9 362 363
10 362 10
18 362 327
18 362 225
18 362 84
18 362 103
16 364
17 364 1
9 364 365
10 364 10
18 364 182
18 364 21
16 366
17 366 1
9 366 367
10 366 10
18 366 3
18 366 164
19 366 260
16 368
17 368 1
9 368 369
10 368 10
18 368 299
18 368 138
18 368 48
16 370
17 370 1
9 370 371
10 370 10
18 370 154
18 370 66
16 372
17 372 1
9 372 373
10 372 10
18 372 334
18 372 94
16 374
17 374 1
9 374 375
10 374 10
18 374 216
18 374 182
16 376
17 376 1
9 376 377
10 376 10
18 376 57
18 376 341
18 376 104
18 376 239
16 378
17 378 1
9 378 379
10 378 10
18 378 164
18 378 3
18 378 113
16 380
17 380 1
9 380 381
10 380 10
18 380 84
18 380 138
18 380 239
18 380 225
16 382
17 382 1
9 382 383
10 382 10
18 382 334
18 382 289
18 382 75
18 382 112
19 382 65
16 384
17 384 1
9 384 385
10 384 10
18 384 327
18 384 208
18 384 30
18 384 314
16 386
17 386 1
9 386 387
10 386 10
18 386 182
18 386 271
16 388
17 388 1
9 388 389
10 388 10
18 388 75
18 388 164
19 388 269
16 390
17 390 1
9 390 391
10 390 10
18 390 3
18 390 200
18 390 58
16 392
17 392 1
9 392 393
10 392 10
18 392 191
18 392 174
16 394
17 394 1
9 394 395
10 394 10
18 394 94
18 394 261
18 394 300
19 394 199
16 396
17 396 1
9 396 397
10 396 10
18 396 21
18 396 261
18 396 216
16 398
17 398 1
9 398 399
10 398 10
18 398 300
18 398 104
18 398 21
19 398 180
16 400
17 400 1
9 400 401
10 400 10
18 400 57
18 400 280
16 402
17 402 1
9 402 403
10 402 10
18 402 112
18 402 103
16 404
17 404 1
9 404 405
10 404 10
18 404 341
18 404 300
19 404 56
16 406
17 406 1
9 406 407
10 406 10
18 406 253
18 406 121
18 406 207
18 406 306
16 408
17 408 1
9 408 409
10 408 10
18 408 173
18 408 270
18 408 306
18 408 217
19 408 29
16 410
17 410 1
9 410 411
10 410 10
18 410 290
18 410 299
19 410 245
16 412
17 412 1
9 412 413
10 412 10
18 412 58
18 412 334
18 412 271
16 414
17 414 1
9 414 415
10 414 10
18 414 21
18 414 279
18 414 103
18 414 104
19 414 120
16 416
17 416 1
9 416 417
10 416 10
18 416 341
18 416 95
16 418
17 418 1
9 418 419
10 418 10
18 418 271
18 418 181
18 418 112
18 418 299
16 420
17 420 1
9 420 421
10 420 10
18 420 21
18 420 225
18 420 216
18 420 113
16 422
17 422 1
9 422 423
10 422 10
18 422 271
18 422 341
16 424
17 424 1
9 424 425
10 424 10
18 424 191
18 424 130
18 424 207
18 424 174
16 426
17 426 1
9 426 427
10 426 10
18 426 190
18 426 191
16 428
17 428 1
9 428 429
10 428 10
18 428 191
18 428 217
18 428 22
16 430
17 430 1
9 430 431
10 430 10
18 430 112
18 430 3
19 430 111
16 432
17 432 1
9 432 433
10 432 10
18 432 270
18 432 58
16 434
17 434 1
9 434 435
10 434 10
18 434 94
18 434 191
18 434 121
16 436
17 436 1
9 436 437
10 436 10
18 436 190
18 436 104
18 436 138
18 436 121
16 438
17 438 1
9 438 439
10 438 10
18 438 225
18 438 112
18 438 233
16 440
17 440 1
9 440 441
10 440 10
18 440 225
18 440 290
18 440 246
16 442
17 442 1
9 442 443
10 442 10
18 442 146
18 442 154
16 444
17 444 1
9 444 445
10 444 10
18 444 67
18 444 121
18 444 191
16 446
17 446 1
9 446 447
10 446 10
18 446 334
18 446 270
18 446 30
16 448
17 448 1
9 448 449
10 448 10
18 448 300
18 448 31
16 450
17 450 1
9 450 451
10 450 10
18 450 104
18 450 246
16 452
17 452 1
9 452 453
10 452 10
18 452 300
18 452 155
16 454
17 454 1
9 454 455
10 454 10
18 454 314
18 454 39
16 456
17 456 1
9 456 457
10 456 10
18 456 181
18 456 94
18 456 85
18 456 306
16 458
17 458 1
9 458 459
10 458 10
18 458 190
18 458 217
16 460
17 460 1
9 460 461
10 460 10
18 460 270
18 460 48
18 460 95
18 460 239
19 460 83
16 462
17 462 1
9 462 463
10 462 10
18 462 94
18 462 155
18 462 57
16 464
17 464 1
9 464 465
10 464 10
18 464 306
18 464 39
18 464 104
19 464 288
16 466
17 466 1
9 466 467
10 466 10
18 466 181
18 466 174
18 466 341
18 466 31
16 468
17 468 1
9 468 469
10 468 10
18 468 327
18 468 181
18 468 121
18 468 85
16 470
17 470 1
9 470 471
10 470 10
18 470 190
18 470 200
19 470 56
16 472
17 472 1
9 472 473
10 472 10
18 472 279
18 472 270
18 472 207
16 474
17 474 1
9 474 475
10 474 10
18 474 217
18 474 327
18 474 39
18 474 75
16 476
17 476 1
9 476 477
10 476 10
18 476 261
18 476 66
18 476 30
18 476 321
16 478
17 478 1
9 478 479
10 478 10
18 478 190
18 478 270
18 478 239
16 480
17 480 1
9 480 481
10 480 10
18 480 182
18 480 155
18 480 103
19 480 224
16 482
17 482 1
9 482 483
10 482 10
18 482 322
18 482 191
18 482 280
18 482 66
16 484
17 484 1
9 484 485
10 484 10
18 484 321
18 484 39
18 484 173
16 486
17 486 1
9 486 487
10 486 10
18 486 155
18 486 270
18 486 314
18 486 30
16 488
17 488 1
9 488 489
10 488 10
18 488 146
18 488 216
18 488 327
18 488 261
16 490
17 490 1
9 490 491
10 490 10
18 490 341
18 490 190
18 490 21
18 490 182
16 492
17 492 1
9 492 493
10 492 10
18 492 299
18 492 95
16 494
17 494 1
9 494 495
10 494 10
18 494 327
18 494 239
18 494 103
18 494 31
16 496
17 496 1
9 496 497
10 496 10
18 496 67
18 496 182
18 496 271
16 498
17 498 1
9 498 499
10 498 10
18 498 216
18 498 289
16 500
17 500 1
9 500 501
10 500 10
18 500 200
18 500 225
16 502
17 502 1
9 502 503
10 502 10
18 502 121
18 502 112
18 502 239
19 502 145
16 504
17 504 1
9 504 505
10 504 10
18 504 322
18 504 112
18 504 173
18 504 95
16 506
17 506 1
9 506 507
10 506 10
18 506 129
18 506 322
16 508
17 508 1
9 508 509
10 508 10
18 508 200
18 508 300
18 508 129
18 508 85
16 510
17 510 1
9 510 511
10 510 10
18 510 174
18 510 190
18 510 164
18 510 121
16 512
17 512 1
9 512 513
10 512 10
18 512 130
18 512 341
18 512 190
18 512 279
16 514
17 514 1
9 514 515
10 514 10
18 514 22
18 514 191
19 514 29
16 516
17 516 1
9 516 517
10 516 10
18 516 173
18 516 341
18 516 146
19 516 163
16 518
17 518 1
9 518 519
10 518 10
18 518 154
18 518 113
18 518 289
16 520
17 520 1
9 520 521
10 520 10
18 520 208
18 520 322
18 520 246
18 520 154
19 520 269
16 522
17 522 1
9 522 523
10 522 10
18 522 208
18 522 299
18 522 95
19 522 47
16 524
17 524 1
9 524 525
10 524 10
18 524 22
18 524 261
18 524 129
18 524 322
16 526
17 526 1
9 526 527
10 526 10
18 526 207
18 526 246
16 528
17 528 1
9 528 529
10 528 10
18 528 279
18 528 334
18 528 164
16 530
17 530 1
9 530 531
10 530 10
18 530 30
18 530 155
16 532
17 532 1
9 532 533
10 532 10
18 532 31
18 532 246
16 534
17 534 1
9 534 535
10 534 10
18 534 58
18 534 233
18 534 200
18 534 217
16 536
17 536 1
9 536 537
10 536 10
18 536 253
18 536 129
18 536 341
18 536 85
19 536 29
16 538
17 538 1
9 538 539
10 538 10
18 538 290
18 538 22
16 540
17 540 1
9 540 541
10 540 10
18 540 121
18 540 289
18 540 66
18 540 217
16 542
17 542 1
9 542 543
10 542 10
18 542 113
18 542 279
18 542 67
16 544
17 544 1
9 544 545
10 544 10
18 544 233
18 544 146
18 544 112
18 544 13
16 546
17 546 1
9 546 547
10 546 10
18 546 306
18 546 155
16 548
17 548 1
9 548 549
10 548 10
18 548 104
18 548 261
18 548 30
18 548 270
16 550
17 550 1
9 550 551
10 550 10
18 550 31
18 550 84
19 550 93
16 552
17 552 1
9 552 553
10 552 10
18 552 146
18 552 270
18 552 334
16 554
17 554 1
9 554 555
10 554 10
18 554 239
18 554 30
18 554 327
18 554 112
16 556
17 556 1
9 556 557
10 556 10
18 556 280
18 556 246
16 558
17 558 1
9 558 559
10 558 10
18 558 299
18 558 154
18 558 3
16 560
17 560 1
9 560 561
10 560 10
18 560 225
18 560 95
16 562
17 562 1
9 562 563
10 562 10
18 562 290
18 562 280
18 562 327
18 562 39
16 564
17 564 1
9 564 565
10 564 10
18 564 233
18 564 121
16 566
17 566 1
9 566 567
10 566 10
18 566 155
18 566 290
18 566 208
18 566 95
16 568
17 568 1
9 568 569
10 568 10
18 568 67
18 568 200
18 568 208
16 570
17 570 1
9 570 571
10 570 10
18 570 217
18 570 253
16 572
17 572 1
9 572 573
10 572 10
18 572 270
18 572 181
18 572 300
19 572 93
16 574
17 574 1
9 574 575
10 574 10
18 574 75
18 574 113
18 574 290
18 574 121
16 576
17 576 1
9 576 577
10 576 10
18 576 217
18 576 334
18 576 138
16 578
17 578 1
9 578 579
10 578 10
18 578 322
18 578 3
18 578 271
16 580
17 580 1
9 580 581
10 580 10
18 580 321
18 580 279
18 580 138
18 580 217
16 582
17 582 1
9 582 583
10 582 10
18 582 289
18 582 306
18 582 173
18 582 154
19 582 12
16 584
17 584 1
9 584 585
10 584 10
18 584 321
18 584 66
18 584 104
18 584 31
16 586
17 586 1
9 586 587
10 586 10
18 586 21
18 586 299
16 588
17 588 1
9 588 589
10 588 10
18 588 233
18 588 182
18 588 280
16 590
17 590 1
9 590 591
10 590 10
18 590 341
18 590 322
16 592
17 592 1
9 592 593
10 592 10
18 592 112
18 592 13
18 592 327
18 592 289
16 594
17 594 1
9 594 595
10 594 10
18 594 280
18 594 94
18 594 279
16 596
17 596 1
9 596 597
10 596 10
18 596 306
18 596 208
18 596 200
18 596 270
16 598
17 598 1
9 598 599
10 598 10
18 598 207
18 598 84
16 600
17 600 1
9 600 601
10 600 10
18 600 191
18 600 327
18 600 299
18 600 154
16 602
17 602 1
9 602 603
10 602 10
18 602 261
18 602 225
16 604
17 604 1
9 604 605
10 604 10
18 604 48
18 604 271
18 604 314
18 604 30
16 606
17 606 1
9 606 607
10 606 10
18 606 246
18 606 3
16 608
17 608 1
9 608 609
10 608 10
18 608 146
18 608 66
16 610
17 610 1
9 610 611
10 610 10
18 610 261
18 610 75
18 610 207
16 612
17 612 1
9 612 613
10 612 10
18 612 138
18 612 289
18 612 67
16 614
17 614 1
9 614 615
10 614 10
18 614 84
18 614 104
18 614 3
16 616
17 616 1
9 616 617
10 616 10
18 616 66
18 616 138
18 616 321
18 616 208
16 618
17 618 1
9 618 619
10 618 10
18 618 314
18 618 253
18 618 48
18 618 289
16 620
17 620 1
9 620 621
10 620 10
18 620 261
18 620 22
19 620 224
16 622
17 622 1
9 622 623
10 622 10
18 622 104
18 622 95
18 622 271
18 622 322
16 624
17 624 1
9 624 625
10 624 10
18 624 22
18 624 181
18 624 154
18 624 58
16 626
17 626 1
9 626 627
10 626 10
18 626 103
18 626 289
18 626 300
16 628
17 628 1
9 628 629
10 628 10
18 628 146
18 628 66
18 628 279
16 630
17 630 1
9 630 631
10 630 10
18 630 146
18 630 66
18 630 233
18 630 130
16 632
17 632 1
9 632 633
10 632 10
18 632 261
18 632 306
18 632 75
16 634
17 634 1
9 634 635
10 634 10
18 634 239
18 634 181
16 636
17 636 1
9 636 637
10 636 10
18 636 246
18 636 22
16 638
17 638 1
9 638 639
10 638 10
18 638 207
18 638 279
18 638 94
18 638 21
16 640
17 640 1
9 640 641
10 640 10
18 640 174
18 640 270
19 640 238
16 642
17 642 1
9 642 643
10 642 10
18 642 39
18 642 57
16 644
17 644 1
9 644 645
10 644 10
18 644 200
18 644 299
18 644 22
18 644 314
19 644 238
16 646
17 646 1
9 646 647
10 646 10
18 646 239
18 646 173
19 646 120
16 648
17 648 1
9 648 649
10 648 10
18 648 67
18 648 306
16 650
17 650 1
9 650 651
10 650 10
18 650 300
18 650 21
19 650 38
16 652
17 652 1
9 652 653
10 652 10
18 652 104
18 652 58
16 654
17 654 1
9 654 655
10 654 10
18 654 271
18 654 67
19 654 238
16 656
17 656 1
9 656 657
10 656 10
18 656 299
18 656 225
18 656 306
16 658
17 658 1
9 658 659
10 658 10
18 658 271
18 658 30
18 658 341
16 660
17 660 1
9 660 661
10 660 10
18 660 334
18 660 112
18 660 173
18 660 154
16 662
17 662 1
9 662 663
10 662 10
18 662 271
18 662 13
16 664
17 664 1
9 664 665
10 664 10
18 664 66
18 664 174
18 664 314
18 664 155
19 664 269
16 666
17 666 1
9 666 667
10 666 10
18 666 208
18 666 84
18 666 155
16 668
17 668 1
9 668 669
10 668 10
18 668 103
18 668 280
19 668 65
16 670
17 670 1
9 670 671
10 670 10
18 670 121
18 670 341
18 670 207
16 672
17 672 1
9 672 673
10 672 10
18 672 94
18 672 225
18 672 22
18 672 57
16 674
17 674 1
9 674 675
10 674 10
18 674 289
18 674 181
18 674 239
18 674 299
19 674 111
16 676
17 676 1
9 676 677
10 676 10
18 676 3
18 676 103
16 678
17 678 1
9 678 679
10 678 10
18 678 84
18 678 174
16 680
17 680 1
9 680 681
10 680 10
18 680 103
18 680 112
18 680 314
18 680 146
16 682
17 682 1
9 682 683
10 682 10
18 682 112
18 682 341
16 684
17 684 1
9 684 685
10 684 10
18 684 174
18 684 84
18 684 207
16 686
17 686 1
9 686 687
10 686 10
18 686 57
18 686 22
18 686 289
16 688
17 688 1
9 688 689
10 688 10
18 688 39
18 688 334
16 690
17 690 1
9 690 691
10 690 10
18 690 208
18 690 217
18 690 164
16 692
17 692 1
9 692 693
10 692 10
18 692 121
18 692 85
18 692 200
18 692 103
16 694
17 694 1
9 694 695
10 694 10
18 694 21
18 694 217
16 696
17 696 1
9 696 697
10 696 10
18 696 164
18 696 30
16 698
17 698 1
9 698 699
10 698 10
18 698 94
18 698 13
18 698 334
16 700
17 700 1
9 700 701
10 700 10
18 700 246
18 700 39
16 702
17 702 1
9 702 703
10 702 10
18 702 208
18 702 30
19 702 245
16 704
17 704 1
9 704 705
10 704 10
18 704 271
18 704 246
16 706
17 706 1
9 706 707
10 706 10
18 706 216
18 706 271
18 706 112
18 706 30
16 708
17 708 1
9 708 709
10 708 10
18 708 129
18 708 22
18 708 94
16 710
17 710 1
9 710 711
10 710 10
18 710 300
18 710 341
18 710 217
16 712
17 712 1
9 712 713
10 712 10
18 712 84
18 712 216
16 714
17 714 1
9 714 715
10 714 10
18 714 174
18 714 67
18 714 321
16 716
17 716 1
9 716 717
10 716 10
18 716 113
18 716 327
18 716 280
16 718
17 718 1
9 718 719
10 718 10
18 718 21
18 718 239
19 718 65
16 720
17 720 1
9 720 721
10 720 10
18 720 289
18 720 3
16 722
17 722 1
9 722 723
10 722 10
18 722 289
18 722 233
16 724
17 724 1
9 724 725
10 724 10
18 724 30
18 724 279
16 726
17 726 1
9 726 727
10 726 10
18 726 57
18 726 30
18 726 239
19 726 199
16 728
17 728 1
9 728 729
10 728 10
18 728 21
18 728 190
18 728 239
18 728 39
16 730
17 730 1
9 730 731
10 730 10
18 730 191
18 730 21
18 730 13
18 730 217
16 732
17 732 1
9 732 733
10 732 10
18 732 95
18 732 207
16 734
17 734 1
9 734 735
10 734 10
18 734 207
18 734 30
18 734 190
18 734 246
16 736
17 736 1
9 736 737
10 736 10
18 736 173
18 736 121
19 736 215
16 738
17 738 1
9 738 739
10 738 10
18 738 217
18 738 48
18 738 299
18 738 200
16 740
17 740 1
9 740 741
10 740 10
18 740 39
18 740 181
18 740 154
18 740 57
16 742
17 742 1
9 742 743
10 742 10
18 742 321
18 742 104
18 742 57
18 742 94
16 744
17 744 1
9 744 745
10 744 10
18 744 300
18 744 75
18 744 84
19 744 120
16 746
17 746 1
9 746 747
10 746 10
18 746 279
18 746 75
18 746 113
18 746 154
16 748
17 748 1
9 748 749
10 748 10
18 748 3
18 748 13
18 748 321
18 748 112
19 748 215
16 750
17 750 1
9 750 751
10 750 10
18 750 95
18 750 58
16 752
17 752 1
9 752 753
10 752 10
18 752 253
18 752 130
18 752 300
16 754
17 754 1
9 754 755
10 754 10
18 754 121
18 754 164
18 754 334
18 754 253
16 756
17 756 1
9 756 757
10 756 10
18 756 75
18 756 95
18 756 104
18 756 138
16 758
17 758 1
9 758 759
10 758 10
18 758 181
18 758 200
18 758 66
16 760
17 760 1
9 760 761
10 760 10
18 760 21
18 760 129
19 760 215
16 762
17 762 1
9 762 763
10 762 10
18 762 48
18 762 138
18 762 174
18 762 154
16 764
17 764 1
9 764 765
10 764 10
18 764 121
18 764 299
19 764 224
16 766
17 766 1
9 766 767
10 766 10
18 766 31
18 766 130
18 766 216
18 766 30
19 766 224
16 768
17 768 1
9 768 769
10 768 10
18 768 341
18 768 327
16 770
17 770 1
9 770 771
10 770 10
18 770 85
18 770 113
18 770 191
19 770 260
16 772
17 772 1
9 772 773
10 772 10
18 772 225
18 772 84
19 772 260
16 774
17 774 1
9 774 775
10 774 10
18 774 270
18 774 146
18 774 299
18 774 13
16 776
17 776 1
9 776 777
10 776 10
18 776 121
18 776 279
18 776 75
18 776 104
16 778
17 778 1
9 778 779
10 778 10
18 778 233
18 778 155
16 780
17 780 1
9 780 781
10 780 10
18 780 217
18 780 290
18 780 130
16 782
17 782 1
9 782 783
10 782 10
18 782 300
18 782 85
18 782 306
18 782 113
16 784
17 784 1
9 784 785
10 784 10
18 784 182
18 784 300
18 784 104
18 784 154
16 786
17 786 1
9 786 787
10 786 10
18 786 181
18 786 85
18 786 84
16 788
17 788 1
9 788 789
10 788 10
18 788 164
18 788 299
18 788 300
19 788 74
16 790
17 790 1
9 790 791
10 790 10
18 790 21
18 790 225
18 790 174
16 792
17 792 1
9 792 793
10 792 10
18 792 104
18 792 22
19 792 269
16 794
17 794 1
9 794 795
10 794 10
18 794 207
18 794 112
18 794 48
18 794 208
19 794 56
16 796
17 796 1
9 796 797
10 796 10
18 796 104
18 796 75
18 796 155
18 796 270
16 798
17 798 1
9 798 799
10 798 10
18 798 67
18 798 208
18 798 280
16 800
17 800 1
9 800 801
10 800 10
18 800 322
18 800 181
18 800 182
16 802
17 802 1
9 802 803
10 802 10
18 802 190
18 802 271
18 802 300
16 804
17 804 1
9 804 805
10 804 10
18 804 21
18 804 129
18 804 121
16 806
17 806 1
9 806 807
10 806 10
18 806 289
18 806 94
19 806 215
16 808
17 808 1
9 808 809
10 808 10
18 808 138
18 808 208
18 808 84
18 808 327
16 810
17 810 1
9 810 811
10 810 10
18 810 239
18 810 289
18 810 253
18 810 191
19 810 20
16 812
17 812 1
9 812 813
10 812 10
18 812 174
18 812 191
18 812 39
18 812 95
16 814
17 814 1
9 814 815
10 814 10
18 814 191
18 814 233
16 816
17 816 1
9 816 817
10 816 10
18 816 190
18 816 84
16 818
17 818 1
9 818 819
10 818 10
18 818 233
18 818 57
18 818 191
16 820
17 820 1
9 820 821
10 820 10
18 820 216
18 820 341
16 822
17 822 1
9 822 823
10 822 10
18 822 290
18 822 57
18 822 129
18 822 300
19 822 163
16 824
17 824 1
9 824 825
10 824 10
18 824 225
18 824 121
18 824 217
16 826
17 826 1
9 826 827
10 826 10
18 826 216
18 826 190
18 826 146
18 826 279
16 828
17 828 1
9 828 829
10 828 10
18 828 182
18 828 104
18 828 280
18 828 22
19 828 189
16 830
17 830 1
9 830 831
10 830 10
18 830 113
18 830 181
18 830 208
16 832
17 832 1
9 832 833
10 832 10
18 832 306
18 832 246
18 832 103
16 834
17 834 1
9 834 835
10 834 10
18 834 208
18 834 129
18 834 67
18 834 21
16 836
17 836 1
9 836 837
10 836 10
18 836 113
18 836 3
16 838
17 838 1
9 838 839
10 838 10
18 838 94
18 838 306
18 838 3
16 840
17 840 1
9 840 841
10 840 10
18 840 104
18 840 113
18 840 103
19 840 224
16 842
17 842 1
9 842 843
10 842 10
18 842 13
18 842 306
18 842 130
16 844
17 844 1
9 844 845
10 844 10
18 844 299
18 844 84
18 844 57
18 844 3
16 846
17 846 1
9 846 847
10 846 10
18 846 270
18 846 239
18 846 173
18 846 306
16 848
17 848 1
9 848 849
10 848 10
18 848 334
18 848 280
16 850
17 850 1
9 850 851
10 850 10
18 850 130
18 850 261
18 850 67
18 850 85
19 850 172
16 852
17 852 1
9 852 853
10 852 10
18 852 94
18 852 3
18 852 289
18 852 103
16 854
17 854 1
9 854 855
10 854 10
18 854 216
18 854 121
18 854 181
16 856
17 856 1
9 856 857
10 856 10
18 856 191
18 856 48
16 858
17 858 1
9 858 859
10 858 10
18 858 113
18 858 200
16 860
17 860 1
9 860 861
10 860 10
18 860 13
18 860 182
18 860 94
18 860 121
16 862
17 862 1
9 862 863
10 862 10
18 862 322
18 862 3
18 862 327
16 864
17 864 1
9 864 865
10 864 10
18 864 289
18 864 271
18 864 306
18 864 322
19 864 189
16 866
17 866 1
9 866 867
10 866 10
18 866 327
18 866 290
18 866 3
18 866 104
16 868
17 868 1
9 868 869
10 868 10
18 868 174
18 868 129
18 868 104
16 870
17 870 1
9 870 871
10 870 10
18 870 66
18 870 67
19 870 93
16 872
17 872 1
9 872 873
10 872 10
18 872 67
18 872 57
18 872 66
16 874
17 874 1
9 874 875
10 874 10
18 874 279
18 874 253
18 874 314
18 874 13
16 876
17 876 1
9 876 877
10 876 10
18 876 322
18 876 129
18 876 290
16 878
17 878 1
9 878 879
10 878 10
18 878 239
18 878 31
18 878 164
16 880
17 880 1
9 880 881
10 880 10
18 880 314
18 880 279
16 882
17 882 1
9 882 883
10 882 10
18 882 113
18 882 58
18 882 95
18 882 314
16 884
17 884 1
9 884 885
10 884 10
18 884 3
18 884 31
18 884 173
16 886
17 886 1
9 886 887
10 886 10
18 886 174
18 886 95
18 886 239
18 886 270
16 888
17 888 1
9 888 889
10 888 10
18 888 57
18 888 21
16 890
17 890 1
9 890 891
10 890 10
18 890 30
18 890 155
18 890 233
16 892
17 892 1
9 892 893
10 892 10
18 892 327
18 892 321
16 894
17 894 1
9 894 895
10 894 10
18 894 112
18 894 31
18 894 233
18 894 3
16 896
17 896 1
9 896 897
10 896 10
18 896 271
18 896 217
18 896 113
18 896 13
19 896 12
16 898
17 898 1
9 898 899
10 898 10
18 898 30
18 898 191
18 898 48
18 898 182
19 898 232
16 900
17 900 1
9 900 901
10 900 10
18 900 233
18 900 3
16 902
17 902 1
9 902 903
10 902 10
18 902 322
18 902 207
16 904
17 904 1
9 904 905
10 904 10
18 904 130
18 904 85
18 904 190
16 906
17 906 1
9 906 907
10 906 10
18 906 190
18 906 13
18 906 270
18 906 246
16 908
17 908 1
9 908 909
10 908 10
18 908 95
18 908 39
16 910
17 910 1
9 910 911
10 910 10
18 910 104
18 910 13
18 910 30
16 912
17 912 1
9 912 913
10 912 10
18 912 13
18 912 154
18 912 306
18 912 66
16 914
17 914 1
9 914 915
10 914 10
18 914 300
18 914 239
18 914 279
18 914 200
16 916
17 916 1
9 916 917
10 916 10
18 916 321
18 916 164
18 916 327
18 916 181
19 916 102
16 918
17 918 1
9 918 919
10 918 10
18 918 154
18 918 146
18 918 334
16 920
17 920 1
9 920 921
10 920 10
18 920 31
18 920 94
18 920 67
16 922
17 922 1
9 922 923
10 922 10
18 922 181
18 922 39
18 922 112
16 924
17 924 1
9 924 925
10 924 10
18 924 306
18 924 299
18 924 66
18 924 164
16 926
17 926 1
9 926 927
10 926 10
18 926 164
18 926 191
18 926 207
18 926 208
16 928
17 928 1
9 928 929
10 928 10
18 928 299
18 928 246
18 928 190
18 928 280
16 930
17 930 1
9 930 931
10 930 10
18 930 94
18 930 270
18 930 253
16 932
17 932 1
9 932 933
10 932 10
18 932 3
18 932 129
18 932 113
18 932 190
16 934
17 934 1
9 934 935
10 934 10
18 934 306
18 934 155
19 934 93
16 936
17 936 1
9 936 937
10 936 10
18 936 22
18 936 84
18 936 280
16 938
17 938 1
9 938 939
10 938 10
18 938 21
18 938 322
18 938 207
16 940
17 940 1
9 940 941
10 940 10
18 940 173
18 940 314
16 942
17 942 1
9 942 943
10 942 10
18 942 21
18 942 66
16 944
17 944 1
9 944 945
10 944 10
18 944 208
18 944 239
18 944 181
19 944 2
16 946
17 946 1
9 946 947
10 946 10
18 946 103
18 946 239
16 948
17 948 1
9 948 949
10 948 10
18 948 299
18 948 95
16 950
17 950 1
9 950 951
10 950 10
18 950 182
18 950 191
18 950 94
19 950 215
16 952
17 952 1
9 952 953
10 952 10
18 952 113
18 952 279
19 952 12
16 954
17 954 1
9 954 955
10 954 10
18 954 22
18 954 322
16 956
17 956 1
9 956 957
10 956 10
18 956 322
18 956 174
16 958
17 958 1
9 958 959
10 958 10
18 958 155
18 958 66
18 958 94
16 960
17 960 1
9 960 961
10 960 10
18 960 290
18 960 21
16 962
17 962 1
9 962 963
10 962 10
18 962 146
18 962 57
18 962 322
18 962 121
16 964
17 964 1
9 964 965
10 964 10
18 964 31
18 964 121
18 964 225
16 966
17 966 1
9 966 967
10 966 10
18 966 48
18 966 216
18 966 30
16 968
17 968 1
9 968 969
10 968 10
18 968 181
18 968 217
18 968 322
18 968 30
16 970
17 970 1
9 970 971
10 970 10
18 970 300
18 970 190
16 972
17 972 1
9 972 973
10 972 10
18 972 85
18 972 279
18 972 22
18 972 200
16 974
17 974 1
9 974 975
10 974 10
18 974 322
18 974 253
19 974 163
16 976
17 976 1
9 976 977
10 976 10
18 976 31
18 976 13
18 976 261
19 976 65
16 978
17 978 1
9 978 979
10 978 10
18 978 103
18 978 94
18 978 334
18 978 290
16 980
17 980 1
9 980 981
10 980 10
18 980 75
18 980 306
18 980 113
16 982
17 982 1
9 982 983
10 982 10
18 982 182
18 982 21
18 982 155
16 984
17 984 1
9 984 985
10 984 10
18 984 280
18 984 239
18 984 103
18 984 217
16 986
17 986 1
9 986 987
10 986 10
18 986 173
18 986 299
18 986 261
16 988
17 988 1
9 988 989
10 988 10
18 988 182
18 988 289
18 988 261
19 988 47
16 990
17 990 1
9 990 991
10 990 10
18 990 48
18 990 289
18 990 253
19 990 278
16 992
17 992 1
9 992 993
10 992 10
18 992 164
18 992 200
18 992 174
16 994
17 994 1
9 994 995
10 994 10
18 994 182
18 994 113
18 994 129
16 996
17 996 1
9 996 997
10 996 10
18 996 174
18 996 94
18 996 130
18 996 314
16 998
17 998 1
9 998 999
10 998 10
18 998 113
18 998 290
18 998 217
16 1000
17 1000 1
9 1000 1001
10 1000 10
18 1000 225
18 1000 39
16 1002
17 1002 1
9 1002 1003
10 1002 10
18 1002 270
18 1002 66
18 1002 190
16 1004
17 1004 1
9 1004 1005
10 1004 10
18 1004 290
18 1004 112
18 1004 217
16 1006
17 1006 1
9 1006 1007
10 1006 10
18 1006 94
18 1006 75
19 1006 120
16 1008
17 1008 1
9 1008 1009
10 1008 10
18 1008 216
18 1008 322
18 1008 58
19 1008 215
16 1010
17 1010 1
9 1010 1011
10 1010 10
18 1010 113
18 1010 130
16 1012
17 1012 1
9 1012 1013
10 1012 10
18 1012 104
18 1012 174
16 1014
17 1014 1
9 1014 1015
10 1014 10
18 1014 129
18 1014 253
19 1014 215
16 1016
17 1016 1
9 1016 1017
10 1016 10
18 1016 270
18 1016 104
16 1018
17 1018 1
9 1018 1019
10 1018 10
18 1018 200
18 1018 67
18 1018 146
19 1018 102
16 1020
17 1020 1
9 1020 1021
10 1020 10
18 1020 94
18 1020 300
18 1020 85
16 1022
17 1022 1
9 1022 1023
10 1022 10
18 1022 22
18 1022 164
19 1022 93
16 1024
17 1024 1
9 1024 1025
10 1024 10
18 1024 225
18 1024 66
18 1024 216
16 1026
17 1026 1
9 1026 1027
10 1026 10
18 1026 322
18 1026 321
16 1028
17 1028 1
9 1028 1029
10 1028 10
18 1028 327
18 1028 84
18 1028 13
16 1030
17 1030 1
9 1030 1031
10 1030 10
18 1030 21
18 1030 164
16 1032
17 1032 1
9 1032 1033
10 1032 10
18 1032 300
18 1032 13
18 1032 121
18 1032 341
19 1032 215
16 1034
17 1034 1
9 1034 1035
10 1034 10
18 1034 174
18 1034 216
16 1036
17 1036 1
9 1036 1037
10 1036 10
18 1036 113
18 1036 181
18 1036 191
18 1036 146
16 1038
17 1038 1
9 1038 1039
10 1038 10
18 1038 290
18 1038 322
19 1038 232
16 1040
17 1040 1
9 1040 1041
10 1040 10
18 1040 130
18 1040 200
18 1040 75
18 1040 341
16 1042
17 1042 1
9 1042 1043
10 1042 10
18 1042 113
18 1042 239
18 1042 75
18 1042 182
16 1044
17 1044 1
9 1044 1045
10 1044 10
18 1044 279
18 1044 322
16 1046
17 1046 1
9 1046 1047
10 1046 10
18 1046 322
18 1046 112
18 1046 290
18 1046 239
16 1048
17 1048 1
9 1048 1049
10 1048 10
18 1048 334
18 1048 271
16 1050
17 1050 1
9 1050 1051
10 1050 10
18 1050 30
18 1050 146
18 1050 300
16 1052
17 1052 1
9 1052 1053
10 1052 10
18 1052 138
18 1052 253
18 1052 182
18 1052 75
16 1054
17 1054 1
9 1054 1055
10 1054 10
18 1054 299
18 1054 21
18 1054 138
18 1054 216
16 1056
17 1056 1
9 1056 1057
10 1056 10
18 1056 270
18 1056 138
18 1056 253
16 1058
17 1058 1
9 1058 1059
10 1058 10
18 1058 279
18 1058 154
18 1058 182
18 1058 95
16 1060
17 1060 1
9 1060 1061
10 1060 10
18 1060 299
18 1060 129
18 1060 314
18 1060 181
16 1062
17 1062 1
9 1062 1063
10 1062 10
18 1062 190
18 1062 155
18 1062 233
18 1062 341
19 1062 38
16 1064
17 1064 1
9 1064 1065
10 1064 10
18 1064 155
18 1064 306
18 1064 270
16 1066
17 1066 1
9 1066 1067
10 1066 10
18 1066 103
18 1066 181
16 1068
17 1068 1
9 1068 1069
10 1068 10
18 1068 174
18 1068 334
18 1068 48
18 1068 121
16 1070
17 1070 1
9 1070 1071
10 1070 10
18 1070 300
18 1070 225
16 1072
17 1072 1
9 1072 1073
10 1072 10
18 1072 155
18 1072 48
18 1072 253
18 1072 225
16 1074
17 1074 1
9 1074 1075
10 1074 10
18 1074 208
18 1074 154
18 1074 58
19 1074 29
16 1076
17 1076 1
9 1076 1077
10 1076 10
18 1076 233
18 1076 246
18 1076 121
18 1076 289
16 1078
17 1078 1
9 1078 1079
10 1078 10
18 1078 246
18 1078 334
16 1080
17 1080 1
9 1080 1081
10 1080 10
18 1080 21
18 1080 174
18 1080 173
18 1080 246
16 1082
17 1082 1
9 1082 1083
10 1082 10
18 1082 253
18 1082 146
18 1082 181
16 1084
17 1084 1
9 1084 1085
10 1084 10
18 1084 85
18 1084 66
18 1084 341
16 1086
17 1086 1
9 1086 1087
10 1086 10
18 1086 67
18 1086 129
18 1086 279
18 1086 327
16 1088
17 1088 1
9 1088 1089
10 1088 10
18 1088 322
18 1088 113
18 1088 146
18 1088 30
19 1088 83
16 1090
17 1090 1
9 1090 1091
10 1090 10
18 1090 190
18 1090 207
18 1090 138
16 1092
17 1092 1
9 1092 1093
10 1092 10
18 1092 164
18 1092 246
16 1094
17 1094 1
9 1094 1095
10 1094 10
18 1094 233
18 1094 322
18 1094 334
16 1096
17 1096 1
9 1096 1097
10 1096 10
18 1096 58
18 1096 164
18 1096 113
18 1096 233
16 1098
17 1098 1
9 1098 1099
10 1098 10
18 1098 191
18 1098 279
19 1098 120
16 1100
17 1100 1
9 1100 1101
10 1100 10
18 1100 121
18 1100 13
16 1102
17 1102 1
9 1102 1103
10 1102 10
18 1102 154
18 1102 173
16 1104
17 1104 1
9 1104 1105
10 1104 10
18 1104 246
18 1104 290
16 1106
17 1106 1
9 1106 1107
10 1106 10
18 1106 217
18 1106 173
18 1106 239
18 1106 271
16 1108
17 1108 1
9 1108 1109
10 1108 10
18 1108 225
18 1108 327
16 1110
17 1110 1
9 1110 1111
10 1110 10
18 1110 233
18 1110 84
18 1110 58
19 1110 12
16 1112
17 1112 1
9 1112 1113
10 1112 10
18 1112 75
18 1112 300
18 1112 280
18 1112 299
16 1114
17 1114 1
9 1114 1115
10 1114 10
18 1114 314
18 1114 39
16 1116
17 1116 1
9 1116 1117
10 1116 10
18 1116 207
18 1116 233
18 1116 95
18 1116 289
16 1118
17 1118 1
9 1118 1119
10 1118 10
18 1118 341
18 1118 191
18 1118 289
18 1118 130
16 1120
17 1120 1
9 1120 1121
10 1120 10
18 1120 146
18 1120 327
19 1120 199
16 1122
17 1122 1
9 1122 1123
10 1122 10
18 1122 225
18 1122 95
18 1122 13
18 1122 94
16 1124
17 1124 1
9 1124 1125
10 1124 10
18 1124 48
18 1124 216
18 1124 22
16 1126
17 1126 1
9 1126 1127
10 1126 10
18 1126 208
18 1126 66
18 1126 300
18 1126 341
19 1126 215
16 1128
17 1128 1
9 1128 1129
10 1128 10
18 1128 112
18 1128 314
16 1130
17 1130 1
9 1130 1131
10 1130 10
18 1130 341
18 1130 66
19 1130 12
16 1132
17 1132 1
9 1132 1133
10 1132 10
18 1132 3
18 1132 164
18 1132 327
18 1132 31
16 1134
17 1134 1
9 1134 1135
10 1134 10
18 1134 84
18 1134 103
18 1134 239
18 1134 334
16 1136
17 1136 1
9 1136 1137
10 1136 10
18 1136 30
18 1136 3
18 1136 138
16 1138
17 1138 1
9 1138 1139
10 1138 10
18 1138 190
18 1138 270
18 1138 138
18 1138 22
16 1140
17 1140 1
9 1140 1141
10 1140 10
18 1140 190
18 1140 208
18 1140 13
16 1142
17 1142 1
9 1142 1143
10 1142 10
18 1142 154
18 1142 322
18 1142 113
18 1142 239
16 1144
17 1144 1
9 1144 1145
10 1144 10
18 1144 300
18 1144 321
16 1146
17 1146 1
9 1146 1147
10 1146 10
18 1146 191
18 1146 95
16 1148
17 1148 1
9 1148 1149
10 1148 10
18 1148 129
18 1148 207
16 1150
17 1150 1
9 1150 1151
10 1150 10
18 1150 3
18 1150 113
18 1150 233
18 1150 322
16 1152
17 1152 1
9 1152 1153
10 1152 10
18 1152 164
18 1152 39
18 1152 84
19 1152 83
16 1154
17 1154 1
9 1154 1155
10 1154 10
18 1154 321
18 1154 191
18 1154 31
18 1154 30
16 1156
17 1156 1
9 1156 1157
10 1156 10
18 1156 314
18 1156 246
16 1158
17 1158 1
9 1158 1159
10 1158 10
18 1158 253
18 1158 31
18 1158 290
18 1158 75
16 1160
17 1160 1
9 1160 1161
10 1160 10
18 1160 261
18 1160 146
18 1160 300
18 1160 271
19 1160 65
16 1162
17 1162 1
9 1162 1163
10 1162 10
18 1162 290
18 1162 280
18 1162 130
18 1162 138
16 1164
17 1164 1
9 1164 1165
10 1164 10
18 1164 246
18 1164 58
18 1164 85
16 1166
17 1166 1
9 1166 1167
10 1166 10
18 1166 3
18 1166 155
18 1166 130
18 1166 207
16 1168
17 1168 1
9 1168 1169
10 1168 10
18 1168 182
18 1168 138
18 1168 341
18 1168 270
16 1170
17 1170 1
9 1170 1171
10 1170 10
18 1170 85
18 1170 300
19 1170 137
16 1172
17 1172 1
9 1172 1173
10 1172 10
18 1172 225
18 1172 174
18 1172 94
19 1172 172
16 1174
17 1174 1
9 1174 1175
10 1174 10
18 1174 21
18 1174 299
16 1176
17 1176 1
9 1176 1177
10 1176 10
18 1176 113
18 1176 104
18 1176 321
16 1178
17 1178 1
9 1178 1179
10 1178 10
18 1178 182
18 1178 270
18 1178 154
18 1178 39
16 1180
17 1180 1
9 1180 1181
10 1180 10
18 1180 21
18 1180 190
16 1182
17 1182 1
9 1182 1183
10 1182 10
18 1182 58
18 1182 104
16 1184
17 1184 1
9 1184 1185
10 1184 10
18 1184 341
18 1184 58
18 1184 75
18 1184 173
16 1186
17 1186 1
9 1186 1187
10 1186 10
18 1186 103
18 1186 164
18 1186 216
18 1186 174
16 1188
17 1188 1
9 1188 1189
10 1188 10
18 1188 30
18 1188 239
16 1190
17 1190 1
9 1190 1191
10 1190 10
18 1190 154
18 1190 280
18 1190 164
18 1190 181
16 1192
17 1192 1
9 1192 1193
10 1192 10
18 1192 103
18 1192 129
18 1192 191
16 1194
17 1194 1
9 1194 1195
10 1194 10
18 1194 121
18 1194 306
18 1194 322
18 1194 67
16 1196
17 1196 1
9 1196 1197
10 1196 10
18 1196 321
18 1196 164
18 1196 75
16 1198
17 1198 1
9 1198 1199
10 1198 10
18 1198 112
18 1198 181
19 1198 102
16 1200
17 1200 1
9 1200 1201
10 1200 10
18 1200 173
18 1200 306
19 1200 137
16 1202
17 1202 1
9 1202 1203
10 1202 10
18 1202 174
18 1202 13
19 1202 288
16 1204
17 1204 1
9 1204 1205
10 1204 10
18 1204 146
18 1204 200
18 1204 322
18 1204 164
16 1206
17 1206 1
9 1206 1207
10 1206 10
18 1206 39
18 1206 300
16 1208
17 1208 1
9 1208 1209
10 1208 10
18 1208 84
18 1208 217
18 1208 181
19 1208 206
16 1210
17 1210 1
9 1210 1211
10 1210 10
18 1210 233
18 1210 113
16 1212
17 1212 1
9 1212 1213
10 1212 10
18 1212 104
18 1212 191
18 1212 3
18 1212 21
16 1214
17 1214 1
9 1214 1215
10 1214 10
18 1214 341
18 1214 321
18 1214 280
18 1214 39
16 1216
17 1216 1
9 1216 1217
10 1216 10
18 1216 85
18 1216 95
19 1216 2
16 1218
17 1218 1
9 1218 1219
10 1218 10
18 1218 155
18 1218 327
18 1218 164
16 1220
17 1220 1
9 1220 1221
10 1220 10
18 1220 261
18 1220 113
18 1220 289
19 1220 145
16 1222
17 1222 1
9 1222 1223
10 1222 10
18 1222 112
18 1222 314
16 1224
17 1224 1
9 1224 1225
10 1224 10
18 1224 253
18 1224 58
16 1226
17 1226 1
9 1226 1227
10 1226 10
18 1226 94
18 1226 289
18 1226 279
18 1226 173
16 1228
17 1228 1
9 1228 1229
10 1228 10
18 1228 246
18 1228 300
19 1228 74
16 1230
17 1230 1
9 1230 1231
10 1230 10
18 1230 191
18 1230 67
19 1230 163
16 1232
17 1232 1
9 1232 1233
10 1232 10
18 1232 66
18 1232 58
18 1232 327
18 1232 31
19 1232 163
16 1234
17 1234 1
9 1234 1235
10 1234 10
18 1234 84
18 1234 271
18 1234 138
18 1234 121
16 1236
17 1236 1
9 1236 1237
10 1236 10
18 1236 155
18 1236 217
19 1236 38
16 1238
17 1238 1
9 1238 1239
10 1238 10
18 1238 327
18 1238 280
16 1240
17 1240 1
9 1240 1241
10 1240 10
18 1240 334
18 1240 121
18 1240 30
18 1240 22
19 1240 56
16 1242
17 1242 1
9 1242 1243
10 1242 10
18 1242 299
18 1242 322
18 1242 112
18 1242 146
19 1242 128
16 1244
17 1244 1
9 1244 1245
10 1244 10
18 1244 94
18 1244 200
18 1244 113
18 1244 289
16 1246
17 1246 1
9 1246 1247
10 1246 10
18 1246 3
18 1246 322
18 1246 191
16 1248
17 1248 1
9 1248 1249
10 1248 10
18 1248 233
18 1248 57
18 1248 113
18 1248 164
19 1248 93
16 1250
17 1250 1
9 1250 1251
10 1250 10
18 1250 58
18 1250 13
18 1250 225
16 1252
17 1252 1
9 1252 1253
10 1252 10
18 1252 299
18 1252 31
18 1252 84
18 1252 270
19 1252 215
16 1254
17 1254 1
9 1254 1255
10 1254 10
18 1254 85
18 1254 306
18 1254 154
16 1256
17 1256 1
9 1256 1257
10 1256 10
18 1256 121
18 1256 174
18 1256 239
18 1256 279
16 1258
17 1258 1
9 1258 1259
10 1258 10
18 1258 174
18 1258 216
18 1258 208
18 1258 182
19 1258 189
16 1260
17 1260 1
9 1260 1261
10 1260 10
18 1260 208
18 1260 3
18 1260 314
18 1260 327
16 1262
17 1262 1
9 1262 1263
10 1262 10
18 1262 300
18 1262 103
18 1262 341
16 1264
17 1264 1
9 1264 1265
10 1264 10
18 1264 322
18 1264 327
16 1266
17 1266 1
9 1266 1267
10 1266 10
18 1266 104
18 1266 138
18 1266 239
16 1268
17 1268 1
9 1268 1269
10 1268 10
18 1268 31
18 1268 103
18 1268 253
18 1268 154
16 1270
17 1270 1
9 1270 1271
10 1270 10
18 1270 173
18 1270 155
18 1270 129
18 1270 164
16 1272
17 1272 1
9 1272 1273
10 1272 10
18 1272 94
18 1272 261
16 1274
17 1274 1
9 1274 1275
10 1274 10
18 1274 334
18 1274 173
16 1276
17 1276 1
9 1276 1277
10 1276 10
18 1276 146
18 1276 75
18 1276 94
18 1276 314
16 1278
17 1278 1
9 1278 1279
10 1278 10
18 1278 75
18 1278 103
18 1278 67
19 1278 83
16 1280
17 1280 1
9 1280 1281
10 1280 10
18 1280 75
18 1280 173
18 1280 174
16 1282
17 1282 1
9 1282 1283
10 1282 10
18 1282 334
18 1282 164
18 1282 233
18 1282 112
16 1284
17 1284 1
9 1284 1285
10 1284 10
18 1284 322
18 1284 314
18 1284 58
18 1284 280
16 1286
17 1286 1
9 1286 1287
10 1286 10
18 1286 290
18 1286 30
16 1288
17 1288 1
9 1288 1289
10 1288 10
18 1288 334
18 1288 94
18 1288 190
16 1290
17 1290 1
9 1290 1291
10 1290 10
18 1290 216
18 1290 84
18 1290 225
18 1290 57
19 1290 12
16 1292
17 1292 1
9 1292 1293
10 1292 10
18 1292 289
18 1292 233
18 1292 290
16 1294
17 1294 1
9 1294 1295
10 1294 10
18 1294 261
18 1294 239
16 1296
17 1296 1
9 1296 1297
10 1296 10
18 1296 75
18 1296 207
18 1296 327
16 1298
17 1298 1
9 1298 1299
10 1298 10
18 1298 216
18 1298 21
18 1298 164
16 1300
17 1300 1
9 1300 1301
10 1300 10
18 1300 306
18 1300 104
16 1302
17 1302 1
9 1302 1303
10 1302 10
18 1302 3
18 1302 300
18 1302 164
18 1302 75
16 1304
17 1304 1
9 1304 1305
10 1304 10
18 1304 290
18 1304 30
18 1304 327
18 1304 246
16 1306
17 1306 1
9 1306 1307
10 1306 10
18 1306 130
18 1306 155
16 1308
17 1308 1
9 1308 1309
10 1308 10
18 1308 30
18 1308 154
16 1310
17 1310 1
9 1310 1311
10 1310 10
18 1310 289
18 1310 182
19 1310 172
16 1312
17 1312 1
9 1312 1313
10 1312 10
18 1312 217
18 1312 261
16 1314
17 1314 1
9 1314 1315
10 1314 10
18 1314 103
18 1314 95
18 1314 154
16 1316
17 1316 1
9 1316 1317
10 1316 10
18 1316 58
18 1316 13
18 1316 314
18 1316 289
19 1316 120
16 1318
17 1318 1
9 1318 1319
10 1318 10
18 1318 321
18 1318 103
16 1320
17 1320 1
9 1320 1321
10 1320 10
18 1320 271
18 1320 253
16 1322
17 1322 1
9 1322 1323
10 1322 10
18 1322 173
18 1322 233
16 1324
17 1324 1
9 1324 1325
10 1324 10
18 1324 173
18 1324 155
16 1326
17 1326 1
9 1326 1327
10 1326 10
18 1326 271
18 1326 94
18 1326 113
16 1328
17 1328 1
9 1328 1329
10 1328 10
18 1328 271
18 1328 155
16 1330
17 1330 1
9 1330 1331
10 1330 10
18 1330 30
18 1330 174
18 1330 75
18 1330 191
16 1332
17 1332 1
9 1332 1333
10 1332 10
18 1332 191
18 1332 207
16 1334
17 1334 1
9 1334 1335
10 1334 10
18 1334 84
18 1334 164
18 1334 48
16 1336
17 1336 1
9 1336 1337
10 1336 10
18 1336 334
18 1336 225
18 1336 322
16 1338
17 1338 1
9 1338 1339
10 1338 10
18 1338 280
18 1338 200
18 1338 95
16 1340
17 1340 1
9 1340 1341
10 1340 10
18 1340 138
18 1340 270
18 1340 190
16 1342
17 1342 1
9 1342 1343
10 1342 10
18 1342 191
18 1342 253
18 1342 48
16 1344
17 1344 1
9 1344 1345
10 1344 10
18 1344 174
18 1344 95
16 1346
17 1346 1
9 1346 1347
10 1346 10
18 1346 289
18 1346 306
18 1346 58
16 1348
17 1348 1
9 1348 1349
10 1348 10
18 1348 207
18 1348 67
18 1348 3
18 1348 327
16 1350
17 1350 1
9 1350 1351
10 1350 10
18 1350 112
18 1350 322
18 1350 22
18 1350 85
16 1352
17 1352 1
9 1352 1353
10 1352 10
18 1352 253
18 1352 217
18 1352 66
18 1352 39
16 1354
17 1354 1
9 1354 1355
10 1354 10
18 1354 314
18 1354 13
16 1356
17 1356 1
9 1356 1357
10 1356 10
18 1356 130
18 1356 95
19 1356 163
16 1358
17 1358 1
9 1358 1359
10 1358 10
18 1358 84
18 1358 208
16 1360
17 1360 1
9 1360 1361
10 1360 10
18 1360 13
18 1360 138
19 1360 83
16 1362
17 1362 1
9 1362 1363
10 1362 10
18 1362 217
18 1362 190
18 1362 30
16 1364
17 1364 1
9 1364 1365
10 1364 10
18 1364 112
18 1364 30
18 1364 207
18 1364 48
16 1366
17 1366 1
9 1366 1367
10 1366 10
18 1366 13
18 1366 190
16 1368
17 1368 1
9 1368 1369
10 1368 10
18 1368 300
18 1368 279
19 1368 206
16 1370
17 1370 1
9 1370 1371
10 1370 10
18 1370 121
18 1370 208
18 1370 173
16 1372
17 1372 1
9 1372 1373
10 1372 10
18 1372 121
18 1372 321
18 1372 322
16 1374
17 1374 1
9 1374 1375
10 1374 10
18 1374 208
18 1374 314
18 1374 66
16 1376
17 1376 1
9 1376 1377
10 1376 10
18 1376 154
18 1376 129
16 1378
17 1378 1
9 1378 1379
10 1378 10
18 1378 217
18 1378 112
16 1380
17 1380 1
9 1380 1381
10 1380 10
18 1380 85
18 1380 173
16 1382
17 1382 1
9 1382 1383
10 1382 10
18 1382 279
18 1382 334
18 1382 200
16 1384
17 1384 1
9 1384 1385
10 1384 10
18 1384 95
18 1384 22
16 1386
17 1386 1
9 1386 1387
10 1386 10
18 1386 75
18 1386 191
19 1386 278
16 1388
17 1388 1
9 1388 1389
10 1388 10
18 1388 112
18 1388 239
18 1388 66
18 1388 341
16 1390
17 1390 1
9 1390 1391
10 1390 10
18 1390 246
18 1390 21
19 1390 145
16 1392
17 1392 1
9 1392 1393
10 1392 10
18 1392 31
18 1392 75
18 1392 300
18 1392 58
16 1394
17 1394 1
9 1394 1395
10 1394 10
18 1394 182
18 1394 300
18 1394 174
18 1394 306
16 1396
17 1396 1
9 1396 1397
10 1396 10
18 1396 66
18 1396 58
18 1396 84
16 1398
17 1398 1
9 1398 1399
10 1398 10
18 1398 146
18 1398 104
18 1398 191
16 1400
17 1400 1
9 1400 1401
10 1400 10
18 1400 164
18 1400 314
16 1402
17 1402 1
9 1402 1403
10 1402 10
18 1402 181
18 1402 85
16 1404
17 1404 1
9 1404 1405
10 1404 10
18 1404 138
18 1404 31
16 1406
17 1406 1
9 1406 1407
10 1406 10
18 1406 95
18 1406 85
18 1406 22
16 1408
17 1408 1
9 1408 1409
10 1408 10
18 1408 299
18 1408 327
18 1408 306
20 1410
17 1410 1
9 1410 1411
10 1410 10
18 1410 87
18 1410 335
18 1410 272
5 1410 53
19 1410 238
20 1412
17 1412 1
9 1412 1413
10 1412 10
18 1412 184
18 1412 336
18 1412 192
5 1412 1414
19 1412 215
20 1415
17 1415 1
9 1415 1416
10 1415 10
18 1415 131
18 1415 262
5 1415 1417
19 1415 83
20 1418
17 1418 1
9 1418 1419
10 1418 10
18 1418 115
18 1418 219
5 1418 1420
19 1418 199
20 1421
17 1421 1
9 1421 1422
10 1421 10
18 1421 307
18 1421 76
5 1421 89
19 1421 145
20 1423
17 1423 1
9 1423 1424
10 1423 10
18 1423 77
5 1423 1425
19 1423 38
20 1426
17 1426 1
9 1426 1427
10 1426 10
18 1426 165
18 1426 87
18 1426 255
5 1426 293
19 1426 29
20 1428
17 1428 1
9 1428 1429
10 1428 10
18 1428 165
5 1428 1430
19 1428 65
20 1431
17 1431 1
9 1431 1432
10 1431 10
18 1431 301
18 1431 192
18 1431 68
5 1431 1433
19 1431 74
20 1434
17 1434 1
9 1434 1435
10 1434 10
18 1434 175
18 1434 114
5 1434 1436
19 1434 206
20 1437
17 1437 1
9 1437 1438
10 1437 10
18 1437 263
18 1437 23
5 1437 1439
19 1437 232
20 1440
17 1440 1
9 1440 1441
10 1440 10
18 1440 32
5 1440 1442
19 1440 47
20 1443
17 1443 1
9 1443 1444
10 1443 10
18 1443 32
18 1443 291
5 1443 124
19 1443 260
20 1445
17 1445 1
9 1445 1446
10 1445 10
18 1445 115
5 1445 1447
19 1445 189
20 1448
17 1448 1
9 1448 1449
10 1448 10
18 1448 209
18 1448 165
5 1448 1450
19 1448 224
20 1451
17 1451 1
9 1451 1452
10 1451 10
18 1451 292
18 1451 147
18 1451 165
5 1451 1453
19 1451 232
20 1454
17 1454 1
9 1454 1455
10 1454 10
18 1454 291
18 1454 183
5 1454 1456
19 1454 215
20 1457
17 1457 1
9 1457 1458
10 1457 10
18 1457 219
5 1457 1459
19 1457 74
20 1460
17 1460 1
9 1460 1461
10 1460 10
18 1460 32
5 1460 1462
19 1460 189
20 1463
17 1463 1
9 1463 1464
10 1463 10
18 1463 328
18 1463 50
5 1463 1465
19 1463 199
20 1466
17 1466 1
9 1466 1467
10 1466 10
18 1466 263
5 1466 34
19 1466 232
20 1468
17 1468 1
9 1468 1469
10 1468 10
18 1468 335
18 1468 166
5 1468 1470
19 1468 65
20 1471
17 1471 1
9 1471 1472
10 1471 10
18 1471 87
18 1471 323
5 1471 1473
19 1471 288
20 1474
17 1474 1
9 1474 1475
10 1474 10
18 1474 131
18 1474 234
5 1474 1476
19 1474 65
20 1477
17 1477 1
9 1477 1478
10 1477 10
18 1477 147
18 1477 219
5 1477 1479
19 1477 224
20 1480
17 1480 1
9 1480 1481
10 1480 10
18 1480 165
18 1480 292
5 1480 1482
19 1480 47
20 1483
17 1483 1
9 1483 1484
10 1483 10
18 1483 50
5 1483 1485
19 1483 252
20 1486
17 1486 1
9 1486 1487
10 1486 10
18 1486 335
5 1486 1488
19 1486 65
20 1489
17 1489 1
9 1489 1490
10 1489 10
18 1489 14
18 1489 329
18 1489 308
5 1489 1491
19 1489 153
20 1492
17 1492 1
9 1492 1493
10 1492 10
18 1492 96
18 1492 105
5 1492 1494
19 1492 102
20 1495
17 1495 1
9 1495 1496
10 1495 10
18 1495 97
18 1495 291
5 1495 1497
19 1495 163
20 1498
17 1498 1
9 1498 1499
10 1498 10
18 1498 328
18 1498 342
5 1498 1453
19 1498 74
20 1500
17 1500 1
9 1500 1501
10 1500 10
18 1500 14
18 1500 105
5 1500 1502
19 1500 20
20 1503
17 1503 1
9 1503 1504
10 1503 10
18 1503 308
18 1503 209
18 1503 97
5 1503 1505
19 1503 206
20 1506
17 1506 1
9 1506 1507
10 1506 10
18 1506 97
18 1506 184
18 1506 329
5 1506 1508
19 1506 238
20 1509
17 1509 1
9 1509 1510
10 1509 10
18 1509 254
5 1509 227
19 1509 189
20 1511
17 1511 1
9 1511 1512
10 1511 10
18 1511 50
5 1511 1513
19 1511 111
20 1514
17 1514 1
9 1514 1515
10 1514 10
18 1514 114
18 1514 210
5 1514 344
19 1514 20
20 1516
17 1516 1
9 1516 1517
10 1516 10
18 1516 77
18 1516 292
5 1516 1518
19 1516 189
20 1519
17 1519 1
9 1519 1520
10 1519 10
18 1519 323
18 1519 282
18 1519 272
5 1519 1462
19 1519 180
20 1521
17 1521 1
9 1521 1522
10 1521 10
18 1521 323
18 1521 105
5 1521 1523
19 1521 153
20 1524
17 1524 1
9 1524 1525
10 1524 10
18 1524 336
18 1524 33
5 1524 123
19 1524 278
20 1526
17 1526 1
9 1526 1527
10 1526 10
18 1526 342
5 1526 1528
19 1526 252
20 1529
17 1529 1
9 1529 1530
10 1529 10
18 1529 33
5 1529 1531
19 1529 137
20 1532
17 1532 1
9 1532 1533
10 1532 10
18 1532 105
18 1532 4
18 1532 254
5 1532 1534
19 1532 163
20 1535
17 1535 1
9 1535 1536
10 1535 10
18 1535 68
18 1535 114
5 1535 1537
19 1535 120
20 1538
17 1538 1
9 1538 1539
10 1538 10
18 1538 147
5 1538 1540
19 1538 206
20 1541
17 1541 1
9 1541 1542
10 1541 10
18 1541 336
18 1541 209
18 1541 175
5 1541 1543
19 1541 238
20 1544
17 1544 1
9 1544 1545
10 1544 10
18 1544 315
5 1544 1546
19 1544 2
20 1547
17 1547 1
9 1547 1548
10 1547 10
18 1547 201
5 1547 1549
19 1547 278
20 1550
17 1550 1
9 1550 1551
10 1550 10
18 1550 292
5 1550 52
19 1550 137
20 1552
17 1552 1
9 1552 1553
10 1552 10
18 1552 235
18 1552 184
5 1552 1554
19 1552 47
20 1555
17 1555 1
9 1555 1556
10 1555 10
18 1555 87
5 1555 1557
19 1555 20
20 1558
17 1558 1
9 1558 1559
10 1558 10
18 1558 235
5 1558 1560
19 1558 83
20 1561
17 1561 1
9 1561 1562
10 1561 10
18 1561 33
5 1561 1563
19 1561 245
20 1564
17 1564 1
9 1564 1565
10 1564 10
18 1564 281
5 1564 1566
19 1564 238
20 1567
17 1567 1
9 1567 1568
10 1567 10
18 1567 307
18 1567 50
18 1567 105
5 1567 1569
19 1567 65
20 1570
17 1570 1
9 1570 1571
10 1570 10
18 1570 131
5 1570 1572
19 1570 172
20 1573
17 1573 1
9 1573 1574
10 1573 10
18 1573 218
5 1573 1575
19 1573 278
20 1576
17 1576 1
9 1576 1577
10 1576 10
18 1576 291
5 1576 1578
19 1576 180
20 1579
17 1579 1
9 1579 1580
10 1579 10
18 1579 281
18 1579 210
18 1579 68
5 1579 1581
19 1579 278
20 1582
17 1582 1
9 1582 1583
10 1582 10
18 1582 262
18 1582 209
18 1582 240
5 1582 204
19 1582 65
20 1584
17 1584 1
9 1584 1585
10 1584 10
18 1584 68
18 1584 157
5 1584 1586
19 1584 56
20 1587
17 1587 1
9 1587 1588
10 1587 10
18 1587 139
5 1587 1589
19 1587 269
20 1590
17 1590 1
9 1590 1591
10 1590 10
18 1590 272
18 1590 106
18 1590 323
5 1590 1592
19 1590 137
20 1593
17 1593 1
9 1593 1594
10 1593 10
18 1593 329
18 1593 40
5 1593 1595
19 1593 232
20 1596
17 1596 1
9 1596 1597
10 1596 10
18 1596 59
5 1596 1598
19 1596 29
20 1599
17 1599 1
9 1599 1600
10 1599 10
18 1599 315
18 1599 69
5 1599 1601
19 1599 215
20 1602
17 1602 1
9 1602 1603
10 1602 10
18 1602 336
5 1602 1604
19 1602 74
20 1605
17 1605 1
9 1605 1606
10 1605 10
18 1605 33
5 1605 1607
19 1605 47
20 1608
17 1608 1
9 1608 1609
10 1608 10
18 1608 234
18 1608 131
5 1608 1610
19 1608 206
20 1611
17 1611 1
9 1611 1612
10 1611 10
18 1611 336
18 1611 23
5 1611 1613
19 1611 65
20 1614
17 1614 1
9 1614 1615
10 1614 10
18 1614 273
18 1614 40
18 1614 175
5 1614 1616
19 1614 278
20 1617
17 1617 1
9 1617 1618
10 1617 10
18 1617 336
18 1617 254
5 1617 1619
19 1617 93
20 1620
17 1620 1
9 1620 1621
10 1620 10
18 1620 157
18 1620 210
5 1620 1622
19 1620 102
20 1623
17 1623 1
9 1623 1624
10 1623 10
18 1623 291
18 1623 165
18 1623 234
5 1623 1625
19 1623 20
20 1626
17 1626 1
9 1626 1627
10 1626 10
18 1626 192
18 1626 254
18 1626 292
5 1626 1628
19 1626 252
20 1629
17 1629 1
9 1629 1630
10 1629 10
18 1629 114
5 1629 220
19 1629 145
20 1631
17 1631 1
9 1631 1632
10 1631 10
18 1631 201
18 1631 308
18 1631 131
5 1631 1633
19 1631 120
20 1634
17 1634 1
9 1634 1635
10 1634 10
18 1634 263
5 1634 1636
19 1634 137
20 1637
17 1637 1
9 1637 1638
10 1637 10
18 1637 76
18 1637 156
18 1637 282
5 1637 1639
19 1637 189
20 1640
17 1640 1
9 1640 1641
10 1640 10
18 1640 328
18 1640 156
18 1640 32
5 1640 1642
19 1640 238
20 1643
17 1643 1
9 1643 1644
10 1643 10
18 1643 291
18 1643 69
18 1643 122
5 1643 1645
19 1643 93
20 1646
17 1646 1
9 1646 1647
10 1646 10
18 1646 209
18 1646 40
5 1646 1648
19 1646 102
20 1649
17 1649 1
9 1649 1650
10 1649 10
18 1649 335
5 1649 1651
19 1649 47
20 1652
17 1652 1
9 1652 1653
10 1652 10
18 1652 328
5 1652 1654
19 1652 47
20 1655
17 1655 1
9 1655 1656
10 1655 10
18 1655 210
18 1655 308
5 1655 1657
19 1655 224
20 1658
17 1658 1
9 1658 1659
10 1658 10
18 1658 273
18 1658 234
18 1658 139
5 1658 1660
19 1658 120
20 1661
17 1661 1
9 1661 1662
10 1661 10
18 1661 147
5 1661 1663
19 1661 128
20 1664
17 1664 1
9 1664 1665
10 1664 10
18 1664 14
5 1664 1666
19 1664 278
20 1667
17 1667 1
9 1667 1668
10 1667 10
18 1667 210
18 1667 50
5 1667 1669
19 1667 111
20 1670
17 1670 1
9 1670 1671
10 1670 10
18 1670 23
18 1670 263
5 1670 1672
19 1670 56
20 1673
17 1673 1
9 1673 1674
10 1673 10
18 1673 335
18 1673 97
18 1673 263
5 1673 1560
19 1673 206
20 1675
17 1675 1
9 1675 1676
10 1675 10
18 1675 281
5 1675 1677
19 1675 111
20 1678
17 1678 1
9 1678 1679
10 1678 10
18 1678 323
18 1678 315
18 1678 234
5 1678 1680
19 1678 245
20 1681
17 1681 1
9 1681 1682
10 1681 10
18 1681 210
5 1681 1683
19 1681 172
20 1684
17 1684 1
9 1684 1685
10 1684 10
18 1684 324
18 1684 262
18 1684 234
5 1684 1683
19 1684 288
20 1686
17 1686 1
9 1686 1687
10 1686 10
18 1686 308
5 1686 1688
19 1686 232
20 1689
17 1689 1
9 1689 1690
10 1689 10
18 1689 335
5 1689 1691
19 1689 12
20 1692
17 1692 1
9 1692 1693
10 1692 10
18 1692 218
18 1692 192
18 1692 282
5 1692 1694
19 1692 260
20 1695
17 1695 1
9 1695 1696
10 1695 10
18 1695 32
5 1695 89
19 1695 111
20 1697
17 1697 1
9 1697 1698
10 1697 10
18 1697 336
18 1697 4
5 1697 1699
19 1697 65
20 1700
17 1700 1
9 1700 1701
10 1700 10
18 1700 301
5 1700 1702
19 1700 145
20 1703
17 1703 1
9 1703 1704
10 1703 10
18 1703 86
5 1703 1705
19 1703 199
20 1706
17 1706 1
9 1706 1707
10 1706 10
18 1706 49
18 1706 157
18 1706 342
5 1706 1708
19 1706 278
20 1709
17 1709 1
9 1709 1710
10 1709 10
18 1709 247
5 1709 1711
19 1709 153
20 1712
17 1712 1
9 1712 1713
10 1712 10
18 1712 96
5 1712 1714
19 1712 224
20 1715
17 1715 1
9 1715 1716
10 1715 10
18 1715 175
18 1715 106
18 1715 5
5 1715 1717
19 1715 153
20 1718
17 1718 1
9 1718 1719
10 1718 10
18 1718 115
5 1718 1720
19 1718 145
20 1721
17 1721 1
9 1721 1722
10 1721 10
18 1721 336
5 1721 1723
19 1721 172
20 1724
17 1724 1
9 1724 1725
10 1724 10
18 1724 165
18 1724 139
5 1724 1726
19 1724 47
20 1727
17 1727 1
9 1727 1728
10 1727 10
18 1727 87
18 1727 97
5 1727 1729
19 1727 252
20 1730
17 1730 1
9 1730 1731
10 1730 10
18 1730 175
18 1730 201
5 1730 1732
19 1730 172
20 1733
17 1733 1
9 1733 1734
10 1733 10
18 1733 139
18 1733 263
18 1733 210
5 1733 1735
19 1733 128
20 1736
17 1736 1
9 1736 1737
10 1736 10
18 1736 49
18 1736 87
18 1736 342
5 1736 1738
19 1736 38
20 1739
17 1739 1
9 1739 1740
10 1739 10
18 1739 14
18 1739 69
5 1739 1741
19 1739 47
20 1742
17 1742 1
9 1742 1743
10 1742 10
18 1742 308
18 1742 240
5 1742 141
19 1742 215
20 1744
17 1744 1
9 1744 1745
10 1744 10
18 1744 254
18 1744 5
5 1744 1746
19 1744 145
20 1747
17 1747 1
9 1747 1748
10 1747 10
18 1747 292
18 1747 235
18 1747 209
5 1747 1749
19 1747 260
20 1750
17 1750 1
9 1750 1751
10 1750 10
18 1750 254
5 1750 1752
19 1750 245
20 1753
17 1753 1
9 1753 1754
10 1753 10
18 1753 329
5 1753 1755
19 1753 245
20 1756
17 1756 1
9 1756 1757
10 1756 10
18 1756 106
5 1756 1758
19 1756 20
20 1759
17 1759 1
9 1759 1760
10 1759 10
18 1759 23
5 1759 1761
19 1759 20
20 1762
17 1762 1
9 1762 1763
10 1762 10
18 1762 68
18 1762 335
5 1762 303
19 1762 224
20 1764
17 1764 1
9 1764 1765
10 1764 10
18 1764 342
18 1764 76
18 1764 4
5 1764 1766
19 1764 224
20 1767
17 1767 1
9 1767 1768
10 1767 10
18 1767 308
18 1767 175
5 1767 1769
19 1767 163
20 1770
17 1770 1
9 1770 1771
10 1770 10
18 1770 219
18 1770 315
18 1770 77
5 1770 1772
19 1770 74
20 1773
17 1773 1
9 1773 1774
10 1773 10
18 1773 183
5 1773 1775
19 1773 172
20 1776
17 1776 1
9 1776 1777
10 1776 10
18 1776 235
18 1776 147
18 1776 291
5 1776 1778
19 1776 245
20 1779
17 1779 1
9 1779 1780
10 1779 10
18 1779 219
18 1779 336
18 1779 291
5 1779 1781
19 1779 153
20 1782
17 1782 1
9 1782 1783
10 1782 10
18 1782 23
5 1782 1784
19 1782 12
20 1785
17 1785 1
9 1785 1786
10 1785 10
18 1785 193
18 1785 240
5 1785 1787
19 1785 260
20 1788
17 1788 1
9 1788 1789
10 1788 10
18 1788 209
5 1788 1790
19 1788 38
20 1791
17 1791 1
9 1791 1792
10 1791 10
18 1791 114
18 1791 308
18 1791 282
5 1791 178
19 1791 288
20 1793
17 1793 1
9 1793 1794
10 1793 10
18 1793 235
18 1793 97
18 1793 307
5 1793 1795
19 1793 172
20 1796
17 1796 1
9 1796 1797
10 1796 10
18 1796 68
18 1796 40
18 1796 50
5 1796 1798
19 1796 238
20 1799
17 1799 1
9 1799 1800
10 1799 10
18 1799 292
5 1799 1801
19 1799 215
20 1802
17 1802 1
9 1802 1803
10 1802 10
18 1802 247
18 1802 40
5 1802 1702
19 1802 238
20 1804
17 1804 1
9 1804 1805
10 1804 10
18 1804 335
18 1804 281
18 1804 86
5 1804 1806
19 1804 74
20 1807
17 1807 1
9 1807 1808
10 1807 10
18 1807 68
5 1807 1809
19 1807 278
20 1810
17 1810 1
9 1810 1811
10 1810 10
18 1810 5
18 1810 342
5 1810 1812
19 1810 232
20 1813
17 1813 1
9 1813 1814
10 1813 10
18 1813 234
18 1813 323
5 1813 236
19 1813 65
20 1815
17 1815 1
9 1815 1816
10 1815 10
18 1815 219
18 1815 335
18 1815 4
5 1815 1817
19 1815 172
20 1818
17 1818 1
9 1818 1819
10 1818 10
18 1818 282
18 1818 262
18 1818 131
5 1818 1820
19 1818 278
20 1821
17 1821 1
9 1821 1822
10 1821 10
18 1821 68
18 1821 115
5 1821 60
19 1821 232
20 1823
17 1823 1
9 1823 1824
10 1823 10
18 1823 156
18 1823 33
18 1823 23
5 1823 1473
19 1823 269
21 1825
2 1825 1
21 1826
2 1826 1
21 1827
2 1827 1
21 1828
2 1828 1
21 1829
2 1829 1
21 1830
2 1830 1
21 1831
2 1831 1
21 1832
2 1832 1
21 1833
2 1833 1
21 1834
2 1834 1
22 1835
23 1835 2
23 1835 1582
22 1836
23 1836 2
22 1837
23 1837 2
22 1838
23 1838 2
23 1838 1415
23 1838 1724
22 1839
23 1839 2
23 1839 1415
23 1839 1788
22 1840
23 1840 2
23 1840 1764
22 1841
23 1841 2
22 1842
23 1842 2
23 1842 1532
22 1843
23 1843 2
23 1843 1802
22 1844
23 1844 2
22 1845
23 1845 2
23 1845 1807
22 1846
23 1846 2
22 1847
23 1847 2
23 1847 1466
22 1848
23 1848 2
23 1848 1564
23 1848 1658
22 1849
23 1849 2
23 1849 1410
22 1850
23 1850 2
23 1850 1799
22 1851
23 1851 12
22 1852
23 1852 12
22 1853
23 1853 12
23 1853 1483
22 1854
23 1854 12
23 1854 1727
23 1854 1788
22 1855
23 1855 12
22 1856
23 1856 12
22 1857
23 1857 12
22 1858
23 1858 12
22 1859
23 1859 12
22 1860
23 1860 12
23 1860 1541
23 1860 1721
22 1861
23 1861 12
23 1861 1514
22 1862
23 1862 12
22 1863
23 1863 12
23 1863 1744
22 1864
23 1864 12
22 1865
23 1865 12
22 1866
23 1866 12
23 1866 1570
22 1867
23 1867 12
22 1868
23 1868 12
23 1868 1477
23 1868 1655
22 1869
23 1869 12
23 1869 1423
23 1869 1437
22 1870
23 1870 12
23 1870 1466
23 1870 1544
22 1871
23 1871 20
22 1872
23 1872 20
22 1873
23 1873 20
23 1873 1646
23 1873 1821
22 1874
23 1874 20
22 1875
23 1875 20
23 1875 1776
22 1876
23 1876 20
22 1877
23 1877 20
22 1878
23 1878 20
22 1879
23 1879 20
23 1879 1813
22 1880
23 1880 20
22 1881
23 1881 20
23 1881 1576
23 1881 1652
22 1882
23 1882 20
23 1882 1564
22 1883
23 1883 20
23 1883 1445
22 1884
23 1884 20
23 1884 1410
23 1884 1440
23 1884 1495
23 1884 1813
22 1885
23 1885 20
23 1885 1579
22 1886
23 1886 20
23 1886 1516
22 1887
23 1887 20
22 1888
23 1888 20
23 1888 1802
22 1889
23 1889 29
23 1889 1443
22 1890
23 1890 29
23 1890 1744
22 1891
23 1891 29
23 1891 1451
23 1891 1739
23 1891 1750
22 1892
23 1892 29
22 1893
23 1893 29
23 1893 1547
23 1893 1555
23 1893 1626
23 1893 1684
22 1894
23 1894 29
23 1894 1813
22 1895
23 1895 29
22 1896
23 1896 29
23 1896 1684
22 1897
23 1897 29
23 1897 1503
22 1898
23 1898 29
23 1898 1503
22 1899
23 1899 29
23 1899 1770
22 1900
23 1900 29
22 1901
23 1901 29
23 1901 1468
23 1901 1620
23 1901 1629
23 1901 1706
22 1902
23 1902 29
22 1903
23 1903 29
23 1903 1782
22 1904
23 1904 29
23 1904 1495
22 1905
23 1905 38
23 1905 1468
22 1906
23 1906 38
23 1906 1526
22 1907
23 1907 38
23 1907 1605
23 1907 1785
22 1908
23 1908 38
23 1908 1506
22 1909
23 1909 38
23 1909 1437
22 1910
23 1910 38
22 1911
23 1911 38
23 1911 1576
22 1912
23 1912 38
22 1913
23 1913 38
23 1913 1818
22 1914
23 1914 38
23 1914 1498
23 1914 1500
22 1915
23 1915 38
23 1915 1495
22 1916
23 1916 38
23 1916 1782
22 1917
23 1917 38
22 1918
23 1918 38
22 1919
23 1919 38
22 1920
23 1920 38
23 1920 1567
22 1921
23 1921 38
22 1922
23 1922 38
23 1922 1415
23 1922 1468
23 1922 1555
22 1923
23 1923 38
23 1923 1538
23 1923 1584
22 1924
23 1924 38
22 1925
23 1925 47
22 1926
23 1926 47
23 1926 1776
22 1927
23 1927 47
23 1927 1492
23 1927 1652
22 1928
23 1928 47
23 1928 1423
22 1929
23 1929 47
22 1930
23 1930 47
22 1931
23 1931 47
22 1932
23 1932 47
23 1932 1764
23 1932 1799
22 1933
23 1933 47
23 1933 1652
22 1934
23 1934 47
23 1934 1686
22 1935
23 1935 47
23 1935 1526
23 1935 1596
23 1935 1681
22 1936
23 1936 47
22 1937
23 1937 47
23 1937 1599
22 1938
23 1938 47
22 1939
23 1939 47
23 1939 1561
22 1940
23 1940 47
22 1941
23 1941 47
22 1942
23 1942 56
23 1942 1756
22 1943
23 1943 56
22 1944
23 1944 56
23 1944 1629
22 1945
23 1945 56
23 1945 1739
22 1946
23 1946 56
23 1946 1587
22 1947
23 1947 56
22 1948
23 1948 56
23 1948 1567
22 1949
23 1949 56
23 1949 1664
23 1949 1675
22 1950
23 1950 56
23 1950 1541
23 1950 1552
23 1950 1570
23 1950 1590
22 1951
23 1951 56
22 1952
23 1952 56
23 1952 1675
22 1953
23 1953 56
22 1954
23 1954 56
23 1954 1532
23 1954 1593
23 1954 1664
22 1955
23 1955 56
22 1956
23 1956 56
23 1956 1431
23 1956 1576
22 1957
23 1957 56
23 1957 1700
22 1958
23 1958 65
22 1959
23 1959 65
23 1959 1582
22 1960
23 1960 65
23 1960 1561
22 1961
23 1961 65
22 1962
23 1962 65
22 1963
23 1963 65
22 1964
23 1964 65
23 1964 1736
22 1965
23 1965 65
23 1965 1652
22 1966
23 1966 65
22 1967
23 1967 65
22 1968
23 1968 65
23 1968 1567
23 1968 1821
22 1969
23 1969 65
22 1970
23 1970 65
22 1971
23 1971 65
22 1972
23 1972 65
22 1973
23 1973 65
22 1974
23 1974 65
22 1975
23 1975 65
22 1976
23 1976 65
23 1976 1629
22 1977
23 1977 74
22 1978
23 1978 74
23 1978 1564
23 1978 1614
23 1978 1750
22 1979
23 1979 74
22 1980
23 1980 74
23 1980 1599
22 1981
23 1981 74
22 1982
23 1982 74
22 1983
23 1983 74
22 1984
23 1984 74
22 1985
23 1985 74
23 1985 1678
22 1986
23 1986 74
22 1987
23 1987 74
23 1987 1526
22 1988
23 1988 74
23 1988 1608
22 1989
23 1989 74
23 1989 1821
22 1990
23 1990 74
23 1990 1614
23 1990 1629
23 1990 1733
22 1991
23 1991 74
22 1992
23 1992 74
23 1992 1703
22 1993
23 1993 74
22 1994
23 1994 74
22 1995
23 1995 83
22 1996
23 1996 83
22 1997
23 1997 83
22 1998
23 1998 83
22 1999
23 1999 83
22 2000
23 2000 83
22 2001
23 2001 83
23 2001 1529
23 2001 1739
22 2002
23 2002 83
22 2003
23 2003 83
23 2003 1791
22 2004
23 2004 83
23 2004 1454
22 2005
23 2005 83
23 2005 1483
23 2005 1587
22 2006
23 2006 83
22 2007
23 2007 83
23 2007 1550
23 2007 1605
23 2007 1793
22 2008
23 2008 83
23 2008 1773
22 2009
23 2009 83
23 2009 1451
22 2010
23 2010 83
22 2011
23 2011 83
22 2012
23 2012 83
22 2013
23 2013 83
23 2013 1412
23 2013 1547
22 2014
23 2014 93
23 2014 1529
23 2014 1686
22 2015
23 2015 93
23 2015 1611
22 2016
23 2016 93
23 2016 1457
22 2017
23 2017 93
22 2018
23 2018 93
23 2018 1718
22 2019
23 2019 93
22 2020
23 2020 93
23 2020 1511
22 2021
23 2021 93
22 2022
23 2022 93
22 2023
23 2023 93
22 2024
23 2024 93
23 2024 1614
23 2024 1686
22 2025
23 2025 102
22 2026
23 2026 102
22 2027
23 2027 102
22 2028
23 2028 102
22 2029
23 2029 102
22 2030
23 2030 102
22 2031
23 2031 102
23 2031 1555
22 2032
23 2032 102
23 2032 1599
23 2032 1815
22 2033
23 2033 102
23 2033 1410
22 2034
23 2034 102
23 2034 1670
23 2034 1727
22 2035
23 2035 102
23 2035 1445
22 2036
23 2036 111
23 2036 1733
22 2037
23 2037 111
23 2037 1590
22 2038
23 2038 111
22 2039
23 2039 111
22 2040
23 2040 111
23 2040 1418
22 2041
23 2041 111
22 2042
23 2042 111
23 2042 1764
22 2043
23 2043 111
23 2043 1558
22 2044
23 2044 111
23 2044 1608
22 2045
23 2045 111
22 2046
23 2046 111
22 2047
23 2047 111
22 2048
23 2048 111
23 2048 1500
22 2049
23 2049 111
23 2049 1538
23 2049 1718
22 2050
23 2050 111
23 2050 1558
22 2051
23 2051 111
22 2052
23 2052 111
22 2053
23 2053 120
23 2053 1614
23 2053 1813
23 2053 1815
22 2054
23 2054 120
22 2055
23 2055 120
22 2056
23 2056 120
22 2057
23 2057 120
22 2058
23 2058 120
22 2059
23 2059 120
23 2059 1434
23 2059 1678
22 2060
23 2060 120
23 2060 1437
22 2061
23 2061 120
22 2062
23 2062 120
22 2063
23 2063 120
23 2063 1602
23 2063 1770
22 2064
23 2064 120
22 2065
23 2065 120
23 2065 1727
22 2066
23 2066 120
22 2067
23 2067 120
23 2067 1570
22 2068
23 2068 128
23 2068 1582
22 2069
23 2069 128
23 2069 1646
22 2070
23 2070 128
23 2070 1605
23 2070 1736
23 2070 1742
23 2070 1785
22 2071
23 2071 128
22 2072
23 2072 128
23 2072 1590
22 2073
23 2073 128
23 2073 1495
23 2073 1500
23 2073 1532
22 2074
23 2074 128
22 2075
23 2075 128
23 2075 1788
23 2075 1791
22 2076
23 2076 128
23 2076 1451
22 2077
23 2077 128
23 2077 1509
22 2078
23 2078 128
23 2078 1815
22 2079
23 2079 128
23 2079 1431
22 2080
23 2080 137
23 2080 1466
23 2080 1524
22 2081
23 2081 137
22 2082
23 2082 137
23 2082 1564
22 2083
23 2083 137
22 2084
23 2084 137
22 2085
23 2085 137
23 2085 1443
22 2086
23 2086 137
23 2086 1415
22 2087
23 2087 137
23 2087 1410
23 2087 1599
23 2087 1602
23 2087 1706
22 2088
23 2088 137
23 2088 1415
23 2088 1684
22 2089
23 2089 137
22 2090
23 2090 145
22 2091
23 2091 145
22 2092
23 2092 145
22 2093
23 2093 145
23 2093 1412
23 2093 1509
22 2094
23 2094 145
23 2094 1724
22 2095
23 2095 145
22 2096
23 2096 145
23 2096 1486
23 2096 1570
22 2097
23 2097 145
23 2097 1550
22 2098
23 2098 145
22 2099
23 2099 145
22 2100
23 2100 145
23 2100 1686
23 2100 1799
22 2101
23 2101 145
23 2101 1514
23 2101 1736
22 2102
23 2102 145
23 2102 1791
23 2102 1804
22 2103
23 2103 145
22 2104
23 2104 153
23 2104 1681
22 2105
23 2105 153
22 2106
23 2106 153
23 2106 1785
22 2107
23 2107 153
22 2108
23 2108 153
23 2108 1474
23 2108 1727
23 2108 1756
22 2109
23 2109 153
23 2109 1747
22 2110
23 2110 153
23 2110 1759
22 2111
23 2111 153
23 2111 1514
22 2112
23 2112 153
22 2113
23 2113 153
22 2114
23 2114 153
23 2114 1451
23 2114 1564
23 2114 1804
22 2115
23 2115 153
23 2115 1807
22 2116
23 2116 153
23 2116 1412
22 2117
23 2117 153
22 2118
23 2118 153
22 2119
23 2119 163
23 2119 1744
22 2120
23 2120 163
23 2120 1466
22 2121
23 2121 163
23 2121 1576
23 2121 1675
22 2122
23 2122 163
23 2122 1611
22 2123
23 2123 163
23 2123 1821
22 2124
23 2124 163
22 2125
23 2125 163
23 2125 1524
22 2126
23 2126 163
22 2127
23 2127 163
22 2128
23 2128 163
22 2129
23 2129 163
23 2129 1550
22 2130
23 2130 163
22 2131
23 2131 163
23 2131 1637
22 2132
23 2132 163
23 2132 1655
22 2133
23 2133 163
22 2134
23 2134 172
23 2134 1558
23 2134 1593
22 2135
23 2135 172
22 2136
23 2136 172
22 2137
23 2137 172
22 2138
23 2138 172
23 2138 1655
22 2139
23 2139 172
23 2139 1821
22 2140
23 2140 172
23 2140 1503
22 2141
23 2141 172
23 2141 1426
23 2141 1506
23 2141 1776
22 2142
23 2142 172
23 2142 1733
22 2143
23 2143 172
23 2143 1412
23 2143 1440
22 2144
23 2144 172
22 2145
23 2145 172
22 2146
23 2146 172
23 2146 1634
23 2146 1793
22 2147
23 2147 172
22 2148
23 2148 172
23 2148 1796
22 2149
23 2149 172
22 2150
23 2150 180
23 2150 1605
23 2150 1807
22 2151
23 2151 180
22 2152
23 2152 180
23 2152 1733
22 2153
23 2153 180
22 2154
23 2154 180
23 2154 1445
23 2154 1706
22 2155
23 2155 180
23 2155 1538
22 2156
23 2156 180
23 2156 1596
22 2157
23 2157 180
23 2157 1535
23 2157 1724
22 2158
23 2158 180
22 2159
23 2159 180
23 2159 1770
22 2160
23 2160 180
22 2161
23 2161 180
23 2161 1770
22 2162
23 2162 180
23 2162 1471
23 2162 1634
22 2163
23 2163 180
22 2164
23 2164 180
22 2165
23 2165 189
22 2166
23 2166 189
22 2167
23 2167 189
23 2167 1500
23 2167 1788
23 2167 1799
22 2168
23 2168 189
22 2169
23 2169 189
22 2170
23 2170 189
23 2170 1428
23 2170 1602
23 2170 1684
22 2171
23 2171 189
23 2171 1526
23 2171 1706
22 2172
23 2172 189
23 2172 1736
23 2172 1739
22 2173
23 2173 189
23 2173 1519
23 2173 1631
22 2174
23 2174 189
23 2174 1538
22 2175
23 2175 189
23 2175 1791
22 2176
23 2176 189
22 2177
23 2177 199
22 2178
23 2178 199
22 2179
23 2179 199
23 2179 1495
23 2179 1532
23 2179 1605
22 2180
23 2180 199
22 2181
23 2181 199
23 2181 1744
22 2182
23 2182 199
23 2182 1514
22 2183
23 2183 199
22 2184
23 2184 199
22 2185
23 2185 199
23 2185 1675
22 2186
23 2186 199
22 2187
23 2187 199
22 2188
23 2188 199
23 2188 1426
23 2188 1434
23 2188 1779
22 2189
23 2189 199
23 2189 1670
22 2190
23 2190 199
22 2191
23 2191 199
23 2191 1547
22 2192
23 2192 199
23 2192 1440
22 2193
23 2193 206
22 2194
23 2194 206
22 2195
23 2195 206
23 2195 1602
22 2196
23 2196 206
23 2196 1434
23 2196 1727
22 2197
23 2197 206
23 2197 1474
22 2198
23 2198 206
23 2198 1466
22 2199
23 2199 206
22 2200
23 2200 206
22 2201
23 2201 206
23 2201 1509
22 2202
23 2202 206
22 2203
23 2203 206
22 2204
23 2204 206
22 2205
23 2205 215
23 2205 1532
23 2205 1733
22 2206
23 2206 215
22 2207
23 2207 215
23 2207 1770
22 2208
23 2208 215
23 2208 1426
23 2208 1785
22 2209
23 2209 215
23 2209 1410
22 2210
23 2210 215
22 2211
23 2211 224
23 2211 1675
22 2212
23 2212 224
22 2213
23 2213 224
23 2213 1552
22 2214
23 2214 224
23 2214 1503
22 2215
23 2215 224
22 2216
23 2216 224
22 2217
23 2217 224
23 2217 1623
22 2218
23 2218 224
23 2218 1744
22 2219
23 2219 224
22 2220
23 2220 224
22 2221
23 2221 232
22 2222
23 2222 232
23 2222 1576
23 2222 1782
22 2223
23 2223 232
23 2223 1457
23 2223 1544
22 2224
23 2224 232
23 2224 1492
23 2224 1623
22 2225
23 2225 232
22 2226
23 2226 232
23 2226 1457
22 2227
23 2227 232
22 2228
23 2228 232
23 2228 1471
22 2229
23 2229 232
23 2229 1599
22 2230
23 2230 238
22 2231
23 2231 238
22 2232
23 2232 238
23 2232 1764
22 2233
23 2233 238
23 2233 1471
22 2234
23 2234 238
22 2235
23 2235 238
22 2236
23 2236 245
23 2236 1561
22 2237
23 2237 245
23 2237 1440
23 2237 1579
22 2238
23 2238 245
23 2238 1526
22 2239
23 2239 245
22 2240
23 2240 245
22 2241
23 2241 245
23 2241 1524
22 2242
23 2242 245
22 2243
23 2243 245
22 2244
23 2244 245
22 2245
23 2245 245
23 2245 1506
22 2246
23 2246 252
22 2247
23 2247 252
23 2247 1673
22 2248
23 2248 252
23 2248 1421
22 2249
23 2249 252
23 2249 1673
23 2249 1681
22 2250
23 2250 252
23 2250 1443
22 2251
23 2251 260
22 2252
23 2252 260
23 2252 1673
23 2252 1804
22 2253
23 2253 260
22 2254
23 2254 260
22 2255
23 2255 260
22 2256
23 2256 260
22 2257
23 2257 260
22 2258
23 2258 260
23 2258 1582
23 2258 1681
22 2259
23 2259 260
23 2259 1736
22 2260
23 2260 269
23 2260 1486
23 2260 1558
22 2261
23 2261 269
22 2262
23 2262 269
22 2263
23 2263 269
23 2263 1629
22 2264
23 2264 269
23 2264 1756
23 2264 1788
22 2265
23 2265 269
22 2266
23 2266 269
22 2267
23 2267 269
22 2268
23 2268 278
23 2268 1678
22 2269
23 2269 278
23 2269 1617
23 2269 1739
22 2270
23 2270 278
22 2271
23 2271 278
23 2271 1547
22 2272
23 2272 278
22 2273
23 2273 278
22 2274
23 2274 278
22 2275
23 2275 278
23 2275 1802
22 2276
23 2276 288
23 2276 1652
22 2277
23 2277 288
22 2278
23 2278 288
23 2278 1602
23 2278 1634
22 2279
23 2279 288
23 2279 1759
22 2280
23 2280 288
23 2280 1584
22 2281
23 2281 288
22 2282
23 2282 298
22 2283
23 2283 298
22 2284
23 2284 298
23 2284 1498
22 2285
23 2285 298
23 2285 1483
22 2286
23 2286 305
23 2286 1561
22 2287
23 2287 305
23 2287 1785
23 2287 1804
22 2288
23 2288 305
23 2288 1524
22 2289
23 2289 305
23 2289 1550
23 2289 1673
22 2290
23 2290 340
23 2290 1516
23 2290 1552
23 2290 1681
23 2290 1700
22 2291
23 2291 340
22 2292
23 2292 340
22 2293
23 2293 340
22 2294
23 2294 340
24 3
24 13
24 21
24 22
24 30
24 31
24 39
24 48
24 57
24 58
24 66
24 67
24 75
24 84
24 85
24 94
24 95
24 103
24 104
24 112
24 113
24 121
24 129
24 130
24 138
24 146
24 154
24 155
24 164
24 173
24 174
24 181
24 182
24 190
24 191
24 200
24 207
24 208
24 216
24 217
24 225
24 233
24 239
24 246
24 253
24 261
24 270
24 271
24 279
24 280
24 289
24 290
24 299
24 300
24 306
24 314
24 321
24 322
24 327
24 334
24 341
25 4
25 5
25 14
25 23
25 32
25 33
25 40
25 41
25 49
25 50
25 59
25 68
25 69
25 76
25 77
25 86
25 87
25 96
25 97
25 105
25 106
25 114
25 115
25 122
25 131
25 139
25 147
25 156
25 157
25 165
25 166
25 175
25 183
25 184
25 192
25 193
25 201
25 209
25 210
25 218
25 219
25 226
25 234
25 235
25 240
25 247
25 254
25 255
25 262
25 263
25 272
25 273
25 281
25 282
25 291
25 292
25 301
25 307
25 308
25 315
25 323
25 324
25 328
25 329
25 335
25 336
25 342
26 1736
27 1736 271
26 1684
27 1684 58
26 1423
27 1423 239
26 1721
27 1721 164
26 1457
27 1457 121
26 1555
27 1555 30
26 1573
27 1573 233
26 1428
27 1428 104
26 1415
27 1415 200
26 1724
27 1724 3
26 1818
27 1818 21
26 1626
27 1626 103
26 1675
27 1675 334
26 1451
27 1451 75
26 1599
27 1599 57
26 1529
27 1529 85
26 1576
27 1576 225
26 1506
27 1506 155
26 1733
27 1733 182
26 1448
27 1448 174
26 1821
27 1821 207
26 1486
27 1486 113
26 1412
27 1412 146
26 1538
27 1538 300
26 1678
27 1678 208
26 1483
27 1483 173
26 1667
27 1667 67
26 1815
27 1815 314
26 1782
27 1782 191
28 1584
28 1567
28 1617
28 1689
28 1468
28 1443
28 1730
28 1519
28 1670
28 1437
28 1785
28 1516
28 1796
28 1709
28 1602
28 1756
28 1526
28 1509
28 1637
28 1776
28 1759
28 1492
28 1623
28 1802
28 1410
28 1788
28 1608
28 1706
28 1564
28 1673
28 1431
28 1590
28 1661
28 1426
28 1744
28 1480
28 1418
28 1652
28 1440
1 2295
2 2295 0
3 2296
4 2296 2297
4 2296 2298
4 2296 2299
4 2296 2300
5 2296 2301
6 2296 2302
7 2296 89
8 2296 2295
9 2296 2303
10 2296 10
11 2296 2304
3 2305
4 2305 2306
4 2305 2307
5 2305 2308
6 2305 2309
7 2305 2310
8 2305 2295
9 2305 2311
10 2305 10
11 2305 2312
3 2313
4 2313 2314
4 2313 2315
4 2313 2316
5 2313 2317
6 2313 169
7 2313 52
8 2313 2295
9 2313 2318
10 2313 10
11 2313 2319
3 2320
4 2320 2321
4 2320 2322
4 2320 2323
5 2320 2324
6 2320 202
7 2320 1812
8 2320 2295
9 2320 2325
10 2320 10
11 2320 2326
3 2327
4 2327 2328
4 2327 2329
4 2327 2330
5 2327 2331
6 2327 2332
7 2327 2333
8 2327 2295
9 2327 2334
10 2327 10
11 2327 2319
12 2327 2295
3 2335
4 2335 2336
4 2335 2337
4 2335 2338
5 2335 2339
6 2335 2340
7 2335 2341
8 2335 2295
9 2335 2342
10 2335 10
11 2335 46
3 2343
4 2343 2344
4 2343 2345
5 2343 2346
6 2343 2347
7 2343 2348
8 2343 2295
9 2343 2349
10 2343 10
11 2343 231
3 2350
4 2350 2351
4 2350 2352
5 2350 2353
6 2350 123
7 2350 2354
8 2350 2295
9 2350 2355
10 2350 10
11 2350 136
3 2356
4 2356 2357
4 2356 2358
5 2356 274
6 2356 2359
7 2356 2360
8 2356 2295
9 2356 2361
10 2356 10
11 2356 2319
3 2362
4 2362 2363
4 2362 2364
5 2362 2365
6 2362 2366
7 2362 1654
8 2362 2295
9 2362 2367
10 2362 10
11 2362 92
13 2368
4 2368 2369
4 2368 2370
5 2368 2371
6 2368 2333
7 2368 2372
8 2368 2295
9 2368 2373
10 2368 10
11 2368 82
13 2374
4 2374 2375
4 2374 2376
4 2374 2377
4 2374 2378
5 2374 1755
6 2374 2379
7 2374 2380
8 2374 2295
9 2374 2381
10 2374 10
11 2374 2319
13 2382
4 2382 2383
4 2382 2384
4 2382 2385
4 2382 2386
5 2382 2387
6 2382 2388
7 2382 2389
8 2382 2295
9 2382 2390
10 2382 10
11 2382 64
13 2391
4 2391 2392
4 2391 2393
5 2391 2394
6 2391 1769
7 2391 2395
8 2391 2295
9 2391 2396
10 2391 10
11 2391 82
13 2397
4 2397 2398
4 2397 2399
4 2397 2400
5 2397 1442
6 2397 2401
7 2397 202
8 2397 2295
9 2397 2402
10 2397 10
11 2397 2403
13 2404
4 2404 2405
4 2404 2406
4 2404 2407
5 2404 2408
6 2404 2409
7 2404 2310
8 2404 2295
9 2404 2410
10 2404 10
11 2404 2411
13 2412
4 2412 2413
4 2412 2414
5 2412 2415
6 2412 2416
7 2412 2417
8 2412 2295
9 2412 2418
10 2412 10
11 2412 127
13 2419
4 2419 2420
4 2419 2421
4 2419 2422
5 2419 2423
6 2419 2424
7 2419 2425
8 2419 2295
9 2419 2426
10 2419 10
11 2419 64
13 2427
4 2427 2428
4 2427 2429
5 2427 1778
6 2427 1560
7 2427 2430
8 2427 2295
9 2427 2431
10 2427 10
11 2427 11
13 2432
4 2432 2433
4 2432 2434
5 2432 2435
6 2432 2436
7 2432 2437
8 2432 2295
9 2432 2438
10 2432 10
11 2432 2411
14 2439
4 2439 2440
4 2439 2441
4 2439 2442
4 2439 2443
5 2439 116
6 2439 2444
7 2439 2445
8 2439 2295
9 2439 2446
10 2439 10
11 2439 162
14 2447
4 2447 2448
4 2447 2449
5 2447 2450
6 2447 2353
7 2447 15
8 2447 2295
9 2447 2451
10 2447 10
11 2447 144
14 2452
4 2452 2453
4 2452 2454
4 2452 2455
5 2452 2456
6 2452 1702
7 2452 1651
8 2452 2295
9 2452 2457
10 2452 10
11 2452 268
14 2458
4 2458 2459
4 2458 2460
4 2458 2461
5 2458 2462
6 2458 15
7 2458 2463
8 2458 2295
9 2458 2464
10 2458 10
11 2458 287
14 2465
4 2465 2466
4 2465 2467
5 2465 2468
6 2465 2469
7 2465 90
8 2465 2295
9 2465 2470
10 2465 10
11 2465 231
14 2471
4 2471 2472
4 2471 2473
4 2471 2474
5 2471 2475
6 2471 2476
7 2471 2477
8 2471 2295
9 2471 2478
10 2471 10
11 2471 231
14 2479
4 2479 2480
4 2479 2481
5 2479 2482
6 2479 2483
7 2479 2484
8 2479 2295
9 2479 2485
10 2479 10
11 2479 28
14 2486
4 2486 2487
4 2486 2488
4 2486 2489
5 2486 1820
6 2486 2490
7 2486 1518
8 2486 2295
9 2486 2491
10 2486 10
11 2486 2312
15 2492
4 2492 2493
4 2492 2494
5 2492 2495
6 2492 2496
7 2492 195
8 2492 2295
9 2492 2497
10 2492 10
15 2498
4 2498 2499
4 2498 2500
4 2498 2501
5 2498 1628
6 2498 2502
7 2498 2503
8 2498 2295
9 2498 2504
10 2498 10
15 2505
4 2505 2506
4 2505 2507
4 2505 2508
5 2505 2509
6 2505 2510
7 2505 2511
8 2505 2295
9 2505 2512
10 2505 10
15 2513
4 2513 2514
4 2513 2515
4 2513 2516
4 2513 2517
5 2513 160
6 2513 2518
7 2513 2519
8 2513 2295
9 2513 2520
10 2513 10
15 2521
4 2521 2522
4 2521 2523
4 2521 2524
5 2521 2462
6 2521 2525
7 2521 2526
8 2521 2295
9 2521 2527
10 2521 10
15 2528
4 2528 2529
4 2528 2530
4 2528 2531
4 2528 2532
5 2528 2533
6 2528 2534
7 2528 2535
8 2528 2295
9 2528 2536
10 2528 10
16 2537
17 2537 2295
9 2537 2538
10 2537 10
18 2537 2405
18 2537 2448
16 2539
17 2539 2295
9 2539 2540
10 2539 10
18 2539 2398
18 2539 2314
18 2539 2384
16 2541
17 2541 2295
9 2541 2542
10 2541 10
18 2541 2420
18 2541 2383
18 2541 2344
18 2541 2530
16 2543
17 2543 2295
9 2543 2544
10 2543 10
18 2543 2523
18 2543 2473
19 2543 2432
16 2545
17 2545 2295
9 2545 2546
10 2545 10
18 2545 2500
18 2545 2514
18 2545 2493
16 2547
17 2547 2295
9 2547 2548
10 2547 10
18 2547 2441
18 2547 2522
16 2549
17 2549 2295
9 2549 2550
10 2549 10
18 2549 2499
18 2549 2413
18 2549 2441
18 2549 2369
16 2551
17 2551 2295
9 2551 2552
10 2551 10
18 2551 2322
18 2551 2500
18 2551 2420
18 2551 2507
16 2553
17 2553 2295
9 2553 2554
10 2553 10
18 2553 2453
18 2553 2499
18 2553 2522
16 2555
17 2555 2295
9 2555 2556
10 2555 10
18 2555 2514
18 2555 2472
18 2555 2357
16 2557
17 2557 2295
9 2557 2558
10 2557 10
18 2557 2459
18 2557 2466
16 2559
17 2559 2295
9 2559 2560
10 2559 10
18 2559 2514
18 2559 2523
18 2559 2321
18 2559 2413
16 2561
17 2561 2295
9 2561 2562
10 2561 10
18 2561 2398
18 2561 2306
18 2561 2351
18 2561 2522
16 2563
17 2563 2295
9 2563 2564
10 2563 10
18 2563 2523
18 2563 2369
16 2565
17 2565 2295
9 2565 2566
10 2565 10
18 2565 2336
18 2565 2298
16 2567
17 2567 2295
9 2567 2568
10 2567 10
18 2567 2383
18 2567 2298
18 2567 2488
18 2567 2369
16 2569
17 2569 2295
9 2569 2570
10 2569 10
18 2569 2530
18 2569 2529
16 2571
17 2571 2295
9 2571 2572
10 2571 10
18 2571 2506
18 2571 2336
18 2571 2315
18 2571 2507
19 2571 2356
16 2573
17 2573 2295
9 2573 2574
10 2573 10
18 2573 2441
18 2573 2363
16 2575
17 2575 2295
9 2575 2576
10 2575 10
18 2575 2480
18 2575 2440
16 2577
17 2577 2295
9 2577 2578
10 2577 10
18 2577 2441
18 2577 2487
18 2577 2369
16 2579
17 2579 2295
9 2579 2580
10 2579 10
18 2579 2459
18 2579 2523
18 2579 2472
18 2579 2420
19 2579 2471
16 2581
17 2581 2295
9 2581 2582
10 2581 10
18 2581 2530
18 2581 2344
16 2583
17 2583 2295
9 2583 2584
10 2583 10
18 2583 2466
18 2583 2448
16 2585
17 2585 2295
9 2585 2586
10 2585 10
18 2585 2376
18 2585 2405
18 2585 2315
16 2587
17 2587 2295
9 2587 2588
10 2587 10
18 2587 2466
18 2587 2522
18 2587 2363
18 2587 2351
16 2589
17 2589 2295
9 2589 2590
10 2589 10
18 2589 2344
18 2589 2448
18 2589 2499
18 2589 2384
19 2589 2305
16 2591
17 2591 2295
9 2591 2592
10 2591 10
18 2591 2448
18 2591 2530
18 2591 2363
16 2593
17 2593 2295
9 2593 2594
10 2593 10
18 2593 2328
18 2593 2448
16 2595
17 2595 2295
9 2595 2596
10 2595 10
18 2595 2448
18 2595 2321
19 2595 2479
16 2597
17 2597 2295
9 2597 2598
10 2597 10
18 2597 2363
18 2597 2314
18 2597 2472
16 2599
17 2599 2295
9 2599 2600
10 2599 10
18 2599 2369
18 2599 2500
18 2599 2433
18 2599 2488
16 2601
17 2601 2295
9 2601 2602
10 2601 10
18 2601 2297
18 2601 2329
18 2601 2523
19 2601 2471
16 2603
17 2603 2295
9 2603 2604
10 2603 10
18 2603 2500
18 2603 2357
18 2603 2459
16 2605
17 2605 2295
9 2605 2606
10 2605 10
18 2605 2398
18 2605 2357
16 2607
17 2607 2295
9 2607 2608
10 2607 10
18 2607 2480
18 2607 2297
19 2607 2452
16 2609
17 2609 2295
9 2609 2610
10 2609 10
18 2609 2413
18 2609 2322
18 2609 2488
16 2611
17 2611 2295
9 2611 2612
10 2611 10
18 2611 2413
18 2611 2514
16 2613
17 2613 2295
9 2613 2614
10 2613 10
18 2613 2453
18 2613 2507
16 2615
17 2615 2295
9 2615 2616
10 2615 10
18 2615 2507
18 2615 2448
18 2615 2500
16 2617
17 2617 2295
9 2617 2618
10 2617 10
18 2617 2530
18 2617 2488
16 2619
17 2619 2295
9 2619 2620
10 2619 10
18 2619 2375
18 2619 2315
16 2621
17 2621 2295
9 2621 2622
10 2621 10
18 2621 2321
18 2621 2522
18 2621 2315
16 2623
17 2623 2295
9 2623 2624
10 2623 10
18 2623 2530
18 2623 2500
18 2623 2392
16 2625
17 2625 2295
9 2625 2626
10 2625 10
18 2625 2314
18 2625 2499
18 2625 2398
18 2625 2530
16 2627
17 2627 2295
9 2627 2628
10 2627 10
18 2627 2322
18 2627 2459
18 2627 2480
18 2627 2440
16 2629
17 2629 2295
9 2629 2630
10 2629 10
18 2629 2487
18 2629 2420
16 2631
17 2631 2295
9 2631 2632
10 2631 10
18 2631 2297
18 2631 2473
18 2631 2298
18 2631 2306
16 2633
17 2633 2295
9 2633 2634
10 2633 10
18 2633 2329
18 2633 2515
18 2633 2459
19 2633 2465
16 2635
17 2635 2295
9 2635 2636
10 2635 10
18 2635 2336
18 2635 2487
16 2637
17 2637 2295
9 2637 2638
10 2637 10
18 2637 2499
18 2637 2420
18 2637 2440
18 2637 2507
16 2639
17 2639 2295
9 2639 2640
10 2639 10
18 2639 2315
18 2639 2530
16 2641
17 2641 2295
9 2641 2642
10 2641 10
18 2641 2314
18 2641 2514
18 2641 2472
18 2641 2515
16 2643
17 2643 2295
9 2643 2644
10 2643 10
18 2643 2433
18 2643 2500
16 2645
17 2645 2295
9 2645 2646
10 2645 10
18 2645 2321
18 2645 2383
18 2645 2440
19 2645 2439
16 2647
17 2647 2295
9 2647 2648
10 2647 10
18 2647 2448
18 2647 2336
18 2647 2440
16 2649
17 2649 2295
9 2649 2650
10 2649 10
18 2649 2459
18 2649 2453
18 2649 2363
18 2649 2480
16 2651
17 2651 2295
9 2651 2652
10 2651 10
18 2651 2507
18 2651 2322
18 2651 2398
19 2651 2465
16 2653
17 2653 2295
9 2653 2654
10 2653 10
18 2653 2384
18 2653 2500
18 2653 2507
18 2653 2329
16 2655
17 2655 2295
9 2655 2656
10 2655 10
18 2655 2383
18 2655 2298
18 2655 2315
18 2655 2336
16 2657
17 2657 2295
9 2657 2658
10 2657 10
18 2657 2322
18 2657 2529
18 2657 2297
19 2657 2327
16 2659
17 2659 2295
9 2659 2660
10 2659 10
18 2659 2413
18 2659 2529
18 2659 2369
16 2661
17 2661 2295
9 2661 2662
10 2661 10
18 2661 2314
18 2661 2448
19 2661 2404
16 2663
17 2663 2295
9 2663 2664
10 2663 10
18 2663 2344
18 2663 2321
18 2663 2440
18 2663 2405
16 2665
17 2665 2295
9 2665 2666
10 2665 10
18 2665 2433
18 2665 2322
16 2667
17 2667 2295
9 2667 2668
10 2667 10
18 2667 2344
18 2667 2515
18 2667 2357
16 2669
17 2669 2295
9 2669 2670
10 2669 10
18 2669 2383
18 2669 2344
18 2669 2392
18 2669 2322
19 2669 2368
16 2671
17 2671 2295
9 2671 2672
10 2671 10
18 2671 2375
18 2671 2336
18 2671 2507
16 2673
17 2673 2295
9 2673 2674
10 2673 10
18 2673 2499
18 2673 2413
16 2675
17 2675 2295
9 2675 2676
10 2675 10
18 2675 2315
18 2675 2448
18 2675 2375
18 2675 2363
16 2677
17 2677 2295
9 2677 2678
10 2677 10
18 2677 2499
18 2677 2441
18 2677 2322
16 2679
17 2679 2295
9 2679 2680
10 2679 10
18 2679 2314
18 2679 2530
16 2681
17 2681 2295
9 2681 2682
10 2681 10
18 2681 2369
18 2681 2329
18 2681 2375
16 2683
17 2683 2295
9 2683 2684
10 2683 10
18 2683 2473
18 2683 2428
18 2683 2459
16 2685
17 2685 2295
9 2685 2686
10 2685 10
18 2685 2530
18 2685 2405
18 2685 2514
16 2687
17 2687 2295
9 2687 2688
10 2687 10
18 2687 2523
18 2687 2499
18 2687 2321
18 2687 2363
19 2687 2404
16 2689
17 2689 2295
9 2689 2690
10 2689 10
18 2689 2488
18 2689 2315
18 2689 2499
16 2691
17 2691 2295
9 2691 2692
10 2691 10
18 2691 2453
18 2691 2375
18 2691 2472
18 2691 2523
16 2693
17 2693 2295
9 2693 2694
10 2693 10
18 2693 2507
18 2693 2351
18 2693 2322
18 2693 2321
19 2693 2335
16 2695
17 2695 2295
9 2695 2696
10 2695 10
18 2695 2351
18 2695 2420
16 2697
17 2697 2295
9 2697 2698
10 2697 10
18 2697 2413
18 2697 2357
18 2697 2480
18 2697 2420
16 2699
17 2699 2295
9 2699 2700
10 2699 10
18 2699 2523
18 2699 2405
18 2699 2507
18 2699 2314
16 2701
17 2701 2295
9 2701 2702
10 2701 10
18 2701 2472
18 2701 2328
18 2701 2357
19 2701 2458
16 2703
17 2703 2295
9 2703 2704
10 2703 10
18 2703 2523
18 2703 2453
18 2703 2480
16 2705
17 2705 2295
9 2705 2706
10 2705 10
18 2705 2405
18 2705 2420
18 2705 2530
16 2707
17 2707 2295
9 2707 2708
10 2707 10
18 2707 2369
18 2707 2413
16 2709
17 2709 2295
9 2709 2710
10 2709 10
18 2709 2398
18 2709 2357
18 2709 2522
16 2711
17 2711 2295
9 2711 2712
10 2711 10
18 2711 2392
18 2711 2344
16 2713
17 2713 2295
9 2713 2714
10 2713 10
18 2713 2506
18 2713 2413
18 2713 2480
16 2715
17 2715 2295
9 2715 2716
10 2715 10
18 2715 2420
18 2715 2328
19 2715 2404
16 2717
17 2717 2295
9 2717 2718
10 2717 10
18 2717 2514
18 2717 2420
18 2717 2428
16 2719
17 2719 2295
9 2719 2720
10 2719 10
18 2719 2314
18 2719 2363
19 2719 2382
16 2721
17 2721 2295
9 2721 2722
10 2721 10
18 2721 2522
18 2721 2398
18 2721 2487
18 2721 2506
16 2723
17 2723 2295
9 2723 2724
10 2723 10
18 2723 2515
18 2723 2398
18 2723 2392
19 2723 2452
16 2725
17 2725 2295
9 2725 2726
10 2725 10
18 2725 2514
18 2725 2357
16 2727
17 2727 2295
9 2727 2728
10 2727 10
18 2727 2344
18 2727 2440
19 2727 2313
16 2729
17 2729 2295
9 2729 2730
10 2729 10
18 2729 2321
18 2729 2314
19 2729 2362
16 2731
17 2731 2295
9 2731 2732
10 2731 10
18 2731 2344
18 2731 2375
18 2731 2473
18 2731 2530
16 2733
17 2733 2295
9 2733 2734
10 2733 10
18 2733 2433
18 2733 2514
16 2735
17 2735 2295
9 2735 2736
10 2735 10
18 2735 2473
18 2735 2428
16 2737
17 2737 2295
9 2737 2738
10 2737 10
18 2737 2453
18 2737 2529
16 2739
17 2739 2295
9 2739 2740
10 2739 10
18 2739 2329
18 2739 2473
18 2739 2472
18 2739 2398
16 2741
17 2741 2295
9 2741 2742
10 2741 10
18 2741 2466
18 2741 2440
18 2741 2298
18 2741 2336
16 2743
17 2743 2295
9 2743 2744
10 2743 10
18 2743 2499
18 2743 2351
19 2743 2362
16 2745
17 2745 2295
9 2745 2746
10 2745 10
18 2745 2383
18 2745 2428
18 2745 2500
16 2747
17 2747 2295
9 2747 2748
10 2747 10
18 2747 2376
18 2747 2523
18 2747 2472
16 2749
17 2749 2295
9 2749 2750
10 2749 10
18 2749 2459
18 2749 2306
18 2749 2413
19 2749 2374
16 2751
17 2751 2295
9 2751 2752
10 2751 10
18 2751 2322
18 2751 2473
18 2751 2420
18 2751 2351
16 2753
17 2753 2295
9 2753 2754
10 2753 10
18 2753 2480
18 2753 2493
18 2753 2413
19 2753 2327
16 2755
17 2755 2295
9 2755 2756
10 2755 10
18 2755 2499
18 2755 2441
18 2755 2459
16 2757
17 2757 2295
9 2757 2758
10 2757 10
18 2757 2413
18 2757 2306
18 2757 2487
16 2759
17 2759 2295
9 2759 2760
10 2759 10
18 2759 2383
18 2759 2363
19 2759 2404
16 2761
17 2761 2295
9 2761 2762
10 2761 10
18 2761 2297
18 2761 2488
19 2761 2391
16 2763
17 2763 2295
9 2763 2764
10 2763 10
18 2763 2336
18 2763 2383
18 2763 2466
18 2763 2321
16 2765
17 2765 2295
9 2765 2766
10 2765 10
18 2765 2487
18 2765 2376
18 2765 2529
18 2765 2472
16 2767
17 2767 2295
9 2767 2768
10 2767 10
18 2767 2297
18 2767 2405
18 2767 2420
18 2767 2523
16 2769
17 2769 2295
9 2769 2770
10 2769 10
18 2769 2306
18 2769 2488
18 2769 2344
19 2769 2374
16 2771
17 2771 2295
9 2771 2772
10 2771 10
18 2771 2383
18 2771 2466
18 2771 2453
16 2773
17 2773 2295
9 2773 2774
10 2773 10
18 2773 2472
18 2773 2514
16 2775
17 2775 2295
9 2775 2776
10 2775 10
18 2775 2384
18 2775 2453
18 2775 2314
19 2775 2397
16 2777
17 2777 2295
9 2777 2778
10 2777 10
18 2777 2420
18 2777 2413
18 2777 2298
18 2777 2384
16 2779
17 2779 2295
9 2779 2780
10 2779 10
18 2779 2405
18 2779 2336
16 2781
17 2781 2295
9 2781 2782
10 2781 10
18 2781 2506
18 2781 2466
18 2781 2363
16 2783
17 2783 2295
9 2783 2784
10 2783 10
18 2783 2398
18 2783 2529
16 2785
17 2785 2295
9 2785 2786
10 2785 10
18 2785 2472
18 2785 2514
19 2785 2327
16 2787
17 2787 2295
9 2787 2788
10 2787 10
18 2787 2321
18 2787 2428
18 2787 2383
16 2789
17 2789 2295
9 2789 2790
10 2789 10
18 2789 2306
18 2789 2420
18 2789 2529
18 2789 2453
19 2789 2465
16 2791
17 2791 2295
9 2791 2792
10 2791 10
18 2791 2529
18 2791 2472
18 2791 2383
18 2791 2328
16 2793
17 2793 2295
9 2793 2794
10 2793 10
18 2793 2523
18 2793 2506
18 2793 2297
16 2795
17 2795 2295
9 2795 2796
10 2795 10
18 2795 2306
18 2795 2315
18 2795 2473
16 2797
17 2797 2295
9 2797 2798
10 2797 10
18 2797 2315
18 2797 2530
18 2797 2441
18 2797 2488
16 2799
17 2799 2295
9 2799 2800
10 2799 10
18 2799 2506
18 2799 2306
18 2799 2480
18 2799 2369
16 2801
17 2801 2295
9 2801 2802
10 2801 10
18 2801 2344
18 2801 2530
18 2801 2322
16 2803
17 2803 2295
9 2803 2804
10 2803 10
18 2803 2473
18 2803 2351
19 2803 2327
16 2805
17 2805 2295
9 2805 2806
10 2805 10
18 2805 2488
18 2805 2487
18 2805 2440
16 2807
17 2807 2295
9 2807 2808
10 2807 10
18 2807 2487
18 2807 2440
16 2809
17 2809 2295
9 2809 2810
10 2809 10
18 2809 2405
18 2809 2298
19 2809 2465
16 2811
17 2811 2295
9 2811 2812
10 2811 10
18 2811 2480
18 2811 2315
18 2811 2322
19 2811 2465
16 2813
17 2813 2295
9 2813 2814
10 2813 10
18 2813 2466
18 2813 2321
18 2813 2384
18 2813 2375
16 2815
17 2815 2295
9 2815 2816
10 2815 10
18 2815 2398
18 2815 2472
18 2815 2440
18 2815 2298
16 2817
17 2817 2295
9 2817 2818
10 2817 10
18 2817 2453
18 2817 2441
16 2819
17 2819 2295
9 2819 2820
10 2819 10
18 2819 2344
18 2819 2306
16 2821
17 2821 2295
9 2821 2822
10 2821 10
18 2821 2420
18 2821 2493
18 2821 2375
18 2821 2433
16 2823
17 2823 2295
9 2823 2824
10 2823 10
18 2823 2413
18 2823 2459
18 2823 2314
18 2823 2530
16 2825
17 2825 2295
9 2825 2826
10 2825 10
18 2825 2369
18 2825 2321
18 2825 2522
16 2827
17 2827 2295
9 2827 2828
10 2827 10
18 2827 2472
18 2827 2428
18 2827 2523
16 2829
17 2829 2295
9 2829 2830
10 2829 10
18 2829 2314
18 2829 2428
18 2829 2315
18 2829 2514
16 2831
17 2831 2295
9 2831 2832
10 2831 10
18 2831 2440
18 2831 2473
18 2831 2493
18 2831 2297
16 2833
17 2833 2295
9 2833 2834
10 2833 10
18 2833 2363
18 2833 2413
18 2833 2420
16 2835
17 2835 2295
9 2835 2836
10 2835 10
18 2835 2420
18 2835 2522
18 2835 2487
16 2837
17 2837 2295
9 2837 2838
10 2837 10
18 2837 2530
18 2837 2376
18 2837 2314
16 2839
17 2839 2295
9 2839 2840
10 2839 10
18 2839 2493
18 2839 2328
18 2839 2298
18 2839 2405
19 2839 2296
16 2841
17 2841 2295
9 2841 2842
10 2841 10
18 2841 2314
18 2841 2506
18 2841 2392
19 2841 2374
16 2843
17 2843 2295
9 2843 2844
10 2843 10
18 2843 2530
18 2843 2351
18 2843 2398
16 2845
17 2845 2295
9 2845 2846
10 2845 10
18 2845 2392
18 2845 2363
18 2845 2344
18 2845 2453
16 2847
17 2847 2295
9 2847 2848
10 2847 10
18 2847 2314
18 2847 2500
18 2847 2459
18 2847 2298
16 2849
17 2849 2295
9 2849 2850
10 2849 10
18 2849 2500
18 2849 2376
18 2849 2480
16 2851
17 2851 2295
9 2851 2852
10 2851 10
18 2851 2500
18 2851 2522
18 2851 2297
18 2851 2515
19 2851 2320
16 2853
17 2853 2295
9 2853 2854
10 2853 10
18 2853 2315
18 2853 2500
18 2853 2428
16 2855
17 2855 2295
9 2855 2856
10 2855 10
18 2855 2306
18 2855 2530
19 2855 2427
16 2857
17 2857 2295
9 2857 2858
10 2857 10
18 2857 2472
18 2857 2433
16 2859
17 2859 2295
9 2859 2860
10 2859 10
18 2859 2315
18 2859 2357
16 2861
17 2861 2295
9 2861 2862
10 2861 10
18 2861 2351
18 2861 2369
18 2861 2375
16 2863
17 2863 2295
9 2863 2864
10 2863 10
18 2863 2328
18 2863 2488
18 2863 2351
19 2863 2343
16 2865
17 2865 2295
9 2865 2866
10 2865 10
18 2865 2375
18 2865 2413
16 2867
17 2867 2295
9 2867 2868
10 2867 10
18 2867 2515
18 2867 2420
18 2867 2297
18 2867 2500
16 2869
17 2869 2295
9 2869 2870
10 2869 10
18 2869 2376
18 2869 2321
18 2869 2298
16 2871
17 2871 2295
9 2871 2872
10 2871 10
18 2871 2448
18 2871 2398
16 2873
17 2873 2295
9 2873 2874
10 2873 10
18 2873 2506
18 2873 2336
16 2875
17 2875 2295
9 2875 2876
10 2875 10
18 2875 2472
18 2875 2514
18 2875 2499
18 2875 2398
19 2875 2412
16 2877
17 2877 2295
9 2877 2878
10 2877 10
18 2877 2472
18 2877 2336
18 2877 2488
16 2879
17 2879 2295
9 2879 2880
10 2879 10
18 2879 2487
18 2879 2488
18 2879 2322
16 2881
17 2881 2295
9 2881 2882
10 2881 10
18 2881 2448
18 2881 2428
18 2881 2344
16 2883
17 2883 2295
9 2883 2884
10 2883 10
18 2883 2453
18 2883 2523
18 2883 2314
16 2885
17 2885 2295
9 2885 2886
10 2885 10
18 2885 2433
18 2885 2351
16 2887
17 2887 2295
9 2887 2888
10 2887 10
18 2887 2529
18 2887 2314
18 2887 2499
16 2889
17 2889 2295
9 2889 2890
10 2889 10
18 2889 2507
18 2889 2499
18 2889 2321
18 2889 2488
16 2891
17 2891 2295
9 2891 2892
10 2891 10
18 2891 2329
18 2891 2351
16 2893
17 2893 2295
9 2893 2894
10 2893 10
18 2893 2376
18 2893 2530
18 2893 2344
16 2895
17 2895 2295
9 2895 2896
10 2895 10
18 2895 2433
18 2895 2344
16 2897
17 2897 2295
9 2897 2898
10 2897 10
18 2897 2522
18 2897 2480
18 2897 2384
16 2899
17 2899 2295
9 2899 2900
10 2899 10
18 2899 2506
18 2899 2315
16 2901
17 2901 2295
9 2901 2902
10 2901 10
18 2901 2500
18 2901 2441
19 2901 2432
16 2903
17 2903 2295
9 2903 2904
10 2903 10
18 2903 2344
18 2903 2500
19 2903 2404
16 2905
17 2905 2295
9 2905 2906
10 2905 10
18 2905 2298
18 2905 2480
18 2905 2529
19 2905 2327
16 2907
17 2907 2295
9 2907 2908
10 2907 10
18 2907 2514
18 2907 2507
19 2907 2356
16 2909
17 2909 2295
9 2909 2910
10 2909 10
18 2909 2487
18 2909 2363
18 2909 2297
18 2909 2448
16 2911
17 2911 2295
9 2911 2912
10 2911 10
18 2911 2405
18 2911 2306
18 2911 2384
18 2911 2329
16 2913
17 2913 2295
9 2913 2914
10 2913 10
18 2913 2398
18 2913 2344
16 2915
17 2915 2295
9 2915 2916
10 2915 10
18 2915 2472
18 2915 2500
16 2917
17 2917 2295
9 2917 2918
10 2917 10
18 2917 2515
18 2917 2384
16 2919
17 2919 2295
9 2919 2920
10 2919 10
18 2919 2459
18 2919 2322
16 2921
17 2921 2295
9 2921 2922
10 2921 10
18 2921 2297
18 2921 2530
16 2923
17 2923 2295
9 2923 2924
10 2923 10
18 2923 2413
18 2923 2351
16 2925
17 2925 2295
9 2925 2926
10 2925 10
18 2925 2384
18 2925 2499
16 2927
17 2927 2295
9 2927 2928
10 2927 10
18 2927 2522
18 2927 2480
18 2927 2499
18 2927 2329
19 2927 2458
16 2929
17 2929 2295
9 2929 2930
10 2929 10
18 2929 2329
18 2929 2363
18 2929 2459
18 2929 2375
16 2931
17 2931 2295
9 2931 2932
10 2931 10
18 2931 2413
18 2931 2405
18 2931 2523
16 2933
17 2933 2295
9 2933 2934
10 2933 10
18 2933 2453
18 2933 2298
18 2933 2392
18 2933 2322
19 2933 2447
16 2935
17 2935 2295
9 2935 2936
10 2935 10
18 2935 2315
18 2935 2507
18 2935 2369
18 2935 2529
16 2937
17 2937 2295
9 2937 2938
10 2937 10
18 2937 2441
18 2937 2384
18 2937 2514
18 2937 2440
16 2939
17 2939 2295
9 2939 2940
10 2939 10
18 2939 2322
18 2939 2321
18 2939 2329
16 2941
17 2941 2295
9 2941 2942
10 2941 10
18 2941 2523
18 2941 2392
16 2943
17 2943 2295
9 2943 2944
10 2943 10
18 2943 2441
18 2943 2473
18 2943 2523
18 2943 2529
16 2945
17 2945 2295
9 2945 2946
10 2945 10
18 2945 2523
18 2945 2466
18 2945 2440
19 2945 2486
16 2947
17 2947 2295
9 2947 2948
10 2947 10
18 2947 2514
18 2947 2448
18 2947 2499
16 2949
17 2949 2295
9 2949 2950
10 2949 10
18 2949 2514
18 2949 2297
18 2949 2500
16 2951
17 2951 2295
9 2951 2952
10 2951 10
18 2951 2529
18 2951 2514
18 2951 2398
18 2951 2473
16 2953
17 2953 2295
9 2953 2954
10 2953 10
18 2953 2383
18 2953 2363
16 2955
17 2955 2295
9 2955 2956
10 2955 10
18 2955 2315
18 2955 2328
18 2955 2351
18 2955 2375
16 2957
17 2957 2295
9 2957 2958
10 2957 10
18 2957 2351
18 2957 2480
18 2957 2329
18 2957 2506
16 2959
17 2959 2295
9 2959 2960
10 2959 10
18 2959 2453
18 2959 2363
16 2961
17 2961 2295
9 2961 2962
10 2961 10
18 2961 2440
18 2961 2384
18 2961 2405
18 2961 2441
16 2963
17 2963 2295
9 2963 2964
10 2963 10
18 2963 2500
18 2963 2405
19 2963 2458
16 2965
17 2965 2295
9 2965 2966
10 2965 10
18 2965 2306
18 2965 2514
18 2965 2297
18 2965 2459
16 2967
17 2967 2295
9 2967 2968
10 2967 10
18 2967 2369
18 2967 2499
18 2967 2480
19 2967 2452
16 2969
17 2969 2295
9 2969 2970
10 2969 10
18 2969 2336
18 2969 2405
16 2971
17 2971 2295
9 2971 2972
10 2971 10
18 2971 2507
18 2971 2514
16 2973
17 2973 2295
9 2973 2974
10 2973 10
18 2973 2488
18 2973 2440
18 2973 2522
16 2975
17 2975 2295
9 2975 2976
10 2975 10
18 2975 2493
18 2975 2405
18 2975 2500
18 2975 2363
19 2975 2465
16 2977
17 2977 2295
9 2977 2978
10 2977 10
18 2977 2297
18 2977 2298
18 2977 2500
16 2979
17 2979 2295
9 2979 2980
10 2979 10
18 2979 2357
18 2979 2472
18 2979 2459
16 2981
17 2981 2295
9 2981 2982
10 2981 10
18 2981 2523
18 2981 2344
18 2981 2314
18 2981 2453
16 2983
17 2983 2295
9 2983 2984
10 2983 10
18 2983 2523
18 2983 2459
18 2983 2506
16 2985
17 2985 2295
9 2985 2986
10 2985 10
18 2985 2384
18 2985 2328
18 2985 2344
18 2985 2383
19 2985 2471
16 2987
17 2987 2295
9 2987 2988
10 2987 10
18 2987 2376
18 2987 2298
18 2987 2459
16 2989
17 2989 2295
9 2989 2990
10 2989 10
18 2989 2433
18 2989 2428
18 2989 2298
16 2991
17 2991 2295
9 2991 2992
10 2991 10
18 2991 2441
18 2991 2514
16 2993
17 2993 2295
9 2993 2994
10 2993 10
18 2993 2351
18 2993 2433
18 2993 2480
16 2995
17 2995 2295
9 2995 2996
10 2995 10
18 2995 2321
18 2995 2488
19 2995 2447
16 2997
17 2997 2295
9 2997 2998
10 2997 10
18 2997 2515
18 2997 2420
16 2999
17 2999 2295
9 2999 3000
10 2999 10
18 2999 2369
18 2999 2315
18 2999 2329
16 3001
17 3001 2295
9 3001 3002
10 3001 10
18 3001 2515
18 3001 2384
19 3001 2432
16 3003
17 3003 2295
9 3003 3004
10 3003 10
18 3003 2487
18 3003 2369
19 3003 2412
16 3005
17 3005 2295
9 3005 3006
10 3005 10
18 3005 2376
18 3005 2420
18 3005 2523
18 3005 2500
16 3007
17 3007 2295
9 3007 3008
10 3007 10
18 3007 2507
18 3007 2420
18 3007 2515
16 3009
17 3009 2295
9 3009 3010
10 3009 10
18 3009 2405
18 3009 2392
18 3009 2522
18 3009 2315
16 3011
17 3011 2295
9 3011 3012
10 3011 10
18 3011 2507
18 3011 2376
18 3011 2314
16 3013
17 3013 2295
9 3013 3014
10 3013 10
18 3013 2329
18 3013 2322
16 3015
17 3015 2295
9 3015 3016
10 3015 10
18 3015 2315
18 3015 2375
18 3015 2392
18 3015 2376
16 3017
17 3017 2295
9 3017 3018
10 3017 10
18 3017 2433
18 3017 2428
18 3017 2506
16 3019
17 3019 2295
9 3019 3020
10 3019 10
18 3019 2413
18 3019 2453
16 3021
17 3021 2295
9 3021 3022
10 3021 10
18 3021 2506
18 3021 2363
16 3023
17 3023 2295
9 3023 3024
10 3023 10
18 3023 2383
18 3023 2328
18 3023 2448
16 3025
17 3025 2295
9 3025 3026
10 3025 10
18 3025 2459
18 3025 2329
18 3025 2376
18 3025 2473
19 3025 2343
16 3027
17 3027 2295
9 3027 3028
10 3027 10
18 3027 2428
18 3027 2298
18 3027 2507
18 3027 2480
16 3029
17 3029 2295
9 3029 3030
10 3029 10
18 3029 2336
18 3029 2448
18 3029 2328
18 3029 2369
19 3029 2427
16 3031
17 3031 2295
9 3031 3032
10 3031 10
18 3031 2398
18 3031 2514
18 3031 2321
16 3033
17 3033 2295
9 3033 3034
10 3033 10
18 3033 2493
18 3033 2329
18 3033 2369
16 3035
17 3035 2295
9 3035 3036
10 3035 10
18 3035 2351
18 3035 2500
18 3035 2363
16 3037
17 3037 2295
9 3037 3038
10 3037 10
18 3037 2440
18 3037 2493
16 3039
17 3039 2295
9 3039 3040
10 3039 10
18 3039 2413
18 3039 2500
19 3039 2465
16 3041
17 3041 2295
9 3041 3042
10 3041 10
18 3041 2336
18 3041 2472
18 3041 2297
16 3043
17 3043 2295
9 3043 3044
10 3043 10
18 3043 2515
18 3043 2375
18 3043 2480
18 3043 2530
16 3045
17 3045 2295
9 3045 3046
10 3045 10
18 3045 2328
18 3045 2351
18 3045 2306
18 3045 2336
16 3047
17 3047 2295
9 3047 3048
10 3047 10
18 3047 2514
18 3047 2405
16 3049
17 3049 2295
9 3049 3050
10 3049 10
18 3049 2413
18 3049 2315
18 3049 2420
18 3049 2440
16 3051
17 3051 2295
9 3051 3052
10 3051 10
18 3051 2405
18 3051 2363
18 3051 2298
16 3053
17 3053 2295
9 3053 3054
10 3053 10
18 3053 2500
18 3053 2472
18 3053 2514
16 3055
17 3055 2295
9 3055 3056
10 3055 10
18 3055 2351
18 3055 2480
18 3055 2488
18 3055 2473
19 3055 2447
16 3057
17 3057 2295
9 3057 3058
10 3057 10
18 3057 2321
18 3057 2529
18 3057 2384
18 3057 2329
16 3059
17 3059 2295
9 3059 3060
10 3059 10
18 3059 2433
18 3059 2351
18 3059 2297
19 3059 2458
16 3061
17 3061 2295
9 3061 3062
10 3061 10
18 3061 2488
18 3061 2314
18 3061 2383
16 3063
17 3063 2295
9 3063 3064
10 3063 10
18 3063 2523
18 3063 2459
18 3063 2440
19 3063 2313
16 3065
17 3065 2295
9 3065 3066
10 3065 10
18 3065 2392
18 3065 2298
18 3065 2506
18 3065 2398
19 3065 2368
16 3067
17 3067 2295
9 3067 3068
10 3067 10
18 3067 2297
18 3067 2522
16 3069
17 3069 2295
9 3069 3070
10 3069 10
18 3069 2420
18 3069 2493
16 3071
17 3071 2295
9 3071 3072
10 3071 10
18 3071 2383
18 3071 2448
18 3071 2514
18 3071 2314
19 3071 2368
16 3073
17 3073 2295
9 3073 3074
10 3073 10
18 3073 2315
18 3073 2522
19 3073 2356
16 3075
17 3075 2295
9 3075 3076
10 3075 10
18 3075 2314
18 3075 2466
18 3075 2398
18 3075 2392
19 3075 2452
16 3077
17 3077 2295
9 3077 3078
10 3077 10
18 3077 2472
18 3077 2336
18 3077 2441
16 3079
17 3079 2295
9 3079 3080
10 3079 10
18 3079 2375
18 3079 2440
19 3079 2452
16 3081
17 3081 2295
9 3081 3082
10 3081 10
18 3081 2522
18 3081 2329
16 3083
17 3083 2295
9 3083 3084
10 3083 10
18 3083 2448
18 3083 2405
18 3083 2351
18 3083 2314
19 3083 2458
16 3085
17 3085 2295
9 3085 3086
10 3085 10
18 3085 2383
18 3085 2375
16 3087
17 3087 2295
9 3087 3088
10 3087 10
18 3087 2420
18 3087 2530
16 3089
17 3089 2295
9 3089 3090
10 3089 10
18 3089 2499
18 3089 2514
16 3091
17 3091 2295
9 3091 3092
10 3091 10
18 3091 2384
18 3091 2376
18 3091 2383
16 3093
17 3093 2295
9 3093 3094
10 3093 10
18 3093 2440
18 3093 2298
18 3093 2453
19 3093 2335
16 3095
17 3095 2295
9 3095 3096
10 3095 10
18 3095 2530
18 3095 2487
16 3097
17 3097 2295
9 3097 3098
10 3097 10
18 3097 2480
18 3097 2384
18 3097 2375
16 3099
17 3099 2295
9 3099 3100
10 3099 10
18 3099 2515
18 3099 2329
18 3099 2336
19 3099 2305
16 3101
17 3101 2295
9 3101 3102
10 3101 10
18 3101 2328
18 3101 2314
18 3101 2459
18 3101 2433
16 3103
17 3103 2295
9 3103 3104
10 3103 10
18 3103 2506
18 3103 2357
18 3103 2351
18 3103 2329
19 3103 2305
16 3105
17 3105 2295
9 3105 3106
10 3105 10
18 3105 2514
18 3105 2522
16 3107
17 3107 2295
9 3107 3108
10 3107 10
18 3107 2440
18 3107 2376
18 3107 2328
18 3107 2473
19 3107 2465
16 3109
17 3109 2295
9 3109 3110
10 3109 10
18 3109 2314
18 3109 2322
18 3109 2441
18 3109 2297
16 3111
17 3111 2295
9 3111 3112
10 3111 10
18 3111 2440
18 3111 2530
18 3111 2480
16 3113
17 3113 2295
9 3113 3114
10 3113 10
18 3113 2405
18 3113 2369
18 3113 2328
18 3113 2413
16 3115
17 3115 2295
9 3115 3116
10 3115 10
18 3115 2523
18 3115 2428
16 3117
17 3117 2295
9 3117 3118
10 3117 10
18 3117 2530
18 3117 2472
16 3119
17 3119 2295
9 3119 3120
10 3119 10
18 3119 2433
18 3119 2523
18 3119 2376
19 3119 2465
16 3121
17 3121 2295
9 3121 3122
10 3121 10
18 3121 2321
18 3121 2493
16 3123
17 3123 2295
9 3123 3124
10 3123 10
18 3123 2487
18 3123 2433
18 3123 2530
18 3123 2392
19 3123 2305
16 3125
17 3125 2295
9 3125 3126
10 3125 10
18 3125 2515
18 3125 2507
16 3127
17 3127 2295
9 3127 3128
10 3127 10
18 3127 2306
18 3127 2428
18 3127 2488
16 3129
17 3129 2295
9 3129 3130
10 3129 10
18 3129 2499
18 3129 2529
18 3129 2298
18 3129 2322
16 3131
17 3131 2295
9 3131 3132
10 3131 10
18 3131 2336
18 3131 2315
16 3133
17 3133 2295
9 3133 3134
10 3133 10
18 3133 2493
18 3133 2375
18 3133 2329
18 3133 2487
16 3135
17 3135 2295
9 3135 3136
10 3135 10
18 3135 2480
18 3135 2336
18 3135 2398
18 3135 2322
16 3137
17 3137 2295
9 3137 3138
10 3137 10
18 3137 2499
18 3137 2440
16 3139
17 3139 2295
9 3139 3140
10 3139 10
18 3139 2315
18 3139 2298
19 3139 2397
16 3141
17 3141 2295
9 3141 3142
10 3141 10
18 3141 2413
18 3141 2336
16 3143
17 3143 2295
9 3143 3144
10 3143 10
18 3143 2376
18 3143 2428
18 3143 2363
18 3143 2493
16 3145
17 3145 2295
9 3145 3146
10 3145 10
18 3145 2441
18 3145 2507
16 3147
17 3147 2295
9 3147 3148
10 3147 10
18 3147 2522
18 3147 2433
18 3147 2500
18 3147 2315
16 3149
17 3149 2295
9 3149 3150
10 3149 10
18 3149 2466
18 3149 2363
18 3149 2315
19 3149 2432
16 3151
17 3151 2295
9 3151 3152
10 3151 10
18 3151 2522
18 3151 2514
16 3153
17 3153 2295
9 3153 3154
10 3153 10
18 3153 2336
18 3153 2405
16 3155
17 3155 2295
9 3155 3156
10 3155 10
18 3155 2336
18 3155 2473
16 3157
17 3157 2295
9 3157 3158
10 3157 10
18 3157 2392
18 3157 2428
18 3157 2351
18 3157 2321
16 3159
17 3159 2295
9 3159 3160
10 3159 10
18 3159 2522
18 3159 2448
16 3161
17 3161 2295
9 3161 3162
10 3161 10
18 3161 2515
18 3161 2529
19 3161 2374
16 3163
17 3163 2295
9 3163 3164
10 3163 10
18 3163 2363
18 3163 2375
16 3165
17 3165 2295
9 3165 3166
10 3165 10
18 3165 2328
18 3165 2398
18 3165 2487
18 3165 2344
16 3167
17 3167 2295
9 3167 3168
10 3167 10
18 3167 2298
18 3167 2351
18 3167 2530
19 3167 2350
16 3169
17 3169 2295
9 3169 3170
10 3169 10
18 3169 2363
18 3169 2480
16 3171
17 3171 2295
9 3171 3172
10 3171 10
18 3171 2507
18 3171 2405
18 3171 2529
19 3171 2335
16 3173
17 3173 2295
9 3173 3174
10 3173 10
18 3173 2523
18 3173 2384
18 3173 2344
16 3175
17 3175 2295
9 3175 3176
10 3175 10
18 3175 2315
18 3175 2480
16 3177
17 3177 2295
9 3177 3178
10 3177 10
18 3177 2392
18 3177 2321
18 3177 2375
18 3177 2398
16 3179
17 3179 2295
9 3179 3180
10 3179 10
18 3179 2500
18 3179 2473
18 3179 2351
18 3179 2530
16 3181
17 3181 2295
9 3181 3182
10 3181 10
18 3181 2376
18 3181 2306
18 3181 2493
16 3183
17 3183 2295
9 3183 3184
10 3183 10
18 3183 2297
18 3183 2487
18 3183 2315
18 3183 2398
16 3185
17 3185 2295
9 3185 3186
10 3185 10
18 3185 2413
18 3185 2453
16 3187
17 3187 2295
9 3187 3188
10 3187 10
18 3187 2405
18 3187 2529
16 3189
17 3189 2295
9 3189 3190
10 3189 10
18 3189 2375
18 3189 2433
18 3189 2392
16 3191
17 3191 2295
9 3191 3192
10 3191 10
18 3191 2472
18 3191 2298
18 3191 2392
16 3193
17 3193 2295
9 3193 3194
10 3193 10
18 3193 2500
18 3193 2433
18 3193 2493
18 3193 2413
19 3193 2397
16 3195
17 3195 2295
9 3195 3196
10 3195 10
18 3195 2298
18 3195 2514
18 3195 2322
16 3197
17 3197 2295
9 3197 3198
10 3197 10
18 3197 2459
18 3197 2357
18 3197 2448
18 3197 2375
19 3197 2343
16 3199
17 3199 2295
9 3199 3200
10 3199 10
18 3199 2523
18 3199 2322
16 3201
17 3201 2295
9 3201 3202
10 3201 10
18 3201 2500
18 3201 2398
18 3201 2375
18 3201 2392
16 3203
17 3203 2295
9 3203 3204
10 3203 10
18 3203 2514
18 3203 2398
16 3205
17 3205 2295
9 3205 3206
10 3205 10
18 3205 2321
18 3205 2428
18 3205 2493
16 3207
17 3207 2295
9 3207 3208
10 3207 10
18 3207 2493
18 3207 2369
18 3207 2530
16 3209
17 3209 2295
9 3209 3210
10 3209 10
18 3209 2441
18 3209 2336
18 3209 2522
18 3209 2428
16 3211
17 3211 2295
9 3211 3212
10 3211 10
18 3211 2375
18 3211 2413
16 3213
17 3213 2295
9 3213 3214
10 3213 10
18 3213 2433
18 3213 2506
19 3213 2447
16 3215
17 3215 2295
9 3215 3216
10 3215 10
18 3215 2329
18 3215 2441
18 3215 2529
16 3217
17 3217 2295
9 3217 3218
10 3217 10
18 3217 2522
18 3217 2357
18 3217 2306
18 3217 2297
19 3217 2343
16 3219
17 3219 2295
9 3219 3220
10 3219 10
18 3219 2433
18 3219 2398
18 3219 2448
16 3221
17 3221 2295
9 3221 3222
10 3221 10
18 3221 2487
18 3221 2306
18 3221 2329
19 3221 2465
16 3223
17 3223 2295
9 3223 3224
10 3223 10
18 3223 2383
18 3223 2428
18 3223 2321
18 3223 2472
16 3225
17 3225 2295
9 3225 3226
10 3225 10
18 3225 2351
18 3225 2487
18 3225 2466
18 3225 2522
19 3225 2368
16 3227
17 3227 2295
9 3227 3228
10 3227 10
18 3227 2514
18 3227 2480
16 3229
17 3229 2295
9 3229 3230
10 3229 10
18 3229 2357
18 3229 2328
18 3229 2314
16 3231
17 3231 2295
9 3231 3232
10 3231 10
18 3231 2321
18 3231 2459
16 3233
17 3233 2295
9 3233 3234
10 3233 10
18 3233 2441
18 3233 2466
18 3233 2384
18 3233 2433
16 3235
17 3235 2295
9 3235 3236
10 3235 10
18 3235 2448
18 3235 2522
18 3235 2328
16 3237
17 3237 2295
9 3237 3238
10 3237 10
18 3237 2420
18 3237 2369
18 3237 2433
18 3237 2493
16 3239
17 3239 2295
9 3239 3240
10 3239 10
18 3239 2321
18 3239 2392
16 3241
17 3241 2295
9 3241 3242
10 3241 10
18 3241 2329
18 3241 2392
18 3241 2433
18 3241 2448
16 3243
17 3243 2295
9 3243 3244
10 3243 10
18 3243 2375
18 3243 2398
16 3245
17 3245 2295
9 3245 3246
10 3245 10
18 3245 2514
18 3245 2459
19 3245 2412
16 3247
17 3247 2295
9 3247 3248
10 3247 10
18 3247 2351
18 3247 2440
16 3249
17 3249 2295
9 3249 3250
10 3249 10
18 3249 2480
18 3249 2420
18 3249 2344
18 3249 2369
19 3249 2327
16 3251
17 3251 2295
9 3251 3252
10 3251 10
18 3251 2522
18 3251 2459
18 3251 2466
16 3253
17 3253 2295
9 3253 3254
10 3253 10
18 3253 2466
18 3253 2530
18 3253 2507
18 3253 2413
16 3255
17 3255 2295
9 3255 3256
10 3255 10
18 3255 2315
18 3255 2413
18 3255 2383
18 3255 2499
16 3257
17 3257 2295
9 3257 3258
10 3257 10
18 3257 2488
18 3257 2480
18 3257 2398
18 3257 2369
16 3259
17 3259 2295
9 3259 3260
10 3259 10
18 3259 2514
18 3259 2405
16 3261
17 3261 2295
9 3261 3262
10 3261 10
18 3261 2363
18 3261 2398
18 3261 2369
16 3263
17 3263 2295
9 3263 3264
10 3263 10
18 3263 2530
18 3263 2529
18 3263 2298
18 3263 2322
16 3265
17 3265 2295
9 3265 3266
10 3265 10
18 3265 2433
18 3265 2384
18 3265 2428
16 3267
17 3267 2295
9 3267 3268
10 3267 10
18 3267 2500
18 3267 2441
18 3267 2297
16 3269
17 3269 2295
9 3269 3270
10 3269 10
18 3269 2314
18 3269 2329
18 3269 2375
18 3269 2500
16 3271
17 3271 2295
9 3271 3272
10 3271 10
18 3271 2420
18 3271 2329
16 3273
17 3273 2295
9 3273 3274
10 3273 10
18 3273 2398
18 3273 2529
18 3273 2506
19 3273 2362
16 3275
17 3275 2295
9 3275 3276
10 3275 10
18 3275 2466
18 3275 2413
18 3275 2321
18 3275 2453
16 3277
17 3277 2295
9 3277 3278
10 3277 10
18 3277 2298
18 3277 2440
16 3279
17 3279 2295
9 3279 3280
10 3279 10
18 3279 2420
18 3279 2480
16 3281
17 3281 2295
9 3281 3282
10 3281 10
18 3281 2363
18 3281 2420
18 3281 2514
16 3283
17 3283 2295
9 3283 3284
10 3283 10
18 3283 2500
18 3283 2369
16 3285
17 3285 2295
9 3285 3286
10 3285 10
18 3285 2321
18 3285 2514
16 3287
17 3287 2295
9 3287 3288
10 3287 10
18 3287 2392
18 3287 2514
18 3287 2298
16 3289
17 3289 2295
9 3289 3290
10 3289 10
18 3289 2466
18 3289 2383
18 3289 2440
18 3289 2363
16 3291
17 3291 2295
9 3291 3292
10 3291 10
18 3291 2515
18 3291 2420
18 3291 2522
16 3293
17 3293 2295
9 3293 3294
10 3293 10
18 3293 2298
18 3293 2472
18 3293 2514
16 3295
17 3295 2295
9 3295 3296
10 3295 10
18 3295 2493
18 3295 2473
18 3295 2363
18 3295 2515
19 3295 2296
16 3297
17 3297 2295
9 3297 3298
10 3297 10
18 3297 2530
18 3297 2440
16 3299
17 3299 2295
9 3299 3300
10 3299 10
18 3299 2500
18 3299 2328
18 3299 2499
16 3301
17 3301 2295
9 3301 3302
10 3301 10
18 3301 2441
18 3301 2514
18 3301 2329
18 3301 2488
16 3303
17 3303 2295
9 3303 3304
10 3303 10
18 3303 2298
18 3303 2405
16 3305
17 3305 2295
9 3305 3306
10 3305 10
18 3305 2515
18 3305 2375
18 3305 2472
19 3305 2305
16 3307
17 3307 2295
9 3307 3308
10 3307 10
18 3307 2375
18 3307 2506
16 3309
17 3309 2295
9 3309 3310
10 3309 10
18 3309 2314
18 3309 2384
16 3311
17 3311 2295
9 3311 3312
10 3311 10
18 3311 2398
18 3311 2487
18 3311 2448
18 3311 2522
16 3313
17 3313 2295
9 3313 3314
10 3313 10
18 3313 2440
18 3313 2314
18 3313 2321
16 3315
17 3315 2295
9 3315 3316
10 3315 10
18 3315 2321
18 3315 2493
19 3315 2382
16 3317
17 3317 2295
9 3317 3318
10 3317 10
18 3317 2344
18 3317 2321
18 3317 2433
19 3317 2327
16 3319
17 3319 2295
9 3319 3320
10 3319 10
18 3319 2493
18 3319 2466
18 3319 2344
16 3321
17 3321 2295
9 3321 3322
10 3321 10
18 3321 2321
18 3321 2522
18 3321 2344
18 3321 2480
16 3323
17 3323 2295
9 3323 3324
10 3323 10
18 3323 2523
18 3323 2500
16 3325
17 3325 2295
9 3325 3326
10 3325 10
18 3325 2459
18 3325 2351
16 3327
17 3327 2295
9 3327 3328
10 3327 10
18 3327 2472
18 3327 2297
19 3327 2404
16 3329
17 3329 2295
9 3329 3330
10 3329 10
18 3329 2488
18 3329 2315
18 3329 2405
18 3329 2375
16 3331
17 3331 2295
9 3331 3332
10 3331 10
18 3331 2392
18 3331 2298
18 3331 2440
18 3331 2405
19 3331 2320
16 3333
17 3333 2295
9 3333 3334
10 3333 10
18 3333 2351
18 3333 2322
18 3333 2529
16 3335
17 3335 2295
9 3335 3336
10 3335 10
18 3335 2369
18 3335 2493
16 3337
17 3337 2295
9 3337 3338
10 3337 10
18 3337 2499
18 3337 2315
18 3337 2459
16 3339
17 3339 2295
9 3339 3340
10 3339 10
18 3339 2314
18 3339 2515
16 3341
17 3341 2295
9 3341 3342
10 3341 10
18 3341 2515
18 3341 2363
18 3341 2493
18 3341 2522
16 3343
17 3343 2295
9 3343 3344
10 3343 10
18 3343 2398
18 3343 2336
18 3343 2314
18 3343 2321
16 3345
17 3345 2295
9 3345 3346
10 3345 10
18 3345 2453
18 3345 2336
18 3345 2321
18 3345 2322
16 3347
17 3347 2295
9 3347 3348
10 3347 10
18 3347 2392
18 3347 2351
18 3347 2448
16 3349
17 3349 2295
9 3349 3350
10 3349 10
18 3349 2420
18 3349 2472
18 3349 2466
18 3349 2298
16 3351
17 3351 2295
9 3351 3352
10 3351 10
18 3351 2522
18 3351 2523
18 3351 2453
18 3351 2297
19 3351 2412
16 3353
17 3353 2295
9 3353 3354
10 3353 10
18 3353 2507
18 3353 2405
18 3353 2392
16 3355
17 3355 2295
9 3355 3356
10 3355 10
18 3355 2336
18 3355 2529
18 3355 2375
18 3355 2530
16 3357
17 3357 2295
9 3357 3358
10 3357 10
18 3357 2428
18 3357 2493
20 3359
17 3359 2295
9 3359 3360
10 3359 10
18 3359 2406
5 3359 150
19 3359 2327
20 3361
17 3361 2295
9 3361 3362
10 3361 10
18 3361 2474
18 3361 2531
5 3361 3363
19 3361 2313
20 3364
17 3364 2295
9 3364 3365
10 3364 10
18 3364 2516
18 3364 2494
18 3364 2406
5 3364 3366
19 3364 2350
20 3367
17 3367 2295
9 3367 3368
10 3367 10
18 3367 2501
5 3367 3369
19 3367 2412
20 3370
17 3370 2295
9 3370 3371
10 3370 10
18 3370 2532
18 3370 2393
18 3370 2467
5 3370 3372
19 3370 2486
20 3373
17 3373 2295
9 3373 3374
10 3373 10
18 3373 2434
18 3373 2385
5 3373 1502
19 3373 2320
20 3375
17 3375 2295
9 3375 3376
10 3375 10
18 3375 2421
5 3375 1648
19 3375 2458
20 3377
17 3377 2295
9 3377 3378
10 3377 10
18 3377 2442
5 3377 3379
19 3377 2313
20 3380
17 3380 2295
9 3380 3381
10 3380 10
18 3380 2467
5 3380 3382
19 3380 2368
20 3383
17 3383 2295
9 3383 3384
10 3383 10
18 3383 2400
18 3383 2461
5 3383 3385
19 3383 2412
20 3386
17 3386 2295
9 3386 3387
10 3386 10
18 3386 2377
18 3386 2442
18 3386 2443
5 3386 3388
19 3386 2327
20 3389
17 3389 2295
9 3389 3390
10 3389 10
18 3389 2358
18 3389 2393
18 3389 2338
5 3389 3391
19 3389 2458
20 3392
17 3392 2295
9 3392 3393
10 3392 10
18 3392 2508
5 3392 3394
19 3392 2452
20 3395
17 3395 2295
9 3395 3396
10 3395 10
18 3395 2414
5 3395 3397
19 3395 2356
20 3398
17 3398 2295
9 3398 3399
10 3398 10
18 3398 2443
18 3398 2422
5 3398 3400
19 3398 2447
20 3401
17 3401 2295
9 3401 3402
10 3401 10
18 3401 2299
18 3401 2378
18 3401 2338
5 3401 3403
19 3401 2327
20 3404
17 3404 2295
9 3404 3405
10 3404 10
18 3404 2345
18 3404 2378
5 3404 3406
19 3404 2412
20 3407
17 3407 2295
9 3407 3408
10 3407 10
18 3407 2422
5 3407 3409
19 3407 2313
20 3410
17 3410 2295
9 3410 3411
10 3410 10
18 3410 2467
18 3410 2330
18 3410 2352
5 3410 36
19 3410 2343
20 3412
17 3412 2295
9 3412 3413
10 3412 10
18 3412 2352
18 3412 2508
18 3412 2400
5 3412 3414
19 3412 2368
20 3415
17 3415 2295
9 3415 3416
10 3415 10
18 3415 2516
18 3415 2330
18 3415 2378
5 3415 3417
19 3415 2447
20 3418
17 3418 2295
9 3418 3419
10 3418 10
18 3418 2449
18 3418 2481
18 3418 2443
5 3418 3420
19 3418 2452
20 3421
17 3421 2295
9 3421 3422
10 3421 10
18 3421 2461
18 3421 2524
18 3421 2443
5 3421 1497
19 3421 2391
20 3423
17 3423 2295
9 3423 3424
10 3423 10
18 3423 2517
5 3423 3425
19 3423 2452
20 3426
17 3426 2295
9 3426 3427
10 3426 10
18 3426 2531
5 3426 3428
19 3426 2432
20 3429
17 3429 2295
9 3429 3430
10 3429 10
18 3429 2429
5 3429 1657
19 3429 2479
20 3431
17 3431 2295
9 3431 3432
10 3431 10
18 3431 2323
18 3431 2461
18 3431 2345
5 3431 3433
19 3431 2335
20 3434
17 3434 2295
9 3434 3435
10 3434 10
18 3434 2307
5 3434 3436
19 3434 2391
20 3437
17 3437 2295
9 3437 3438
10 3437 10
18 3437 2461
18 3437 2393
18 3437 2501
5 3437 1784
19 3437 2391
20 3439
17 3439 2295
9 3439 3440
10 3439 10
18 3439 2364
5 3439 3441
19 3439 2362
20 3442
17 3442 2295
9 3442 3443
10 3442 10
18 3442 2337
18 3442 2460
5 3442 3444
19 3442 2391
20 3445
17 3445 2295
9 3445 3446
10 3445 10
18 3445 2400
5 3445 3447
19 3445 2374
20 3448
17 3448 2295
9 3448 3449
10 3448 10
18 3448 2323
5 3448 3450
19 3448 2320
20 3451
17 3451 2295
9 3451 3452
10 3451 10
18 3451 2385
18 3451 2364
5 3451 3453
19 3451 2296
20 3454
17 3454 2295
9 3454 3455
10 3454 10
18 3454 2316
18 3454 2307
18 3454 2400
5 3454 3456
19 3454 2486
20 3457
17 3457 2295
9 3457 3458
10 3457 10
18 3457 2406
18 3457 2454
18 3457 2414
5 3457 3459
19 3457 2458
20 3460
17 3460 2295
9 3460 3461
10 3460 10
18 3460 2501
18 3460 2406
5 3460 3462
19 3460 2305
20 3463
17 3463 2295
9 3463 3464
10 3463 10
18 3463 2337
5 3463 3465
19 3463 2432
20 3466
17 3466 2295
9 3466 3467
10 3466 10
18 3466 2524
18 3466 2358
5 3466 3468
19 3466 2404
20 3469
17 3469 2295
9 3469 3470
10 3469 10
18 3469 2352
18 3469 2316
5 3469 6
19 3469 2447
20 3471
17 3471 2295
9 3471 3472
10 3471 10
18 3471 2461
5 3471 3462
19 3471 2368
20 3473
17 3473 2295
9 3473 3474
10 3473 10
18 3473 2516
18 3473 2481
5 3473 3475
19 3473 2439
20 3476
17 3476 2295
9 3476 3477
10 3476 10
18 3476 2323
5 3476 3478
19 3476 2452
20 3479
17 3479 2295
9 3479 3480
10 3479 10
18 3479 2516
18 3479 2442
5 3479 3481
19 3479 2419
20 3482
17 3482 2295
9 3482 3483
10 3482 10
18 3482 2508
5 3482 3484
19 3482 2305
20 3485
17 3485 2295
9 3485 3486
10 3485 10
18 3485 2393
5 3485 1485
19 3485 2465
20 3487
17 3487 2295
9 3487 3488
10 3487 10
18 3487 2474
18 3487 2352
5 3487 294
19 3487 2439
20 3489
17 3489 2295
9 3489 3490
10 3489 10
18 3489 2455
5 3489 3491
19 3489 2439
20 3492
17 3492 2295
9 3492 3493
10 3492 10
18 3492 2358
5 3492 3494
19 3492 2412
20 3495
17 3495 2295
9 3495 3496
10 3495 10
18 3495 2400
18 3495 2337
5 3495 3497
19 3495 2458
20 3498
17 3498 2295
9 3498 3499
10 3498 10
18 3498 2474
5 3498 2526
19 3498 2305
20 3500
17 3500 2295
9 3500 3501
10 3500 10
18 3500 2393
5 3500 3502
19 3500 2327
20 3503
17 3503 2295
9 3503 3504
10 3503 10
18 3503 2467
5 3503 3505
19 3503 2412
20 3506
17 3506 2295
9 3506 3507
10 3506 10
18 3506 2378
18 3506 2474
5 3506 15
19 3506 2374
20 3508
17 3508 2295
9 3508 3509
10 3508 10
18 3508 2508
18 3508 2414
18 3508 2385
5 3508 3510
19 3508 2465
20 3511
17 3511 2295
9 3511 3512
10 3511 10
18 3511 2299
18 3511 2443
5 3511 1462
19 3511 2335
20 3513
17 3513 2295
9 3513 3514
10 3513 10
18 3513 2345
18 3513 2454
5 3513 3515
19 3513 2471
20 3516
17 3516 2295
9 3516 3517
10 3516 10
18 3516 2429
18 3516 2337
18 3516 2421
5 3516 3518
19 3516 2382
20 3519
17 3519 2295
9 3519 3520
10 3519 10
18 3519 2454
18 3519 2393
5 3519 3521
19 3519 2458
20 3522
17 3522 2295
9 3522 3523
10 3522 10
18 3522 2377
18 3522 2454
18 3522 2316
5 3522 3524
19 3522 2327
20 3525
17 3525 2295
9 3525 3526
10 3525 10
18 3525 2524
18 3525 2406
18 3525 2516
5 3525 79
19 3525 2382
20 3527
17 3527 2295
9 3527 3528
10 3527 10
18 3527 2481
5 3527 3529
19 3527 2412
20 3530
17 3530 2295
9 3530 3531
10 3530 10
18 3530 2517
5 3530 3532
19 3530 2432
20 3533
17 3533 2295
9 3533 3534
10 3533 10
18 3533 2330
5 3533 3535
19 3533 2404
20 3536
17 3536 2295
9 3536 3537
10 3536 10
18 3536 2442
5 3536 283
19 3536 2439
20 3538
17 3538 2295
9 3538 3539
10 3538 10
18 3538 2481
18 3538 2377
18 3538 2517
5 3538 3540
19 3538 2465
20 3541
17 3541 2295
9 3541 3542
10 3541 10
18 3541 2414
5 3541 3543
19 3541 2327
20 3544
17 3544 2295
9 3544 3545
10 3544 10
18 3544 2386
18 3544 2299
18 3544 2454
5 3544 3546
19 3544 2479
20 3547
17 3547 2295
9 3547 3548
10 3547 10
18 3547 2385
18 3547 2494
5 3547 3549
19 3547 2486
20 3550
17 3550 2295
9 3550 3551
10 3550 10
18 3550 2316
18 3550 2300
18 3550 2386
5 3550 3552
19 3550 2362
20 3553
17 3553 2295
9 3553 3554
10 3553 10
18 3553 2474
18 3553 2532
5 3553 3555
19 3553 2439
20 3556
17 3556 2295
9 3556 3557
10 3556 10
18 3556 2399
18 3556 2516
18 3556 2330
5 3556 3558
19 3556 2452
20 3559
17 3559 2295
9 3559 3560
10 3559 10
18 3559 2501
18 3559 2449
5 3559 242
19 3559 2327
20 3561
17 3561 2295
9 3561 3562
10 3561 10
18 3561 2449
18 3561 2377
5 3561 98
19 3561 2479
20 3563
17 3563 2295
9 3563 3564
10 3563 10
18 3563 2524
18 3563 2454
18 3563 2443
5 3563 3565
19 3563 2452
20 3566
17 3566 2295
9 3566 3567
10 3566 10
18 3566 2434
18 3566 2299
5 3566 3568
19 3566 2356
20 3569
17 3569 2295
9 3569 3570
10 3569 10
18 3569 2378
18 3569 2364
18 3569 2454
5 3569 316
19 3569 2382
20 3571
17 3571 2295
9 3571 3572
10 3571 10
18 3571 2449
18 3571 2307
5 3571 3573
19 3571 2439
20 3574
17 3574 2295
9 3574 3575
10 3574 10
18 3574 2378
18 3574 2377
18 3574 2364
5 3574 1508
19 3574 2412
20 3576
17 3576 2295
9 3576 3577
10 3576 10
18 3576 2422
18 3576 2393
18 3576 2449
5 3576 3578
19 3576 2447
20 3579
17 3579 2295
9 3579 3580
10 3579 10
18 3579 2460
5 3579 3581
19 3579 2465
20 3582
17 3582 2295
9 3582 3583
10 3582 10
18 3582 2338
18 3582 2460
5 3582 3465
19 3582 2452
20 3584
17 3584 2295
9 3584 3585
10 3584 10
18 3584 2414
5 3584 3586
19 3584 2382
20 3587
17 3587 2295
9 3587 3588
10 3587 10
18 3587 2400
18 3587 2481
5 3587 1575
19 3587 2447
20 3589
17 3589 2295
9 3589 3590
10 3589 10
18 3589 2467
18 3589 2377
5 3589 1784
19 3589 2356
20 3591
17 3591 2295
9 3591 3592
10 3591 10
18 3591 2422
5 3591 3593
19 3591 2320
20 3594
17 3594 2295
9 3594 3595
10 3594 10
18 3594 2531
18 3594 2434
5 3594 3596
19 3594 2404
20 3597
17 3597 2295
9 3597 3598
10 3597 10
18 3597 2300
18 3597 2407
5 3597 3599
19 3597 2391
20 3600
17 3600 2295
9 3600 3601
10 3600 10
18 3600 2400
18 3600 2531
5 3600 1669
19 3600 2404
20 3602
17 3602 2295
9 3602 3603
10 3602 10
18 3602 2474
18 3602 2330
18 3602 2422
5 3602 3604
19 3602 2374
20 3605
17 3605 2295
9 3605 3606
10 3605 10
18 3605 2460
18 3605 2449
5 3605 3607
19 3605 2404
20 3608
17 3608 2295
9 3608 3609
10 3608 10
18 3608 2516
5 3608 3610
19 3608 2439
20 3611
17 3611 2295
9 3611 3612
10 3611 10
18 3611 2338
18 3611 2414
18 3611 2337
5 3611 3613
19 3611 2305
20 3614
17 3614 2295
9 3614 3615
10 3614 10
18 3614 2501
18 3614 2393
5 3614 2348
19 3614 2327
20 3616
17 3616 2295
9 3616 3617
10 3616 10
18 3616 2364
18 3616 2442
18 3616 2461
5 3616 195
19 3616 2447
20 3618
17 3618 2295
9 3618 3619
10 3618 10
18 3618 2352
5 3618 3379
19 3618 2362
20 3620
17 3620 2295
9 3620 3621
10 3620 10
18 3620 2501
5 3620 3599
19 3620 2447
20 3622
17 3622 2295
9 3622 3623
10 3622 10
18 3622 2429
18 3622 2524
18 3622 2442
5 3622 3529
19 3622 2439
20 3624
17 3624 2295
9 3624 3625
10 3624 10
18 3624 2330
5 3624 1787
19 3624 2419
20 3626
17 3626 2295
9 3626 3627
10 3626 10
18 3626 2378
18 3626 2532
5 3626 3549
19 3626 2447
20 3628
17 3628 2295
9 3628 3629
10 3628 10
18 3628 2461
18 3628 2429
18 3628 2449
5 3628 2333
19 3628 2374
20 3630
17 3630 2295
9 3630 3631
10 3630 10
18 3630 2345
18 3630 2421
5 3630 2525
19 3630 2382
20 3632
17 3632 2295
9 3632 3633
10 3632 10
18 3632 2454
18 3632 2338
18 3632 2442
5 3632 1691
19 3632 2471
20 3634
17 3634 2295
9 3634 3635
10 3634 10
18 3634 2378
18 3634 2524
5 3634 3636
19 3634 2465
20 3637
17 3637 2295
9 3637 3638
10 3637 10
18 3637 2352
18 3637 2358
5 3637 2511
19 3637 2391
20 3639
17 3639 2295
9 3639 3640
10 3639 10
18 3639 2370
5 3639 3641
19 3639 2486
20 3642
17 3642 2295
9 3642 3643
10 3642 10
18 3642 2358
18 3642 2481
5 3642 2490
19 3642 2343
20 3644
17 3644 2295
9 3644 3645
10 3644 10
18 3644 2337
18 3644 2370
18 3644 2501
5 3644 7
19 3644 2356
20 3646
17 3646 2295
9 3646 3647
10 3646 10
18 3646 2454
5 3646 3648
19 3646 2320
20 3649
17 3649 2295
9 3649 3650
10 3649 10
18 3649 2370
18 3649 2467
5 3649 3651
19 3649 2419
21 3652
2 3652 2295
21 3653
2 3653 2295
21 3654
2 3654 2295
21 3655
2 3655 2295
21 3656
2 3656 2295
21 3657
2 3657 2295
21 3658
2 3658 2295
21 3659
2 3659 2295
21 3660
2 3660 2295
21 3661
2 3661 2295
21 3662
2 3662 2295
21 3663
2 3663 2295
21 3664
2 3664 2295
21 3665
2 3665 2295
21 3666
2 3666 2295
21 3667
2 3667 2295
21 3668
2 3668 2295
21 3669
2 3669 2295
21 3670
2 3670 2295
22 3671
23 3671 2296
23 3671 3587
22 3672
23 3672 2296
23 3672 3582
22 3673
23 3673 2296
22 3674
23 3674 2296
23 3674 3364
23 3674 3412
22 3675
23 3675 2296
23 3675 3492
23 3675 3500
23 3675 3602
22 3676
23 3676 2296
23 3676 3530
22 3677
23 3677 2296
23 3677 3492
23 3677 3541
22 3678
23 3678 2296
22 3679
23 3679 2296
23 3679 3626
22 3680
23 3680 2296
22 3681
23 3681 2296
23 3681 3500
22 3682
23 3682 2296
22 3683
23 3683 2296
23 3683 3519
23 3683 3525
23 3683 3637
22 3684
23 3684 2296
23 3684 3479
22 3685
23 3685 2296
22 3686
23 3686 2296
22 3687
23 3687 2296
23 3687 3608
22 3688
23 3688 2296
22 3689
23 3689 2296
22 3690
23 3690 2305
23 3690 3519
22 3691
23 3691 2305
23 3691 3442
22 3692
23 3692 2305
22 3693
23 3693 2305
22 3694
23 3694 2305
23 3694 3489
22 3695
23 3695 2305
22 3696
23 3696 2305
22 3697
23 3697 2305
23 3697 3426
22 3698
23 3698 2305
23 3698 3367
22 3699
23 3699 2305
22 3700
23 3700 2305
23 3700 3389
23 3700 3426
22 3701
23 3701 2305
22 3702
23 3702 2305
22 3703
23 3703 2305
23 3703 3454
23 3703 3479
22 3704
23 3704 2305
23 3704 3626
22 3705
23 3705 2305
22 3706
23 3706 2305
22 3707
23 3707 2305
22 3708
23 3708 2313
23 3708 3559
22 3709
23 3709 2313
22 3710
23 3710 2313
23 3710 3426
22 3711
23 3711 2313
22 3712
23 3712 2313
22 3713
23 3713 2313
23 3713 3375
22 3714
23 3714 2313
22 3715
23 3715 2313
22 3716
23 3716 2313
22 3717
23 3717 2313
23 3717 3536
22 3718
23 3718 2313
22 3719
23 3719 2313
23 3719 3500
22 3720
23 3720 2313
22 3721
23 3721 2313
23 3721 3563
22 3722
23 3722 2313
23 3722 3553
23 3722 3579
22 3723
23 3723 2320
22 3724
23 3724 2320
23 3724 3404
23 3724 3485
23 3724 3513
22 3725
23 3725 2320
23 3725 3469
22 3726
23 3726 2320
23 3726 3463
23 3726 3527
22 3727
23 3727 2320
22 3728
23 3728 2320
22 3729
23 3729 2320
22 3730
23 3730 2320
23 3730 3367
22 3731
23 3731 2320
22 3732
23 3732 2320
23 3732 3550
22 3733
23 3733 2320
23 3733 3547
23 3733 3587
22 3734
23 3734 2320
23 3734 3533
22 3735
23 3735 2320
22 3736
23 3736 2320
23 3736 3616
22 3737
23 3737 2320
22 3738
23 3738 2320
23 3738 3463
22 3739
23 3739 2320
22 3740
23 3740 2320
22 3741
23 3741 2320
22 3742
23 3742 2327
22 3743
23 3743 2327
22 3744
23 3744 2327
23 3744 3426
22 3745
23 3745 2327
23 3745 3479
22 3746
23 3746 2327
22 3747
23 3747 2327
23 3747 3451
22 3748
23 3748 2327
23 3748 3460
22 3749
23 3749 2327
22 3750
23 3750 2327
23 3750 3630
22 3751
23 3751 2327
23 3751 3597
22 3752
23 3752 2327
23 3752 3421
22 3753
23 3753 2327
22 3754
23 3754 2327
22 3755
23 3755 2327
23 3755 3582
22 3756
23 3756 2327
23 3756 3415
22 3757
23 3757 2327
23 3757 3367
23 3757 3571
22 3758
23 3758 2335
23 3758 3395
22 3759
23 3759 2335
22 3760
23 3760 2335
23 3760 3398
22 3761
23 3761 2335
23 3761 3489
22 3762
23 3762 2335
22 3763
23 3763 2335
22 3764
23 3764 2335
22 3765
23 3765 2335
22 3766
23 3766 2335
22 3767
23 3767 2335
22 3768
23 3768 2335
23 3768 3511
23 3768 3525
22 3769
23 3769 2335
23 3769 3380
23 3769 3626
22 3770
23 3770 2335
22 3771
23 3771 2335
22 3772
23 3772 2335
23 3772 3415
23 3772 3525
22 3773
23 3773 2335
23 3773 3404
23 3773 3556
22 3774
23 3774 2335
23 3774 3584
23 3774 3634
22 3775
23 3775 2335
23 3775 3589
22 3776
23 3776 2335
23 3776 3620
23 3776 3649
22 3777
23 3777 2343
22 3778
23 3778 2343
22 3779
23 3779 2343
23 3779 3649
22 3780
23 3780 2343
23 3780 3431
23 3780 3479
22 3781
23 3781 2343
22 3782
23 3782 2343
22 3783
23 3783 2343
23 3783 3466
22 3784
23 3784 2343
22 3785
23 3785 2343
22 3786
23 3786 2343
22 3787
23 3787 2343
22 3788
23 3788 2343
23 3788 3426
22 3789
23 3789 2343
22 3790
23 3790 2343
23 3790 3527
23 3790 3536
22 3791
23 3791 2343
23 3791 3448
22 3792
23 3792 2343
22 3793
23 3793 2343
22 3794
23 3794 2350
23 3794 3401
22 3795
23 3795 2350
22 3796
23 3796 2350
23 3796 3579
23 3796 3584
22 3797
23 3797 2350
23 3797 3389
23 3797 3582
23 3797 3620
22 3798
23 3798 2350
23 3798 3373
23 3798 3487
22 3799
23 3799 2350
23 3799 3383
23 3799 3395
22 3800
23 3800 2350
23 3800 3482
23 3800 3538
22 3801
23 3801 2350
22 3802
23 3802 2350
23 3802 3407
23 3802 3437
22 3803
23 3803 2350
23 3803 3538
22 3804
23 3804 2350
22 3805
23 3805 2350
22 3806
23 3806 2350
23 3806 3476
22 3807
23 3807 2350
23 3807 3605
23 3807 3622
22 3808
23 3808 2350
23 3808 3367
22 3809
23 3809 2350
22 3810
23 3810 2350
22 3811
23 3811 2356
23 3811 3550
22 3812
23 3812 2356
22 3813
23 3813 2356
22 3814
23 3814 2356
22 3815
23 3815 2356
23 3815 3476
22 3816
23 3816 2356
22 3817
23 3817 2356
22 3818
23 3818 2356
23 3818 3485
23 3818 3500
22 3819
23 3819 2356
22 3820
23 3820 2356
22 3821
23 3821 2356
22 3822
23 3822 2356
23 3822 3611
22 3823
23 3823 2356
23 3823 3437
23 3823 3626
22 3824
23 3824 2356
23 3824 3359
22 3825
23 3825 2356
22 3826
23 3826 2356
23 3826 3370
22 3827
23 3827 2356
23 3827 3642
22 3828
23 3828 2356
23 3828 3508
23 3828 3569
22 3829
23 3829 2362
22 3830
23 3830 2362
23 3830 3442
22 3831
23 3831 2362
22 3832
23 3832 2362
23 3832 3398
22 3833
23 3833 2362
22 3834
23 3834 2362
22 3835
23 3835 2362
23 3835 3410
22 3836
23 3836 2362
23 3836 3377
22 3837
23 3837 2362
22 3838
23 3838 2362
22 3839
23 3839 2362
22 3840
23 3840 2362
22 3841
23 3841 2362
22 3842
23 3842 2362
23 3842 3370
22 3843
23 3843 2362
23 3843 3561
22 3844
23 3844 2362
22 3845
23 3845 2362
23 3845 3437
22 3846
23 3846 2362
22 3847
23 3847 2362
23 3847 3375
23 3847 3614
23 3847 3637
22 3848
23 3848 2362
23 3848 3530
22 3849
23 3849 2368
23 3849 3398
23 3849 3569
22 3850
23 3850 2368
22 3851
23 3851 2368
23 3851 3448
23 3851 3584
22 3852
23 3852 2368
23 3852 3404
22 3853
23 3853 2368
22 3854
23 3854 2368
22 3855
23 3855 2368
23 3855 3375
22 3856
23 3856 2368
22 3857
23 3857 2368
23 3857 3410
22 3858
23 3858 2368
23 3858 3508
22 3859
23 3859 2368
23 3859 3561
23 3859 3582
22 3860
23 3860 2368
23 3860 3511
22 3861
23 3861 2368
22 3862
23 3862 2368
22 3863
23 3863 2368
22 3864
23 3864 2374
23 3864 3632
22 3865
23 3865 2374
23 3865 3553
22 3866
23 3866 2374
23 3866 3541
22 3867
23 3867 2374
23 3867 3410
23 3867 3437
23 3867 3559
22 3868
23 3868 2374
22 3869
23 3869 2374
22 3870
23 3870 2374
22 3871
23 3871 2374
22 3872
23 3872 2374
23 3872 3466
22 3873
23 3873 2374
22 3874
23 3874 2374
22 3875
23 3875 2374
22 3876
23 3876 2374
23 3876 3487
22 3877
23 3877 2374
22 3878
23 3878 2374
23 3878 3594
22 3879
23 3879 2374
23 3879 3487
22 3880
23 3880 2382
22 3881
23 3881 2382
23 3881 3538
22 3882
23 3882 2382
22 3883
23 3883 2382
23 3883 3522
22 3884
23 3884 2382
23 3884 3563
22 3885
23 3885 2382
22 3886
23 3886 2382
23 3886 3364
22 3887
23 3887 2382
23 3887 3380
23 3887 3466
22 3888
23 3888 2382
22 3889
23 3889 2382
22 3890
23 3890 2382
22 3891
23 3891 2391
23 3891 3380
22 3892
23 3892 2391
23 3892 3431
23 3892 3541
22 3893
23 3893 2391
23 3893 3401
22 3894
23 3894 2391
23 3894 3395
23 3894 3544
23 3894 3644
22 3895
23 3895 2391
23 3895 3516
22 3896
23 3896 2391
22 3897
23 3897 2391
22 3898
23 3898 2391
22 3899
23 3899 2391
22 3900
23 3900 2391
22 3901
23 3901 2397
23 3901 3547
22 3902
23 3902 2397
23 3902 3401
22 3903
23 3903 2397
23 3903 3508
23 3903 3584
22 3904
23 3904 2397
22 3905
23 3905 2397
22 3906
23 3906 2397
23 3906 3437
22 3907
23 3907 2397
23 3907 3600
23 3907 3634
22 3908
23 3908 2397
23 3908 3569
22 3909
23 3909 2397
23 3909 3395
22 3910
23 3910 2397
23 3910 3364
23 3910 3600
22 3911
23 3911 2397
23 3911 3431
22 3912
23 3912 2397
22 3913
23 3913 2404
22 3914
23 3914 2404
22 3915
23 3915 2404
22 3916
23 3916 2404
23 3916 3553
22 3917
23 3917 2404
23 3917 3566
22 3918
23 3918 2404
22 3919
23 3919 2404
23 3919 3579
22 3920
23 3920 2404
22 3921
23 3921 2404
22 3922
23 3922 2404
23 3922 3584
22 3923
23 3923 2404
23 3923 3439
22 3924
23 3924 2412
23 3924 3492
23 3924 3587
22 3925
23 3925 2412
22 3926
23 3926 2412
22 3927
23 3927 2412
23 3927 3471
23 3927 3634
22 3928
23 3928 2412
22 3929
23 3929 2412
22 3930
23 3930 2412
22 3931
23 3931 2412
22 3932
23 3932 2412
22 3933
23 3933 2412
22 3934
23 3934 2412
23 3934 3527
22 3935
23 3935 2419
23 3935 3487
23 3935 3630
22 3936
23 3936 2419
23 3936 3476
22 3937
23 3937 2419
23 3937 3412
23 3937 3563
22 3938
23 3938 2419
22 3939
23 3939 2419
23 3939 3460
23 3939 3466
22 3940
23 3940 2419
23 3940 3594
22 3941
23 3941 2419
23 3941 3561
22 3942
23 3942 2419
23 3942 3442
22 3943
23 3943 2419
23 3943 3541
22 3944
23 3944 2419
23 3944 3541
23 3944 3547
22 3945
23 3945 2419
23 3945 3582
22 3946
23 3946 2419
22 3947
23 3947 2419
23 3947 3380
22 3948
23 3948 2419
22 3949
23 3949 2419
23 3949 3473
22 3950
23 3950 2419
22 3951
23 3951 2427
23 3951 3404
22 3952
23 3952 2427
22 3953
23 3953 2427
22 3954
23 3954 2427
22 3955
23 3955 2427
23 3955 3412
22 3956
23 3956 2427
22 3957
23 3957 2427
23 3957 3359
22 3958
23 3958 2427
23 3958 3370
22 3959
23 3959 2427
23 3959 3439
22 3960
23 3960 2427
22 3961
23 3961 2427
22 3962
23 3962 2427
22 3963
23 3963 2427
23 3963 3451
22 3964
23 3964 2427
22 3965
23 3965 2427
23 3965 3511
23 3965 3644
23 3965 3649
22 3966
23 3966 2427
23 3966 3454
22 3967
23 3967 2427
23 3967 3503
22 3968
23 3968 2427
22 3969
23 3969 2432
22 3970
23 3970 2432
22 3971
23 3971 2432
22 3972
23 3972 2432
23 3972 3389
22 3973
23 3973 2432
23 3973 3364
23 3973 3476
22 3974
23 3974 2432
23 3974 3547
22 3975
23 3975 2432
22 3976
23 3976 2432
23 3976 3445
23 3976 3569
22 3977
23 3977 2432
22 3978
23 3978 2432
23 3978 3359
23 3978 3553
22 3979
23 3979 2439
23 3979 3566
22 3980
23 3980 2439
23 3980 3431
22 3981
23 3981 2439
22 3982
23 3982 2439
23 3982 3359
22 3983
23 3983 2439
22 3984
23 3984 2439
22 3985
23 3985 2439
23 3985 3519
23 3985 3630
22 3986
23 3986 2439
22 3987
23 3987 2439
22 3988
23 3988 2439
23 3988 3632
22 3989
23 3989 2447
22 3990
23 3990 2447
22 3991
23 3991 2447
23 3991 3373
22 3992
23 3992 2447
22 3993
23 3993 2447
23 3993 3566
23 3993 3574
23 3993 3600
22 3994
23 3994 2452
23 3994 3375
22 3995
23 3995 2452
23 3995 3559
22 3996
23 3996 2452
23 3996 3473
22 3997
23 3997 2452
22 3998
23 3998 2452
22 3999
23 3999 2452
23 3999 3439
23 3999 3508
23 3999 3538
22 4000
23 4000 2452
22 4001
23 4001 2452
23 4001 3471
22 4002
23 4002 2452
22 4003
23 4003 2452
23 4003 3608
22 4004
23 4004 2458
22 4005
23 4005 2458
23 4005 3550
22 4006
23 4006 2458
22 4007
23 4007 2458
22 4008
23 4008 2458
23 4008 3364
22 4009
23 4009 2465
22 4010
23 4010 2465
22 4011
23 4011 2465
23 4011 3473
22 4012
23 4012 2465
23 4012 3407
22 4013
23 4013 2465
23 4013 3463
22 4014
23 4014 2471
23 4014 3367
23 4014 3630
22 4015
23 4015 2471
23 4015 3620
22 4016
23 4016 2471
22 4017
23 4017 2471
23 4017 3637
22 4018
23 4018 2471
22 4019
23 4019 2471
23 4019 3527
22 4020
23 4020 2471
22 4021
23 4021 2471
23 4021 3519
22 4022
23 4022 2479
23 4022 3454
22 4023
23 4023 2479
23 4023 3508
23 4023 3533
22 4024
23 4024 2479
23 4024 3451
23 4024 3479
23 4024 3533
22 4025
23 4025 2479
23 4025 3533
22 4026
23 4026 2479
22 4027
23 4027 2479
23 4027 3485
22 4028
23 4028 2479
23 4028 3448
22 4029
23 4029 2479
22 4030
23 4030 2486
22 4031
23 4031 2486
22 4032
23 4032 2486
23 4032 3614
22 4033
23 4033 2486
22 4034
23 4034 2486
22 4035
23 4035 2486
22 4036
23 4036 2486
23 4036 3482
22 4037
23 4037 2492
23 4037 3634
22 4038
23 4038 2492
22 4039
23 4039 2498
23 4039 3380
22 4040
23 4040 2505
23 4040 3556
22 4041
23 4041 2505
22 4042
23 4042 2513
22 4043
23 4043 2513
22 4044
23 4044 2513
22 4045
23 4045 2521
22 4046
23 4046 2521
22 4047
23 4047 2521
22 4048
23 4048 2521
23 4048 3634
22 4049
23 4049 2528
23 4049 3495
23 4049 3530
22 4050
23 4050 2528
23 4050 3602
22 4051
23 4051 2528
23 4051 3511
22 4052
23 4052 2528
22 4053
23 4053 2528
24 2297
24 2298
24 2306
24 2314
24 2315
24 2321
24 2322
24 2328
24 2329
24 2336
24 2344
24 2351
24 2357
24 2363
24 2369
24 2375
24 2376
24 2383
24 2384
24 2392
24 2398
24 2405
24 2413
24 2420
24 2428
24 2433
24 2440
24 2441
24 2448
24 2453
24 2459
24 2466
24 2472
24 2473
24 2480
24 2487
24 2488
24 2493
24 2499
24 2500
24 2506
24 2507
24 2514
24 2515
24 2522
24 2523
24 2529
24 2530
25 2299
25 2300
25 2307
25 2316
25 2323
25 2330
25 2337
25 2338
25 2345
25 2352
25 2358
25 2364
25 2370
25 2377
25 2378
25 2385
25 2386
25 2393
25 2399
25 2400
25 2406
25 2407
25 2414
25 2421
25 2422
25 2429
25 2434
25 2442
25 2443
25 2449
25 2454
25 2455
25 2460
25 2461
25 2467
25 2474
25 2481
25 2489
25 2494
25 2501
25 2508
25 2516
25 2517
25 2524
25 2531
25 2532
26 3644
27 3644 2321
26 3426
27 3426 2522
26 3516
27 3516 2473
26 3415
27 3415 2440
26 3608
27 3608 2499
26 3457
27 3457 2433
26 3404
27 3404 2383
26 3566
27 3566 2448
26 3445
27 3445 2530
26 3628
27 3628 2488
26 3392
27 3392 2529
26 3649
27 3649 2336
26 3624
27 3624 2441
26 3485
27 3485 2363
26 3642
27 3642 2480
26 3383
27 3383 2315
26 3434
27 3434 2466
26 3576
27 3576 2314
26 3375
27 3375 2459
26 3454
27 3454 2298
26 3559
27 3559 2514
26 3367
27 3367 2357
26 3574
27 3574 2297
26 3437
27 3437 2322
26 3442
27 3442 2500
26 3614
27 3614 2344
26 3471
27 3471 2507
28 3626
28 3605
28 3556
28 3500
28 3630
28 3466
28 3632
28 3506
28 3476
28 3582
28 3418
28 3410
28 3473
28 3361
28 3525
28 3487
28 3364
28 3620
28 3513
28 3451
28 3530
28 3544
28 3503
28 3463
28 3579
28 3412
28 3600
28 3533
28 3429
28 3634
28 3439
28 3389
28 3398
28 3587
28 3448
1 4054
2 4054 0
3 4055
4 4055 4056
4 4055 4057
4 4055 4058
4 4055 4059
5 4055 4060
6 4055 3604
7 4055 248
8 4055 4054
9 4055 4061
10 4055 10
11 4055 4062
3 4063
4 4063 4064
4 4063 4065
5 4063 4066
6 4063 4067
7 4063 2450
8 4063 4054
9 4063 4068
10 4063 10
11 4063 64
3 4069
4 4069 4070
4 4069 4071
4 4069 4072
5 4069 79
6 4069 4073
7 4069 3565
8 4069 4054
9 4069 4074
10 4069 10
11 4069 287
3 4075
4 4075 4076
4 4075 4077
4 4075 4078
5 4075 4079
6 4075 4080
7 4075 4081
8 4075 4054
9 4075 4082
10 4075 10
11 4075 4083
3 4084
4 4084 4085
4 4084 4086
5 4084 4087
6 4084 4088
7 4084 4089
8 4084 4054
9 4084 4090
10 4084 10
11 4084 28
12 4084 4054
3 4091
4 4091 4092
4 4091 4093
4 4091 4094
4 4091 4095
5 4091 295
6 4091 4096
7 4091 4097
8 4091 4054
9 4091 4098
10 4091 10
11 4091 82
3 4099
4 4099 4100
4 4099 4101
4 4099 4102
5 4099 294
6 4099 4103
7 4099 3596
8 4099 4054
9 4099 4104
10 4099 10
11 4099 268
13 4105
4 4105 4106
4 4105 4107
4 4105 4108
5 4105 227
6 4105 4109
7 4105 4110
8 4105 4054
9 4105 4111
10 4105 10
11 4105 55
13 4112
4 4112 4113
4 4112 4114
4 4112 4115
5 4112 4116
6 4112 4117
7 4112 4118
8 4112 4054
9 4112 4119
10 4112 10
11 4112 82
13 4120
4 4120 4121
4 4120 4122
4 4120 4123
4 4120 4124
5 4120 4125
6 4120 294
7 4120 1543
8 4120 4054
9 4120 4126
10 4120 10
11 4120 19
13 4127
4 4127 4128
4 4127 4129
4 4127 4130
4 4127 4131
5 4127 4132
6 4127 89
7 4127 4133
8 4127 4054
9 4127 4134
10 4127 10
11 4127 2403
13 4135
4 4135 4136
4 4135 4137
4 4135 4138
5 4135 4073
6 4135 4139
7 4135 4140
8 4135 4054
9 4135 4141
10 4135 10
11 4135 2411
13 4142
4 4142 4143
4 4142 4144
5 4142 4145
6 4142 4146
7 4142 4147
8 4142 4054
9 4142 4148
10 4142 10
11 4142 2304
13 4149
4 4149 4150
4 4149 4151
5 4149 3459
6 4149 2423
7 4149 4152
8 4149 4054
9 4149 4153
10 4149 10
11 4149 162
13 4154
4 4154 4155
4 4154 4156
4 4154 4157
5 4154 4158
6 4154 4159
7 4154 4160
8 4154 4054
9 4154 4161
10 4154 10
11 4154 144
13 4162
4 4162 4163
4 4162 4164
5 4162 4165
6 4162 2463
7 4162 331
8 4162 4054
9 4162 4166
10 4162 10
11 4162 4083
13 4167
4 4167 4168
4 4167 4169
4 4167 4170
5 4167 4171
6 4167 4172
7 4167 4173
8 4167 4054
9 4167 4174
10 4167 10
11 4167 171
13 4175
4 4175 4176
4 4175 4177
4 4175 4178
5 4175 1610
6 4175 4179
7 4175 257
8 4175 4054
9 4175 4180
10 4175 10
11 4175 73
13 4181
4 4181 4182
4 4181 4183
4 4181 4184
5 4181 258
6 4181 2388
7 4181 4185
8 4181 4054
9 4181 4186
10 4181 10
11 4181 4187
14 4188
4 4188 4189
4 4188 4190
4 4188 4191
5 4188 4192
6 4188 4193
7 4188 4194
8 4188 4054
9 4188 4195
10 4188 10
11 4188 287
14 4196
4 4196 4197
4 4196 4198
5 4196 4199
6 4196 141
7 4196 4200
8 4196 4054
9 4196 4201
10 4196 10
11 4196 2403
14 4202
4 4202 4203
4 4202 4204
4 4202 4205
5 4202 4206
6 4202 2495
7 4202 4207
8 4202 4054
9 4202 4208
10 4202 10
11 4202 4062
14 4209
4 4209 4210
4 4209 4211
5 4209 4212
6 4209 3468
7 4209 4179
8 4209 4054
9 4209 4213
10 4209 10
11 4209 82
14 4214
4 4214 4215
4 4214 4216
4 4214 4217
5 4214 4218
6 4214 3385
7 4214 4219
8 4214 4054
9 4214 4220
10 4214 10
11 4214 2326
14 4221
4 4221 4222
4 4221 4223
4 4221 4224
4 4221 4225
5 4221 42
6 4221 3379
7 4221 4226
8 4221 4054
9 4221 4227
10 4221 10
11 4221 2326
14 4228
4 4228 4229
4 4228 4230
5 4228 4231
6 4228 2468
7 4228 4232
8 4228 4054
9 4228 4233
10 4228 10
11 4228 231
14 4234
4 4234 4235
4 4234 4236
5 4234 4237
6 4234 4238
7 4234 4239
8 4234 4054
9 4234 4240
10 4234 10
11 4234 55
15 4241
4 4241 4242
4 4241 4243
4 4241 4244
4 4241 4245
5 4241 1806
6 4241 2339
7 4241 3641
8 4241 4054
9 4241 4246
10 4241 10
15 4247
4 4247 4248
4 4247 4249
4 4247 4250
5 4247 4251
6 4247 4252
7 4247 4253
8 4247 4054
9 4247 4254
10 4247 10
15 4255
4 4255 4256
4 4255 4257
5 4255 4258
6 4255 1439
7 4255 4259
8 4255 4054
9 4255 4260
10 4255 10
15 4261
4 4261 4262
4 4261 4263
4 4261 4264
5 4261 124
6 4261 4265
7 4261 2424
8 4261 4054
9 4261 4266
10 4261 10
15 4267
4 4267 4268
4 4267 4269
4 4267 4270
5 4267 4271
6 4267 4272
7 4267 3491
8 4267 4054
9 4267 4273
10 4267 10
15 4274
4 4274 4275
4 4274 4276
5 4274 4277
6 4274 4278
7 4274 3604
8 4274 4054
9 4274 4279
10 4274 10
15 4280
4 4280 4281
4 4280 4282
5 4280 4283
6 4280 4284
7 4280 4285
8 4280 4054
9 4280 4286
10 4280 10
16 4287
17 4287 4054
9 4287 4288
10 4287 10
18 4287 4163
18 4287 4229
18 4287 4168
18 4287 4155
19 4287 4162
16 4289
17 4289 4054
9 4289 4290
10 4289 10
18 4289 4056
18 4289 4229
18 4289 4071
18 4289 4121
16 4291
17 4291 4054
9 4291 4292
10 4291 10
18 4291 4210
18 4291 4163
18 4291 4064
18 4291 4137
16 4293
17 4293 4054
9 4293 4294
10 4293 10
18 4293 4129
18 4293 4128
16 4295
17 4295 4054
9 4295 4296
10 4295 10
18 4295 4168
18 4295 4275
16 4297
17 4297 4054
9 4297 4298
10 4297 10
18 4297 4136
18 4297 4183
19 4297 4234
16 4299
17 4299 4054
9 4299 4300
10 4299 10
18 4299 4204
18 4299 4100
18 4299 4223
16 4301
17 4301 4054
9 4301 4302
10 4301 10
18 4301 4182
18 4301 4163
19 4301 4202
16 4303
17 4303 4054
9 4303 4304
10 4303 10
18 4303 4275
18 4303 4101
16 4305
17 4305 4054
9 4305 4306
10 4305 10
18 4305 4100
18 4305 4183
16 4307
17 4307 4054
9 4307 4308
10 4307 10
18 4307 4106
18 4307 4229
18 4307 4262
18 4307 4056
16 4309
17 4309 4054
9 4309 4310
10 4309 10
18 4309 4121
18 4309 4215
19 4309 4075
16 4311
17 4311 4054
9 4311 4312
10 4311 10
18 4311 4113
18 4311 4093
16 4313
17 4313 4054
9 4313 4314
10 4313 10
18 4313 4197
18 4313 4064
19 4313 4149
16 4315
17 4315 4054
9 4315 4316
10 4315 10
18 4315 4064
18 4315 4242
16 4317
17 4317 4054
9 4317 4318
10 4317 10
18 4317 4106
18 4317 4070
18 4317 4190
18 4317 4223
16 4319
17 4319 4054
9 4319 4320
10 4319 10
18 4319 4129
18 4319 4121
16 4321
17 4321 4054
9 4321 4322
10 4321 10
18 4321 4268
18 4321 4168
18 4321 4210
18 4321 4204
16 4323
17 4323 4054
9 4323 4324
10 4323 10
18 4323 4229
18 4323 4182
18 4323 4113
16 4325
17 4325 4054
9 4325 4326
10 4325 10
18 4325 4248
18 4325 4190
16 4327
17 4327 4054
9 4327 4328
10 4327 10
18 4327 4121
18 4327 4197
18 4327 4155
18 4327 4281
19 4327 4221
16 4329
17 4329 4054
9 4329 4330
10 4329 10
18 4329 4216
18 4329 4215
18 4329 4076
16 4331
17 4331 4054
9 4331 4332
10 4331 10
18 4331 4070
18 4331 4197
16 4333
17 4333 4054
9 4333 4334
10 4333 10
18 4333 4203
18 4333 4242
18 4333 4056
18 4333 4136
16 4335
17 4335 4054
9 4335 4336
10 4335 10
18 4335 4235
18 4335 4256
18 4335 4223
16 4337
17 4337 4054
9 4337 4338
10 4337 10
18 4337 4182
18 4337 4155
18 4337 4242
16 4339
17 4339 4054
9 4339 4340
10 4339 10
18 4339 4249
18 4339 4057
18 4339 4077
18 4339 4101
19 4339 4209
16 4341
17 4341 4054
9 4341 4342
10 4341 10
18 4341 4243
18 4341 4093
18 4341 4275
18 4341 4155
16 4343
17 4343 4054
9 4343 4344
10 4343 10
18 4343 4183
18 4343 4150
18 4343 4235
18 4343 4128
16 4345
17 4345 4054
9 4345 4346
10 4345 10
18 4345 4085
18 4345 4121
16 4347
17 4347 4054
9 4347 4348
10 4347 10
18 4347 4150
18 4347 4210
18 4347 4155
16 4349
17 4349 4054
9 4349 4350
10 4349 10
18 4349 4113
18 4349 4183
16 4351
17 4351 4054
9 4351 4352
10 4351 10
18 4351 4100
18 4351 4203
18 4351 4243
16 4353
17 4353 4054
9 4353 4354
10 4353 10
18 4353 4242
18 4353 4248
19 4353 4221
16 4355
17 4355 4054
9 4355 4356
10 4355 10
18 4355 4070
18 4355 4197
18 4355 4229
16 4357
17 4357 4054
9 4357 4358
10 4357 10
18 4357 4076
18 4357 4281
16 4359
17 4359 4054
9 4359 4360
10 4359 10
18 4359 4128
18 4359 4070
18 4359 4190
18 4359 4210
16 4361
17 4361 4054
9 4361 4362
10 4361 10
18 4361 4057
18 4361 4064
16 4363
17 4363 4054
9 4363 4364
10 4363 10
18 4363 4085
18 4363 4071
16 4365
17 4365 4054
9 4365 4366
10 4365 10
18 4365 4190
18 4365 4242
18 4365 4176
18 4365 4223
16 4367
17 4367 4054
9 4367 4368
10 4367 10
18 4367 4268
18 4367 4248
19 4367 4099
16 4369
17 4369 4054
9 4369 4370
10 4369 10
18 4369 4057
18 4369 4077
18 4369 4249
16 4371
17 4371 4054
9 4371 4372
10 4371 10
18 4371 4100
18 4371 4215
16 4373
17 4373 4054
9 4373 4374
10 4373 10
18 4373 4077
18 4373 4256
18 4373 4281
16 4375
17 4375 4054
9 4375 4376
10 4375 10
18 4375 4100
18 4375 4122
18 4375 4071
16 4377
17 4377 4054
9 4377 4378
10 4377 10
18 4377 4223
18 4377 4155
19 4377 4149
16 4379
17 4379 4054
9 4379 4380
10 4379 10
18 4379 4150
18 4379 4057
18 4379 4077
18 4379 4222
19 4379 4234
16 4381
17 4381 4054
9 4381 4382
10 4381 10
18 4381 4243
18 4381 4092
19 4381 4135
16 4383
17 4383 4054
9 4383 4384
10 4383 10
18 4383 4210
18 4383 4057
18 4383 4216
18 4383 4262
16 4385
17 4385 4054
9 4385 4386
10 4385 10
18 4385 4210
18 4385 4223
18 4385 4122
16 4387
17 4387 4054
9 4387 4388
10 4387 10
18 4387 4128
18 4387 4281
18 4387 4163
18 4387 4190
16 4389
17 4389 4054
9 4389 4390
10 4389 10
18 4389 4256
18 4389 4262
16 4391
17 4391 4054
9 4391 4392
10 4391 10
18 4391 4093
18 4391 4204
18 4391 4210
16 4393
17 4393 4054
9 4393 4394
10 4393 10
18 4393 4163
18 4393 4077
18 4393 4197
18 4393 4215
16 4395
17 4395 4054
9 4395 4396
10 4395 10
18 4395 4262
18 4395 4235
18 4395 4189
18 4395 4100
16 4397
17 4397 4054
9 4397 4398
10 4397 10
18 4397 4235
18 4397 4275
18 4397 4137
16 4399
17 4399 4054
9 4399 4400
10 4399 10
18 4399 4235
18 4399 4182
16 4401
17 4401 4054
9 4401 4402
10 4401 10
18 4401 4150
18 4401 4222
18 4401 4100
18 4401 4256
16 4403
17 4403 4054
9 4403 4404
10 4403 10
18 4403 4085
18 4403 4137
16 4405
17 4405 4054
9 4405 4406
10 4405 10
18 4405 4056
18 4405 4268
16 4407
17 4407 4054
9 4407 4408
10 4407 10
18 4407 4057
18 4407 4155
18 4407 4163
16 4409
17 4409 4054
9 4409 4410
10 4409 10
18 4409 4092
18 4409 4143
16 4411
17 4411 4054
9 4411 4412
10 4411 10
18 4411 4100
18 4411 4057
18 4411 4136
18 4411 4122
16 4413
17 4413 4054
9 4413 4414
10 4413 10
18 4413 4064
18 4413 4077
18 4413 4275
16 4415
17 4415 4054
9 4415 4416
10 4415 10
18 4415 4085
18 4415 4056
18 4415 4163
16 4417
17 4417 4054
9 4417 4418
10 4417 10
18 4417 4136
18 4417 4215
18 4417 4070
16 4419
17 4419 4054
9 4419 4420
10 4419 10
18 4419 4203
18 4419 4256
18 4419 4064
19 4419 4221
16 4421
17 4421 4054
9 4421 4422
10 4421 10
18 4421 4243
18 4421 4070
18 4421 4121
16 4423
17 4423 4054
9 4423 4424
10 4423 10
18 4423 4100
18 4423 4064
18 4423 4242
18 4423 4057
16 4425
17 4425 4054
9 4425 4426
10 4425 10
18 4425 4129
18 4425 4101
18 4425 4275
16 4427
17 4427 4054
9 4427 4428
10 4427 10
18 4427 4076
18 4427 4281
18 4427 4223
16 4429
17 4429 4054
9 4429 4430
10 4429 10
18 4429 4100
18 4429 4136
18 4429 4197
18 4429 4056
16 4431
17 4431 4054
9 4431 4432
10 4431 10
18 4431 4070
18 4431 4136
18 4431 4092
18 4431 4256
19 4431 4120
16 4433
17 4433 4054
9 4433 4434
10 4433 10
18 4433 4190
18 4433 4183
18 4433 4229
16 4435
17 4435 4054
9 4435 4436
10 4435 10
18 4435 4113
18 4435 4076
18 4435 4215
16 4437
17 4437 4054
9 4437 4438
10 4437 10
18 4437 4190
18 4437 4262
16 4439
17 4439 4054
9 4439 4440
10 4439 10
18 4439 4216
18 4439 4092
16 4441
17 4441 4054
9 4441 4442
10 4441 10
18 4441 4076
18 4441 4121
16 4443
17 4443 4054
9 4443 4444
10 4443 10
18 4443 4182
18 4443 4106
18 4443 4101
16 4445
17 4445 4054
9 4445 4446
10 4445 10
18 4445 4092
18 4445 4100
18 4445 4071
16 4447
17 4447 4054
9 4447 4448
10 4447 10
18 4447 4190
18 4447 4203
18 4447 4248
16 4449
17 4449 4054
9 4449 4450
10 4449 10
18 4449 4122
18 4449 4106
16 4451
17 4451 4054
9 4451 4452
10 4451 10
18 4451 4064
18 4451 4128
18 4451 4163
16 4453
17 4453 4054
9 4453 4454
10 4453 10
18 4453 4243
18 4453 4262
16 4455
17 4455 4054
9 4455 4456
10 4455 10
18 4455 4223
18 4455 4281
18 4455 4182
18 4455 4275
16 4457
17 4457 4054
9 4457 4458
10 4457 10
18 4457 4197
18 4457 4243
18 4457 4215
18 4457 4137
16 4459
17 4459 4054
9 4459 4460
10 4459 10
18 4459 4256
18 4459 4143
16 4461
17 4461 4054
9 4461 4462
10 4461 10
18 4461 4197
18 4461 4163
18 4461 4248
19 4461 4175
16 4463
17 4463 4054
9 4463 4464
10 4463 10
18 4463 4150
18 4463 4190
18 4463 4249
16 4465
17 4465 4054
9 4465 4466
10 4465 10
18 4465 4204
18 4465 4101
16 4467
17 4467 4054
9 4467 4468
10 4467 10
18 4467 4215
18 4467 4190
16 4469
17 4469 4054
9 4469 4470
10 4469 10
18 4469 4268
18 4469 4249
16 4471
17 4471 4054
9 4471 4472
10 4471 10
18 4471 4136
18 4471 4076
18 4471 4092
16 4473
17 4473 4054
9 4473 4474
10 4473 10
18 4473 4242
18 4473 4229
18 4473 4092
18 4473 4268
16 4475
17 4475 4054
9 4475 4476
10 4475 10
18 4475 4262
18 4475 4076
18 4475 4235
18 4475 4210
16 4477
17 4477 4054
9 4477 4478
10 4477 10
18 4477 4057
18 4477 4106
16 4479
17 4479 4054
9 4479 4480
10 4479 10
18 4479 4215
18 4479 4136
18 4479 4235
16 4481
17 4481 4054
9 4481 4482
10 4481 10
18 4481 4077
18 4481 4070
18 4481 4176
18 4481 4076
16 4483
17 4483 4054
9 4483 4484
10 4483 10
18 4483 4057
18 4483 4210
19 4483 4099
16 4485
17 4485 4054
9 4485 4486
10 4485 10
18 4485 4136
18 4485 4092
16 4487
17 4487 4054
9 4487 4488
10 4487 10
18 4487 4155
18 4487 4121
16 4489
17 4489 4054
9 4489 4490
10 4489 10
18 4489 4216
18 4489 4256
18 4489 4281
18 4489 4275
19 4489 4181
16 4491
17 4491 4054
9 4491 4492
10 4491 10
18 4491 4204
18 4491 4281
16 4493
17 4493 4054
9 4493 4494
10 4493 10
18 4493 4262
18 4493 4210
19 4493 4202
16 4495
17 4495 4054
9 4495 4496
10 4495 10
18 4495 4183
18 4495 4155
19 4495 4234
16 4497
17 4497 4054
9 4497 4498
10 4497 10
18 4497 4100
18 4497 4064
16 4499
17 4499 4054
9 4499 4500
10 4499 10
18 4499 4210
18 4499 4150
19 4499 4149
16 4501
17 4501 4054
9 4501 4502
10 4501 10
18 4501 4150
18 4501 4182
18 4501 4070
18 4501 4155
16 4503
17 4503 4054
9 4503 4504
10 4503 10
18 4503 4176
18 4503 4057
18 4503 4204
16 4505
17 4505 4054
9 4505 4506
10 4505 10
18 4505 4262
18 4505 4101
18 4505 4106
18 4505 4203
16 4507
17 4507 4054
9 4507 4508
10 4507 10
18 4507 4203
18 4507 4235
18 4507 4182
18 4507 4275
16 4509
17 4509 4054
9 4509 4510
10 4509 10
18 4509 4248
18 4509 4176
18 4509 4189
19 4509 4105
16 4511
17 4511 4054
9 4511 4512
10 4511 10
18 4511 4223
18 4511 4092
18 4511 4256
16 4513
17 4513 4054
9 4513 4514
10 4513 10
18 4513 4256
18 4513 4190
18 4513 4093
16 4515
17 4515 4054
9 4515 4516
10 4515 10
18 4515 4215
18 4515 4070
18 4515 4189
18 4515 4106
16 4517
17 4517 4054
9 4517 4518
10 4517 10
18 4517 4243
18 4517 4057
18 4517 4197
18 4517 4163
16 4519
17 4519 4054
9 4519 4520
10 4519 10
18 4519 4268
18 4519 4136
18 4519 4275
18 4519 4076
16 4521
17 4521 4054
9 4521 4522
10 4521 10
18 4521 4275
18 4521 4143
18 4521 4183
18 4521 4210
16 4523
17 4523 4054
9 4523 4524
10 4523 10
18 4523 4129
18 4523 4163
18 4523 4268
18 4523 4056
16 4525
17 4525 4054
9 4525 4526
10 4525 10
18 4525 4275
18 4525 4203
19 4525 4228
16 4527
17 4527 4054
9 4527 4528
10 4527 10
18 4527 4168
18 4527 4064
16 4529
17 4529 4054
9 4529 4530
10 4529 10
18 4529 4122
18 4529 4182
18 4529 4215
19 4529 4221
16 4531
17 4531 4054
9 4531 4532
10 4531 10
18 4531 4223
18 4531 4248
16 4533
17 4533 4054
9 4533 4534
10 4533 10
18 4533 4077
18 4533 4150
18 4533 4143
16 4535
17 4535 4054
9 4535 4536
10 4535 10
18 4535 4216
18 4535 4136
18 4535 4222
16 4537
17 4537 4054
9 4537 4538
10 4537 10
18 4537 4077
18 4537 4215
16 4539
17 4539 4054
9 4539 4540
10 4539 10
18 4539 4235
18 4539 4085
18 4539 4101
19 4539 4105
16 4541
17 4541 4054
9 4541 4542
10 4541 10
18 4541 4268
18 4541 4235
18 4541 4085
19 4541 4084
16 4543
17 4543 4054
9 4543 4544
10 4543 10
18 4543 4129
18 4543 4113
18 4543 4216
16 4545
17 4545 4054
9 4545 4546
10 4545 10
18 4545 4243
18 4545 4057
19 4545 4142
16 4547
17 4547 4054
9 4547 4548
10 4547 10
18 4547 4248
18 4547 4242
16 4549
17 4549 4054
9 4549 4550
10 4549 10
18 4549 4215
18 4549 4143
18 4549 4121
19 4549 4154
16 4551
17 4551 4054
9 4551 4552
10 4551 10
18 4551 4057
18 4551 4197
18 4551 4070
16 4553
17 4553 4054
9 4553 4554
10 4553 10
18 4553 4113
18 4553 4070
16 4555
17 4555 4054
9 4555 4556
10 4555 10
18 4555 4215
18 4555 4229
18 4555 4182
18 4555 4143
16 4557
17 4557 4054
9 4557 4558
10 4557 10
18 4557 4235
18 4557 4092
18 4557 4056
18 4557 4128
16 4559
17 4559 4054
9 4559 4560
10 4559 10
18 4559 4128
18 4559 4071
18 4559 4248
18 4559 4136
16 4561
17 4561 4054
9 4561 4562
10 4561 10
18 4561 4204
18 4561 4176
16 4563
17 4563 4054
9 4563 4564
10 4563 10
18 4563 4092
18 4563 4071
19 4563 4175
16 4565
17 4565 4054
9 4565 4566
10 4565 10
18 4565 4155
18 4565 4070
16 4567
17 4567 4054
9 4567 4568
10 4567 10
18 4567 4071
18 4567 4101
16 4569
17 4569 4054
9 4569 4570
10 4569 10
18 4569 4223
18 4569 4229
16 4571
17 4571 4054
9 4571 4572
10 4571 10
18 4571 4129
18 4571 4222
16 4573
17 4573 4054
9 4573 4574
10 4573 10
18 4573 4215
18 4573 4176
18 4573 4077
18 4573 4243
19 4573 4099
16 4575
17 4575 4054
9 4575 4576
10 4575 10
18 4575 4143
18 4575 4229
18 4575 4222
19 4575 4214
16 4577
17 4577 4054
9 4577 4578
10 4577 10
18 4577 4197
18 4577 4249
18 4577 4101
16 4579
17 4579 4054
9 4579 4580
10 4579 10
18 4579 4168
18 4579 4242
18 4579 4056
18 4579 4268
16 4581
17 4581 4054
9 4581 4582
10 4581 10
18 4581 4243
18 4581 4256
18 4581 4229
16 4583
17 4583 4054
9 4583 4584
10 4583 10
18 4583 4281
18 4583 4076
16 4585
17 4585 4054
9 4585 4586
10 4585 10
18 4585 4176
18 4585 4092
16 4587
17 4587 4054
9 4587 4588
10 4587 10
18 4587 4176
18 4587 4262
16 4589
17 4589 4054
9 4589 4590
10 4589 10
18 4589 4182
18 4589 4093
18 4589 4064
18 4589 4215
16 4591
17 4591 4054
9 4591 4592
10 4591 10
18 4591 4122
18 4591 4216
18 4591 4092
18 4591 4176
16 4593
17 4593 4054
9 4593 4594
10 4593 10
18 4593 4216
18 4593 4101
18 4593 4077
16 4595
17 4595 4054
9 4595 4596
10 4595 10
18 4595 4163
18 4595 4122
16 4597
17 4597 4054
9 4597 4598
10 4597 10
18 4597 4143
18 4597 4128
18 4597 4136
19 4597 4075
16 4599
17 4599 4054
9 4599 4600
10 4599 10
18 4599 4197
18 4599 4101
18 4599 4204
16 4601
17 4601 4054
9 4601 4602
10 4601 10
18 4601 4168
18 4601 4275
18 4601 4057
18 4601 4204
19 4601 4063
16 4603
17 4603 4054
9 4603 4604
10 4603 10
18 4603 4215
18 4603 4093
18 4603 4137
18 4603 4076
16 4605
17 4605 4054
9 4605 4606
10 4605 10
18 4605 4256
18 4605 4150
18 4605 4243
16 4607
17 4607 4054
9 4607 4608
10 4607 10
18 4607 4176
18 4607 4183
18 4607 4203
19 4607 4075
16 4609
17 4609 4054
9 4609 4610
10 4609 10
18 4609 4113
18 4609 4204
16 4611
17 4611 4054
9 4611 4612
10 4611 10
18 4611 4085
18 4611 4121
18 4611 4077
16 4613
17 4613 4054
9 4613 4614
10 4613 10
18 4613 4182
18 4613 4121
18 4613 4143
18 4613 4248
16 4615
17 4615 4054
9 4615 4616
10 4615 10
18 4615 4190
18 4615 4268
18 4615 4129
18 4615 4243
16 4617
17 4617 4054
9 4617 4618
10 4617 10
18 4617 4077
18 4617 4243
16 4619
17 4619 4054
9 4619 4620
10 4619 10
18 4619 4113
18 4619 4121
18 4619 4197
16 4621
17 4621 4054
9 4621 4622
10 4621 10
18 4621 4122
18 4621 4106
18 4621 4168
19 4621 4055
16 4623
17 4623 4054
9 4623 4624
10 4623 10
18 4623 4229
18 4623 4176
16 4625
17 4625 4054
9 4625 4626
10 4625 10
18 4625 4113
18 4625 4215
18 4625 4190
16 4627
17 4627 4054
9 4627 4628
10 4627 10
18 4627 4092
18 4627 4249
16 4629
17 4629 4054
9 4629 4630
10 4629 10
18 4629 4168
18 4629 4262
18 4629 4085
16 4631
17 4631 4054
9 4631 4632
10 4631 10
18 4631 4256
18 4631 4136
18 4631 4262
18 4631 4093
19 4631 4175
16 4633
17 4633 4054
9 4633 4634
10 4633 10
18 4633 4093
18 4633 4229
18 4633 4203
18 4633 4163
16 4635
17 4635 4054
9 4635 4636
10 4635 10
18 4635 4243
18 4635 4204
16 4637
17 4637 4054
9 4637 4638
10 4637 10
18 4637 4275
18 4637 4216
18 4637 4189
16 4639
17 4639 4054
9 4639 4640
10 4639 10
18 4639 4229
18 4639 4182
16 4641
17 4641 4054
9 4641 4642
10 4641 10
18 4641 4242
18 4641 4275
18 4641 4256
18 4641 4168
19 4641 4084
16 4643
17 4643 4054
9 4643 4644
10 4643 10
18 4643 4128
18 4643 4106
16 4645
17 4645 4054
9 4645 4646
10 4645 10
18 4645 4176
18 4645 4268
18 4645 4076
16 4647
17 4647 4054
9 4647 4648
10 4647 10
18 4647 4106
18 4647 4197
18 4647 4129
18 4647 4182
16 4649
17 4649 4054
9 4649 4650
10 4649 10
18 4649 4176
18 4649 4092
16 4651
17 4651 4054
9 4651 4652
10 4651 10
18 4651 4182
18 4651 4155
18 4651 4275
18 4651 4122
16 4653
17 4653 4054
9 4653 4654
10 4653 10
18 4653 4248
18 4653 4129
18 4653 4057
16 4655
17 4655 4054
9 4655 4656
10 4655 10
18 4655 4197
18 4655 4129
16 4657
17 4657 4054
9 4657 4658
10 4657 10
18 4657 4100
18 4657 4070
18 4657 4056
16 4659
17 4659 4054
9 4659 4660
10 4659 10
18 4659 4248
18 4659 4262
19 4659 4127
16 4661
17 4661 4054
9 4661 4662
10 4661 10
18 4661 4150
18 4661 4071
18 4661 4168
18 4661 4100
16 4663
17 4663 4054
9 4663 4664
10 4663 10
18 4663 4092
18 4663 4077
18 4663 4113
18 4663 4256
16 4665
17 4665 4054
9 4665 4666
10 4665 10
18 4665 4190
18 4665 4183
18 4665 4248
16 4667
17 4667 4054
9 4667 4668
10 4667 10
18 4667 4136
18 4667 4143
16 4669
17 4669 4054
9 4669 4670
10 4669 10
18 4669 4077
18 4669 4100
18 4669 4215
18 4669 4189
19 4669 4091
16 4671
17 4671 4054
9 4671 4672
10 4671 10
18 4671 4203
18 4671 4128
18 4671 4190
18 4671 4229
19 4671 4149
16 4673
17 4673 4054
9 4673 4674
10 4673 10
18 4673 4121
18 4673 4071
16 4675
17 4675 4054
9 4675 4676
10 4675 10
18 4675 4136
18 4675 4070
18 4675 4235
16 4677
17 4677 4054
9 4677 4678
10 4677 10
18 4677 4101
18 4677 4077
18 4677 4143
19 4677 4228
16 4679
17 4679 4054
9 4679 4680
10 4679 10
18 4679 4235
18 4679 4057
18 4679 4064
16 4681
17 4681 4054
9 4681 4682
10 4681 10
18 4681 4197
18 4681 4248
18 4681 4176
16 4683
17 4683 4054
9 4683 4684
10 4683 10
18 4683 4281
18 4683 4137
18 4683 4275
16 4685
17 4685 4054
9 4685 4686
10 4685 10
18 4685 4275
18 4685 4113
18 4685 4182
18 4685 4155
19 4685 4202
16 4687
17 4687 4054
9 4687 4688
10 4687 10
18 4687 4222
18 4687 4223
19 4687 4209
16 4689
17 4689 4054
9 4689 4690
10 4689 10
18 4689 4190
18 4689 4249
18 4689 4128
18 4689 4150
16 4691
17 4691 4054
9 4691 4692
10 4691 10
18 4691 4122
18 4691 4248
18 4691 4136
16 4693
17 4693 4054
9 4693 4694
10 4693 10
18 4693 4281
18 4693 4243
18 4693 4122
18 4693 4136
16 4695
17 4695 4054
9 4695 4696
10 4695 10
18 4695 4150
18 4695 4121
18 4695 4113
16 4697
17 4697 4054
9 4697 4698
10 4697 10
18 4697 4101
18 4697 4248
18 4697 4106
18 4697 4216
16 4699
17 4699 4054
9 4699 4700
10 4699 10
18 4699 4070
18 4699 4183
18 4699 4143
16 4701
17 4701 4054
9 4701 4702
10 4701 10
18 4701 4223
18 4701 4057
18 4701 4093
18 4701 4076
16 4703
17 4703 4054
9 4703 4704
10 4703 10
18 4703 4113
18 4703 4203
18 4703 4210
16 4705
17 4705 4054
9 4705 4706
10 4705 10
18 4705 4076
18 4705 4163
19 4705 4091
16 4707
17 4707 4054
9 4707 4708
10 4707 10
18 4707 4150
18 4707 4223
18 4707 4210
18 4707 4268
16 4709
17 4709 4054
9 4709 4710
10 4709 10
18 4709 4222
18 4709 4223
16 4711
17 4711 4054
9 4711 4712
10 4711 10
18 4711 4262
18 4711 4101
18 4711 4150
18 4711 4113
16 4713
17 4713 4054
9 4713 4714
10 4713 10
18 4713 4076
18 4713 4210
16 4715
17 4715 4054
9 4715 4716
10 4715 10
18 4715 4216
18 4715 4256
18 4715 4268
18 4715 4243
16 4717
17 4717 4054
9 4717 4718
10 4717 10
18 4717 4136
18 4717 4256
18 4717 4101
18 4717 4215
16 4719
17 4719 4054
9 4719 4720
10 4719 10
18 4719 4183
18 4719 4182
18 4719 4128
18 4719 4281
16 4721
17 4721 4054
9 4721 4722
10 4721 10
18 4721 4122
18 4721 4137
18 4721 4121
18 4721 4229
16 4723
17 4723 4054
9 4723 4724
10 4723 10
18 4723 4197
18 4723 4155
16 4725
17 4725 4054
9 4725 4726
10 4725 10
18 4725 4076
18 4725 4057
18 4725 4155
16 4727
17 4727 4054
9 4727 4728
10 4727 10
18 4727 4077
18 4727 4223
18 4727 4076
18 4727 4101
16 4729
17 4729 4054
9 4729 4730
10 4729 10
18 4729 4182
18 4729 4121
18 4729 4235
16 4731
17 4731 4054
9 4731 4732
10 4731 10
18 4731 4216
18 4731 4136
18 4731 4070
18 4731 4168
19 4731 4154
16 4733
17 4733 4054
9 4733 4734
10 4733 10
18 4733 4281
18 4733 4076
18 4733 4203
18 4733 4183
16 4735
17 4735 4054
9 4735 4736
10 4735 10
18 4735 4071
18 4735 4223
18 4735 4243
18 4735 4235
16 4737
17 4737 4054
9 4737 4738
10 4737 10
18 4737 4071
18 4737 4155
18 4737 4268
19 4737 4221
16 4739
17 4739 4054
9 4739 4740
10 4739 10
18 4739 4064
18 4739 4223
18 4739 4248
16 4741
17 4741 4054
9 4741 4742
10 4741 10
18 4741 4216
18 4741 4203
16 4743
17 4743 4054
9 4743 4744
10 4743 10
18 4743 4168
18 4743 4137
18 4743 4121
16 4745
17 4745 4054
9 4745 4746
10 4745 10
18 4745 4281
18 4745 4189
18 4745 4210
16 4747
17 4747 4054
9 4747 4748
10 4747 10
18 4747 4129
18 4747 4121
18 4747 4216
18 4747 4197
16 4749
17 4749 4054
9 4749 4750
10 4749 10
18 4749 4176
18 4749 4137
18 4749 4182
18 4749 4262
16 4751
17 4751 4054
9 4751 4752
10 4751 10
18 4751 4122
18 4751 4057
18 4751 4222
18 4751 4197
16 4753
17 4753 4054
9 4753 4754
10 4753 10
18 4753 4190
18 4753 4155
16 4755
17 4755 4054
9 4755 4756
10 4755 10
18 4755 4203
18 4755 4121
18 4755 4249
18 4755 4093
19 4755 4188
16 4757
17 4757 4054
9 4757 4758
10 4757 10
18 4757 4189
18 4757 4076
18 4757 4168
16 4759
17 4759 4054
9 4759 4760
10 4759 10
18 4759 4057
18 4759 4076
18 4759 4243
18 4759 4056
19 4759 4234
16 4761
17 4761 4054
9 4761 4762
10 4761 10
18 4761 4203
18 4761 4248
18 4761 4100
16 4763
17 4763 4054
9 4763 4764
10 4763 10
18 4763 4197
18 4763 4262
18 4763 4215
18 4763 4129
16 4765
17 4765 4054
9 4765 4766
10 4765 10
18 4765 4210
18 4765 4248
16 4767
17 4767 4054
9 4767 4768
10 4767 10
18 4767 4137
18 4767 4243
18 4767 4136
16 4769
17 4769 4054
9 4769 4770
10 4769 10
18 4769 4197
18 4769 4182
16 4771
17 4771 4054
9 4771 4772
10 4771 10
18 4771 4076
18 4771 4136
18 4771 4056
18 4771 4113
16 4773
17 4773 4054
9 4773 4774
10 4773 10
18 4773 4143
18 4773 4155
18 4773 4121
16 4775
17 4775 4054
9 4775 4776
10 4775 10
18 4775 4076
18 4775 4128
18 4775 4256
16 4777
17 4777 4054
9 4777 4778
10 4777 10
18 4777 4093
18 4777 4248
18 4777 4143
18 4777 4137
16 4779
17 4779 4054
9 4779 4780
10 4779 10
18 4779 4128
18 4779 4210
19 4779 4154
16 4781
17 4781 4054
9 4781 4782
10 4781 10
18 4781 4092
18 4781 4076
18 4781 4129
16 4783
17 4783 4054
9 4783 4784
10 4783 10
18 4783 4229
18 4783 4281
16 4785
17 4785 4054
9 4785 4786
10 4785 10
18 4785 4070
18 4785 4163
18 4785 4077
16 4787
17 4787 4054
9 4787 4788
10 4787 10
18 4787 4101
18 4787 4281
18 4787 4204
16 4789
17 4789 4054
9 4789 4790
10 4789 10
18 4789 4268
18 4789 4190
19 4789 4055
16 4791
17 4791 4054
9 4791 4792
10 4791 10
18 4791 4085
18 4791 4204
18 4791 4248
18 4791 4113
16 4793
17 4793 4054
9 4793 4794
10 4793 10
18 4793 4056
18 4793 4249
18 4793 4262
16 4795
17 4795 4054
9 4795 4796
10 4795 10
18 4795 4203
18 4795 4136
16 4797
17 4797 4054
9 4797 4798
10 4797 10
18 4797 4056
18 4797 4281
16 4799
17 4799 4054
9 4799 4800
10 4799 10
18 4799 4093
18 4799 4168
18 4799 4100
16 4801
17 4801 4054
9 4801 4802
10 4801 10
18 4801 4071
18 4801 4143
18 4801 4077
19 4801 4181
16 4803
17 4803 4054
9 4803 4804
10 4803 10
18 4803 4106
18 4803 4093
16 4805
17 4805 4054
9 4805 4806
10 4805 10
18 4805 4222
18 4805 4113
18 4805 4155
16 4807
17 4807 4054
9 4807 4808
10 4807 10
18 4807 4268
18 4807 4223
16 4809
17 4809 4054
9 4809 4810
10 4809 10
18 4809 4248
18 4809 4070
18 4809 4275
19 4809 4214
16 4811
17 4811 4054
9 4811 4812
10 4811 10
18 4811 4085
18 4811 4183
18 4811 4064
16 4813
17 4813 4054
9 4813 4814
10 4813 10
18 4813 4122
18 4813 4106
18 4813 4137
18 4813 4262
19 4813 4075
16 4815
17 4815 4054
9 4815 4816
10 4815 10
18 4815 4071
18 4815 4057
16 4817
17 4817 4054
9 4817 4818
10 4817 10
18 4817 4101
18 4817 4122
18 4817 4216
16 4819
17 4819 4054
9 4819 4820
10 4819 10
18 4819 4242
18 4819 4223
18 4819 4256
16 4821
17 4821 4054
9 4821 4822
10 4821 10
18 4821 4071
18 4821 4242
18 4821 4077
16 4823
17 4823 4054
9 4823 4824
10 4823 10
18 4823 4100
18 4823 4101
18 4823 4136
18 4823 4064
16 4825
17 4825 4054
9 4825 4826
10 4825 10
18 4825 4128
18 4825 4249
18 4825 4222
16 4827
17 4827 4054
9 4827 4828
10 4827 10
18 4827 4203
18 4827 4121
18 4827 4122
16 4829
17 4829 4054
9 4829 4830
10 4829 10
18 4829 4223
18 4829 4150
16 4831
17 4831 4054
9 4831 4832
10 4831 10
18 4831 4215
18 4831 4183
18 4831 4262
19 4831 4055
16 4833
17 4833 4054
9 4833 4834
10 4833 10
18 4833 4182
18 4833 4071
18 4833 4190
16 4835
17 4835 4054
9 4835 4836
10 4835 10
18 4835 4281
18 4835 4168
18 4835 4256
18 4835 4210
16 4837
17 4837 4054
9 4837 4838
10 4837 10
18 4837 4150
18 4837 4129
16 4839
17 4839 4054
9 4839 4840
10 4839 10
18 4839 4128
18 4839 4183
18 4839 4248
16 4841
17 4841 4054
9 4841 4842
10 4841 10
18 4841 4076
18 4841 4229
16 4843
17 4843 4054
9 4843 4844
10 4843 10
18 4843 4262
18 4843 4143
19 4843 4055
16 4845
17 4845 4054
9 4845 4846
10 4845 10
18 4845 4057
18 4845 4092
18 4845 4215
16 4847
17 4847 4054
9 4847 4848
10 4847 10
18 4847 4182
18 4847 4210
18 4847 4101
16 4849
17 4849 4054
9 4849 4850
10 4849 10
18 4849 4093
18 4849 4121
18 4849 4256
18 4849 4229
16 4851
17 4851 4054
9 4851 4852
10 4851 10
18 4851 4168
18 4851 4281
18 4851 4203
19 4851 4181
16 4853
17 4853 4054
9 4853 4854
10 4853 10
18 4853 4064
18 4853 4137
18 4853 4222
18 4853 4256
19 4853 4228
16 4855
17 4855 4054
9 4855 4856
10 4855 10
18 4855 4070
18 4855 4057
18 4855 4197
16 4857
17 4857 4054
9 4857 4858
10 4857 10
18 4857 4092
18 4857 4168
18 4857 4150
18 4857 4189
16 4859
17 4859 4054
9 4859 4860
10 4859 10
18 4859 4129
18 4859 4215
16 4861
17 4861 4054
9 4861 4862
10 4861 10
18 4861 4064
18 4861 4113
18 4861 4248
18 4861 4190
16 4863
17 4863 4054
9 4863 4864
10 4863 10
18 4863 4275
18 4863 4182
18 4863 4137
16 4865
17 4865 4054
9 4865 4866
10 4865 10
18 4865 4113
18 4865 4085
16 4867
17 4867 4054
9 4867 4868
10 4867 10
18 4867 4256
18 4867 4249
18 4867 4243
18 4867 4189
16 4869
17 4869 4054
9 4869 4870
10 4869 10
18 4869 4163
18 4869 4155
18 4869 4076
18 4869 4176
16 4871
17 4871 4054
9 4871 4872
10 4871 10
18 4871 4057
18 4871 4106
18 4871 4256
16 4873
17 4873 4054
9 4873 4874
10 4873 10
18 4873 4077
18 4873 4129
16 4875
17 4875 4054
9 4875 4876
10 4875 10
18 4875 4243
18 4875 4235
19 4875 4091
16 4877
17 4877 4054
9 4877 4878
10 4877 10
18 4877 4275
18 4877 4183
18 4877 4223
16 4879
17 4879 4054
9 4879 4880
10 4879 10
18 4879 4163
18 4879 4203
18 4879 4216
19 4879 4069
16 4881
17 4881 4054
9 4881 4882
10 4881 10
18 4881 4182
18 4881 4256
18 4881 4121
16 4883
17 4883 4054
9 4883 4884
10 4883 10
18 4883 4242
18 4883 4100
18 4883 4168
18 4883 4197
16 4885
17 4885 4054
9 4885 4886
10 4885 10
18 4885 4182
18 4885 4057
16 4887
17 4887 4054
9 4887 4888
10 4887 10
18 4887 4092
18 4887 4122
18 4887 4249
18 4887 4262
16 4889
17 4889 4054
9 4889 4890
10 4889 10
18 4889 4249
18 4889 4163
18 4889 4100
18 4889 4235
16 4891
17 4891 4054
9 4891 4892
10 4891 10
18 4891 4216
18 4891 4189
18 4891 4210
16 4893
17 4893 4054
9 4893 4894
10 4893 10
18 4893 4093
18 4893 4163
16 4895
17 4895 4054
9 4895 4896
10 4895 10
18 4895 4281
18 4895 4182
18 4895 4122
18 4895 4256
19 4895 4069
16 4897
17 4897 4054
9 4897 4898
10 4897 10
18 4897 4189
18 4897 4229
18 4897 4093
18 4897 4216
16 4899
17 4899 4054
9 4899 4900
10 4899 10
18 4899 4197
18 4899 4128
16 4901
17 4901 4054
9 4901 4902
10 4901 10
18 4901 4197
18 4901 4092
16 4903
17 4903 4054
9 4903 4904
10 4903 10
18 4903 4189
18 4903 4197
18 4903 4122
18 4903 4113
19 4903 4196
16 4905
17 4905 4054
9 4905 4906
10 4905 10
18 4905 4106
18 4905 4129
18 4905 4222
16 4907
17 4907 4054
9 4907 4908
10 4907 10
18 4907 4076
18 4907 4223
18 4907 4070
18 4907 4143
19 4907 4075
16 4909
17 4909 4054
9 4909 4910
10 4909 10
18 4909 4190
18 4909 4256
18 4909 4093
16 4911
17 4911 4054
9 4911 4912
10 4911 10
18 4911 4136
18 4911 4106
18 4911 4137
18 4911 4143
16 4913
17 4913 4054
9 4913 4914
10 4913 10
18 4913 4197
18 4913 4168
18 4913 4203
18 4913 4122
16 4915
17 4915 4054
9 4915 4916
10 4915 10
18 4915 4128
18 4915 4223
19 4915 4091
16 4917
17 4917 4054
9 4917 4918
10 4917 10
18 4917 4243
18 4917 4190
16 4919
17 4919 4054
9 4919 4920
10 4919 10
18 4919 4136
18 4919 4122
18 4919 4129
18 4919 4268
19 4919 4181
16 4921
17 4921 4054
9 4921 4922
10 4921 10
18 4921 4256
18 4921 4137
18 4921 4216
18 4921 4155
19 4921 4075
16 4923
17 4923 4054
9 4923 4924
10 4923 10
18 4923 4163
18 4923 4281
16 4925
17 4925 4054
9 4925 4926
10 4925 10
18 4925 4197
18 4925 4268
18 4925 4275
19 4925 4181
16 4927
17 4927 4054
9 4927 4928
10 4927 10
18 4927 4248
18 4927 4256
16 4929
17 4929 4054
9 4929 4930
10 4929 10
18 4929 4137
18 4929 4076
16 4931
17 4931 4054
9 4931 4932
10 4931 10
18 4931 4100
18 4931 4155
18 4931 4190
16 4933
17 4933 4054
9 4933 4934
10 4933 10
18 4933 4275
18 4933 4077
16 4935
17 4935 4054
9 4935 4936
10 4935 10
18 4935 4121
18 4935 4128
18 4935 4113
18 4935 4155
19 4935 4069
16 4937
17 4937 4054
9 4937 4938
10 4937 10
18 4937 4216
18 4937 4197
18 4937 4070
16 4939
17 4939 4054
9 4939 4940
10 4939 10
18 4939 4248
18 4939 4183
19 4939 4112
16 4941
17 4941 4054
9 4941 4942
10 4941 10
18 4941 4197
18 4941 4203
19 4941 4084
16 4943
17 4943 4054
9 4943 4944
10 4943 10
18 4943 4249
18 4943 4077
16 4945
17 4945 4054
9 4945 4946
10 4945 10
18 4945 4204
18 4945 4150
18 4945 4229
18 4945 4168
16 4947
17 4947 4054
9 4947 4948
10 4947 10
18 4947 4215
18 4947 4176
18 4947 4076
18 4947 4216
16 4949
17 4949 4054
9 4949 4950
10 4949 10
18 4949 4077
18 4949 4057
16 4951
17 4951 4054
9 4951 4952
10 4951 10
18 4951 4183
18 4951 4129
19 4951 4142
16 4953
17 4953 4054
9 4953 4954
10 4953 10
18 4953 4150
18 4953 4222
16 4955
17 4955 4054
9 4955 4956
10 4955 10
18 4955 4203
18 4955 4248
16 4957
17 4957 4054
9 4957 4958
10 4957 10
18 4957 4229
18 4957 4056
16 4959
17 4959 4054
9 4959 4960
10 4959 10
18 4959 4242
18 4959 4085
18 4959 4057
19 4959 4055
16 4961
17 4961 4054
9 4961 4962
10 4961 10
18 4961 4064
18 4961 4223
18 4961 4262
19 4961 4075
16 4963
17 4963 4054
9 4963 4964
10 4963 10
18 4963 4076
18 4963 4222
19 4963 4196
16 4965
17 4965 4054
9 4965 4966
10 4965 10
18 4965 4128
18 4965 4163
16 4967
17 4967 4054
9 4967 4968
10 4967 10
18 4967 4092
18 4967 4256
18 4967 4215
18 4967 4243
16 4969
17 4969 4054
9 4969 4970
10 4969 10
18 4969 4101
18 4969 4057
18 4969 4223
18 4969 4190
19 4969 4214
16 4971
17 4971 4054
9 4971 4972
10 4971 10
18 4971 4256
18 4971 4210
18 4971 4121
16 4973
17 4973 4054
9 4973 4974
10 4973 10
18 4973 4215
18 4973 4248
18 4973 4203
18 4973 4182
16 4975
17 4975 4054
9 4975 4976
10 4975 10
18 4975 4215
18 4975 4056
18 4975 4190
18 4975 4092
16 4977
17 4977 4054
9 4977 4978
10 4977 10
18 4977 4168
18 4977 4281
16 4979
17 4979 4054
9 4979 4980
10 4979 10
18 4979 4155
18 4979 4268
18 4979 4056
16 4981
17 4981 4054
9 4981 4982
10 4981 10
18 4981 4070
18 4981 4143
16 4983
17 4983 4054
9 4983 4984
10 4983 10
18 4983 4248
18 4983 4137
16 4985
17 4985 4054
9 4985 4986
10 4985 10
18 4985 4057
18 4985 4077
18 4985 4215
19 4985 4091
16 4987
17 4987 4054
9 4987 4988
10 4987 10
18 4987 4121
18 4987 4071
16 4989
17 4989 4054
9 4989 4990
10 4989 10
18 4989 4064
18 4989 4129
18 4989 4093
16 4991
17 4991 4054
9 4991 4992
10 4991 10
18 4991 4242
18 4991 4216
18 4991 4101
18 4991 4189
16 4993
17 4993 4054
9 4993 4994
10 4993 10
18 4993 4122
18 4993 4222
18 4993 4229
18 4993 4203
19 4993 4091
16 4995
17 4995 4054
9 4995 4996
10 4995 10
18 4995 4216
18 4995 4262
18 4995 4129
18 4995 4064
16 4997
17 4997 4054
9 4997 4998
10 4997 10
18 4997 4077
18 4997 4242
18 4997 4216
16 4999
17 4999 4054
9 4999 5000
10 4999 10
18 4999 4197
18 4999 4128
18 4999 4248
16 5001
17 5001 4054
9 5001 5002
10 5001 10
18 5001 4243
18 5001 4176
18 5001 4223
18 5001 4128
16 5003
17 5003 4054
9 5003 5004
10 5003 10
18 5003 4070
18 5003 4064
18 5003 4183
16 5005
17 5005 4054
9 5005 5006
10 5005 10
18 5005 4215
18 5005 4056
18 5005 4128
19 5005 4154
16 5007
17 5007 4054
9 5007 5008
10 5007 10
18 5007 4281
18 5007 4210
18 5007 4128
18 5007 4076
16 5009
17 5009 4054
9 5009 5010
10 5009 10
18 5009 4235
18 5009 4262
16 5011
17 5011 4054
9 5011 5012
10 5011 10
18 5011 4210
18 5011 4204
18 5011 4077
18 5011 4235
16 5013
17 5013 4054
9 5013 5014
10 5013 10
18 5013 4281
18 5013 4093
18 5013 4057
18 5013 4197
16 5015
17 5015 4054
9 5015 5016
10 5015 10
18 5015 4137
18 5015 4106
16 5017
17 5017 4054
9 5017 5018
10 5017 10
18 5017 4190
18 5017 4182
16 5019
17 5019 4054
9 5019 5020
10 5019 10
18 5019 4100
18 5019 4064
18 5019 4077
18 5019 4215
16 5021
17 5021 4054
9 5021 5022
10 5021 10
18 5021 4121
18 5021 4204
18 5021 4281
19 5021 4142
16 5023
17 5023 4054
9 5023 5024
10 5023 10
18 5023 4210
18 5023 4215
16 5025
17 5025 4054
9 5025 5026
10 5025 10
18 5025 4262
18 5025 4057
18 5025 4204
16 5027
17 5027 4054
9 5027 5028
10 5027 10
18 5027 4076
18 5027 4121
16 5029
17 5029 4054
9 5029 5030
10 5029 10
18 5029 4056
18 5029 4076
18 5029 4262
18 5029 4093
16 5031
17 5031 4054
9 5031 5032
10 5031 10
18 5031 4216
18 5031 4100
18 5031 4210
18 5031 4229
16 5033
17 5033 4054
9 5033 5034
10 5033 10
18 5033 4056
18 5033 4216
18 5033 4101
16 5035
17 5035 4054
9 5035 5036
10 5035 10
18 5035 4229
18 5035 4197
18 5035 4210
18 5035 4085
19 5035 4063
16 5037
17 5037 4054
9 5037 5038
10 5037 10
18 5037 4248
18 5037 4215
18 5037 4136
18 5037 4216
19 5037 4084
20 5039
17 5039 4054
9 5039 5040
10 5039 10
18 5039 4244
5 5039 5041
19 5039 4202
20 5042
17 5042 4054
9 5042 5043
10 5042 10
18 5042 4058
18 5042 4102
5 5042 5044
19 5042 4055
20 5045
17 5045 4054
9 5045 5046
10 5045 10
18 5045 4157
18 5045 4107
18 5045 4270
5 5045 5047
19 5045 4154
20 5048
17 5048 4054
9 5048 5049
10 5048 10
18 5048 4198
18 5048 4151
18 5048 4264
5 5048 5050
19 5048 4069
20 5051
17 5051 4054
9 5051 5052
10 5051 10
18 5051 4178
18 5051 4198
18 5051 4236
5 5051 5053
19 5051 4188
20 5054
17 5054 4054
9 5054 5055
10 5054 10
18 5054 4177
18 5054 4156
5 5054 1717
19 5054 4075
20 5056
17 5056 4054
9 5056 5057
10 5056 10
18 5056 4058
18 5056 4164
18 5056 4156
5 5056 1447
19 5056 4202
20 5058
17 5058 4054
9 5058 5059
10 5058 10
18 5058 4156
5 5058 5060
19 5058 4099
20 5061
17 5061 4054
9 5061 5062
10 5061 10
18 5061 4072
5 5061 1508
19 5061 4091
20 5063
17 5063 4054
9 5063 5064
10 5063 10
18 5063 4115
5 5063 5065
19 5063 4154
20 5066
17 5066 4054
9 5066 5067
10 5066 10
18 5066 4157
18 5066 4191
5 5066 1560
19 5066 4084
20 5068
17 5068 4054
9 5068 5069
10 5068 10
18 5068 4144
5 5068 3581
19 5068 4209
20 5070
17 5070 4054
9 5070 5071
10 5070 10
18 5070 4276
18 5070 4191
5 5070 5072
19 5070 4135
20 5073
17 5073 4054
9 5073 5074
10 5073 10
18 5073 4230
18 5073 4130
18 5073 4072
5 5073 5075
19 5073 4120
20 5076
17 5076 4054
9 5076 5077
10 5076 10
18 5076 4177
18 5076 4164
5 5076 4272
19 5076 4154
20 5078
17 5078 4054
9 5078 5079
10 5078 10
18 5078 4276
18 5078 4211
5 5078 5080
19 5078 4167
20 5081
17 5081 4054
9 5081 5082
10 5081 10
18 5081 4131
18 5081 4230
5 5081 5083
19 5081 4167
20 5084
17 5084 4054
9 5084 5085
10 5084 10
18 5084 4108
5 5084 318
19 5084 4209
20 5086
17 5086 4054
9 5086 5087
10 5086 10
18 5086 4156
18 5086 4224
18 5086 4108
5 5086 5088
19 5086 4221
20 5089
17 5089 4054
9 5089 5090
10 5089 10
18 5089 4169
18 5089 4086
5 5089 5091
19 5089 4234
20 5092
17 5092 4054
9 5092 5093
10 5092 10
18 5092 4191
5 5092 212
19 5092 4069
20 5094
17 5094 4054
9 5094 5095
10 5094 10
18 5094 4156
18 5094 4157
18 5094 4250
5 5094 5096
19 5094 4221
20 5097
17 5097 4054
9 5097 5098
10 5097 10
18 5097 4269
18 5097 4217
5 5097 1680
19 5097 4075
20 5099
17 5099 4054
9 5099 5100
10 5099 10
18 5099 4244
5 5099 1809
19 5099 4234
20 5101
17 5101 4054
9 5101 5102
10 5101 10
18 5101 4263
5 5101 5103
19 5101 4167
20 5104
17 5104 4054
9 5104 5105
10 5104 10
18 5104 4211
5 5104 5106
19 5104 4120
20 5107
17 5107 4054
9 5107 5108
10 5107 10
18 5107 4217
18 5107 4115
18 5107 4244
5 5107 302
19 5107 4188
20 5109
17 5109 4054
9 5109 5110
10 5109 10
18 5109 4164
18 5109 4065
18 5109 4245
5 5109 4285
19 5109 4175
20 5111
17 5111 4054
9 5111 5112
10 5111 10
18 5111 4151
18 5111 4094
18 5111 4230
5 5111 5113
19 5111 4142
20 5114
17 5114 4054
9 5114 5115
10 5114 10
18 5114 4130
18 5114 4198
18 5114 4108
5 5114 98
19 5114 4214
20 5116
17 5116 4054
9 5116 5117
10 5116 10
18 5116 4264
18 5116 4114
5 5116 5118
19 5116 4175
20 5119
17 5119 4054
9 5119 5120
10 5119 10
18 5119 4225
18 5119 4115
18 5119 4264
5 5119 4259
19 5119 4099
20 5121
17 5121 4054
9 5121 5122
10 5121 10
18 5121 4178
5 5121 5123
19 5121 4069
20 5124
17 5124 4054
9 5124 5125
10 5124 10
18 5124 4276
5 5124 5126
19 5124 4214
20 5127
17 5127 4054
9 5127 5128
10 5127 10
18 5127 4144
18 5127 4264
5 5127 1430
19 5127 4112
20 5129
17 5129 4054
9 5129 5130
10 5129 10
18 5129 4156
5 5129 5123
19 5129 4162
20 5131
17 5131 4054
9 5131 5132
10 5131 10
18 5131 4250
18 5131 4138
18 5131 4072
5 5131 5133
19 5131 4209
20 5134
17 5134 4054
9 5134 5135
10 5134 10
18 5134 4205
5 5134 4132
19 5134 4149
20 5136
17 5136 4054
9 5136 5137
10 5136 10
18 5136 4170
18 5136 4114
18 5136 4198
5 5136 5138
19 5136 4112
20 5139
17 5139 4054
9 5139 5140
10 5139 10
18 5139 4217
5 5139 5141
19 5139 4234
20 5142
17 5142 4054
9 5142 5143
10 5142 10
18 5142 4131
5 5142 5144
19 5142 4167
20 5145
17 5145 4054
9 5145 5146
10 5145 10
18 5145 4156
5 5145 2518
19 5145 4112
20 5147
17 5147 4054
9 5147 5148
10 5147 10
18 5147 4276
5 5147 5149
19 5147 4142
20 5150
17 5150 4054
9 5150 5151
10 5150 10
18 5150 4170
18 5150 4178
5 5150 5152
19 5150 4228
20 5153
17 5153 4054
9 5153 5154
10 5153 10
18 5153 4217
18 5153 4108
18 5153 4072
5 5153 5155
19 5153 4167
20 5156
17 5156 4054
9 5156 5157
10 5156 10
18 5156 4078
18 5156 4164
18 5156 4224
5 5156 5158
19 5156 4175
20 5159
17 5159 4054
9 5159 5160
10 5159 10
18 5159 4178
5 5159 5161
19 5159 4167
20 5162
17 5162 4054
9 5162 5163
10 5162 10
18 5162 4130
18 5162 4217
18 5162 4095
5 5162 5164
19 5162 4234
20 5165
17 5165 4054
9 5165 5166
10 5165 10
18 5165 4072
18 5165 4124
5 5165 2456
19 5165 4214
20 5167
17 5167 4054
9 5167 5168
10 5167 10
18 5167 4198
5 5167 5041
19 5167 4127
20 5169
17 5169 4054
9 5169 5170
10 5169 10
18 5169 4270
5 5169 5171
19 5169 4188
20 5172
17 5172 4054
9 5172 5173
10 5172 10
18 5172 4198
18 5172 4114
18 5172 4177
5 5172 5174
19 5172 4202
20 5175
17 5175 4054
9 5175 5176
10 5175 10
18 5175 4270
18 5175 4138
5 5175 1820
19 5175 4069
20 5177
17 5177 4054
9 5177 5178
10 5177 10
18 5177 4157
5 5177 3555
19 5177 4055
20 5179
17 5179 4054
9 5179 5180
10 5179 10
18 5179 4282
5 5179 4171
19 5179 4188
20 5181
17 5181 4054
9 5181 5182
10 5181 10
18 5181 4170
18 5181 4263
18 5181 4102
5 5181 5183
19 5181 4105
20 5184
17 5184 4054
9 5184 5185
10 5184 10
18 5184 4130
5 5184 1729
19 5184 4202
20 5186
17 5186 4054
9 5186 5187
10 5186 10
18 5186 4138
18 5186 4236
18 5186 4184
5 5186 1642
19 5186 4075
20 5188
17 5188 4054
9 5188 5189
10 5188 10
18 5188 4131
18 5188 4244
18 5188 4225
5 5188 1790
19 5188 4055
20 5190
17 5190 4054
9 5190 5191
10 5190 10
18 5190 4245
5 5190 1473
19 5190 4209
20 5192
17 5192 4054
9 5192 5193
10 5192 10
18 5192 4244
5 5192 5194
19 5192 4196
20 5195
17 5195 4054
9 5195 5196
10 5195 10
18 5195 4115
18 5195 4198
18 5195 4276
5 5195 5197
19 5195 4209
20 5198
17 5198 4054
9 5198 5199
10 5198 10
18 5198 4130
18 5198 4270
5 5198 5200
19 5198 4221
20 5201
17 5201 4054
9 5201 5202
10 5201 10
18 5201 4276
18 5201 4264
18 5201 4138
5 5201 1784
19 5201 4075
20 5203
17 5203 4054
9 5203 5204
10 5203 10
18 5203 4270
18 5203 4224
18 5203 4211
5 5203 5205
19 5203 4214
20 5206
17 5206 4054
9 5206 5207
10 5206 10
18 5206 4124
18 5206 4138
5 5206 5208
19 5206 4167
20 5209
17 5209 4054
9 5209 5210
10 5209 10
18 5209 4095
5 5209 2476
19 5209 4181
20 5211
17 5211 4054
9 5211 5212
10 5211 10
18 5211 4257
18 5211 4058
18 5211 4211
5 5211 295
19 5211 4221
20 5213
17 5213 4054
9 5213 5214
10 5213 10
18 5213 4217
18 5213 4170
18 5213 4072
5 5213 1680
19 5213 4063
20 5215
17 5215 4054
9 5215 5216
10 5215 10
18 5215 4217
18 5215 4078
18 5215 4138
5 5215 250
19 5215 4149
20 5217
17 5217 4054
9 5217 5218
10 5217 10
18 5217 4245
18 5217 4282
5 5217 1473
19 5217 4162
20 5219
17 5219 4054
9 5219 5220
10 5219 10
18 5219 4131
18 5219 4191
5 5219 5221
19 5219 4162
20 5222
17 5222 4054
9 5222 5223
10 5222 10
18 5222 4108
18 5222 4282
5 5222 5224
19 5222 4069
20 5225
17 5225 4054
9 5225 5226
10 5225 10
18 5225 4257
5 5225 5227
19 5225 4069
20 5228
17 5228 4054
9 5228 5229
10 5228 10
18 5228 4058
5 5228 5080
19 5228 4075
20 5230
17 5230 4054
9 5230 5231
10 5230 10
18 5230 4072
18 5230 4102
5 5230 2416
19 5230 4196
20 5232
17 5232 4054
9 5232 5233
10 5232 10
18 5232 4078
18 5232 4263
18 5232 4108
5 5232 1528
19 5232 4228
20 5234
17 5234 4054
9 5234 5235
10 5234 10
18 5234 4114
18 5234 4178
5 5234 5236
19 5234 4127
20 5237
17 5237 4054
9 5237 5238
10 5237 10
18 5237 4211
18 5237 4072
18 5237 4130
5 5237 196
19 5237 4221
20 5239
17 5239 4054
9 5239 5240
10 5239 10
18 5239 4058
18 5239 4198
5 5239 5241
19 5239 4055
20 5242
17 5242 4054
9 5242 5243
10 5242 10
18 5242 4130
5 5242 1666
19 5242 4075
20 5244
17 5244 4054
9 5244 5245
10 5244 10
18 5244 4094
18 5244 4224
5 5244 5246
19 5244 4228
20 5247
17 5247 4054
9 5247 5248
10 5247 10
18 5247 4184
5 5247 5249
19 5247 4127
20 5250
17 5250 4054
9 5250 5251
10 5250 10
18 5250 4270
5 5250 5252
19 5250 4099
20 5253
17 5253 4054
9 5253 5254
10 5253 10
18 5253 4144
18 5253 4257
5 5253 5255
19 5253 4181
20 5256
17 5256 4054
9 5256 5257
10 5256 10
18 5256 4059
18 5256 4236
5 5256 5258
19 5256 4154
20 5259
17 5259 4054
9 5259 5260
10 5259 10
18 5259 4123
5 5259 5261
19 5259 4069
20 5262
17 5262 4054
9 5262 5263
10 5262 10
18 5262 4211
18 5262 4191
18 5262 4078
5 5262 2519
19 5262 4234
20 5264
17 5264 4054
9 5264 5265
10 5264 10
18 5264 4124
5 5264 5266
19 5264 4055
20 5267
17 5267 4054
9 5267 5268
10 5267 10
18 5267 4065
18 5267 4124
18 5267 4269
5 5267 5269
19 5267 4149
20 5270
17 5270 4054
9 5270 5271
10 5270 10
18 5270 4164
18 5270 4236
18 5270 4250
5 5270 4066
19 5270 4188
20 5272
17 5272 4054
9 5272 5273
10 5272 10
18 5272 4270
18 5272 4169
18 5272 4230
5 5272 5274
19 5272 4099
20 5275
17 5275 4054
9 5275 5276
10 5275 10
18 5275 4169
18 5275 4257
5 5275 5277
19 5275 4135
20 5278
17 5278 4054
9 5278 5279
10 5278 10
18 5278 4282
5 5278 5280
19 5278 4221
20 5281
17 5281 4054
9 5281 5282
10 5281 10
18 5281 4144
18 5281 4264
18 5281 4178
5 5281 4158
19 5281 4149
20 5283
17 5283 4054
9 5283 5284
10 5283 10
18 5283 4164
18 5283 4236
5 5283 236
19 5283 4135
20 5285
17 5285 4054
9 5285 5286
10 5285 10
18 5285 4124
5 5285 134
19 5285 4135
20 5287
17 5287 4054
9 5287 5288
10 5287 10
18 5287 4170
5 5287 2423
19 5287 4075
20 5289
17 5289 4054
9 5289 5290
10 5289 10
18 5289 4184
18 5289 4225
5 5289 2359
19 5289 4221
20 5291
17 5291 4054
9 5291 5292
10 5291 10
18 5291 4078
18 5291 4131
18 5291 4217
5 5291 1749
19 5291 4075
20 5293
17 5293 4054
9 5293 5294
10 5293 10
18 5293 4078
18 5293 4124
5 5293 5295
19 5293 4196
20 5296
17 5296 4054
9 5296 5297
10 5296 10
18 5296 4094
18 5296 4072
5 5296 220
19 5296 4075
20 5298
17 5298 4054
9 5298 5299
10 5298 10
18 5298 4217
18 5298 4264
5 5298 1702
19 5298 4075
20 5300
17 5300 4054
9 5300 5301
10 5300 10
18 5300 4198
5 5300 5302
19 5300 4063
20 5303
17 5303 4054
9 5303 5304
10 5303 10
18 5303 4078
18 5303 4102
18 5303 4184
5 5303 16
19 5303 4149
20 5305
17 5305 4054
9 5305 5306
10 5305 10
18 5305 4276
18 5305 4205
18 5305 4151
5 5305 5307
19 5305 4188
20 5308
17 5308 4054
9 5308 5309
10 5308 10
18 5308 4264
18 5308 4169
5 5308 5041
19 5308 4063
21 5310
2 5310 4054
21 5311
2 5311 4054
21 5312
2 5312 4054
21 5313
2 5313 4054
21 5314
2 5314 4054
21 5315
2 5315 4054
21 5316
2 5316 4054
21 5317
2 5317 4054
21 5318
2 5318 4054
21 5319
2 5319 4054
21 5320
2 5320 4054
21 5321
2 5321 4054
21 5322
2 5322 4054
22 5323
23 5323 4055
23 5323 5285
22 5324
23 5324 4055
22 5325
23 5325 4055
23 5325 5051
23 5325 5272
22 5326
23 5326 4055
22 5327
23 5327 4055
22 5328
23 5328 4055
22 5329
23 5329 4055
23 5329 5116
22 5330
23 5330 4055
23 5330 5211
22 5331
23 5331 4055
22 5332
23 5332 4055
23 5332 5124
22 5333
23 5333 4055
23 5333 5116
23 5333 5195
22 5334
23 5334 4055
22 5335
23 5335 4055
23 5335 5078
22 5336
23 5336 4055
22 5337
23 5337 4055
23 5337 5089
23 5337 5188
22 5338
23 5338 4055
23 5338 5068
22 5339
23 5339 4055
22 5340
23 5340 4055
22 5341
23 5341 4063
23 5341 5219
22 5342
23 5342 4063
22 5343
23 5343 4063
23 5343 5121
22 5344
23 5344 4063
22 5345
23 5345 4063
23 5345 5107
22 5346
23 5346 4063
23 5346 5129
22 5347
23 5347 4063
22 5348
23 5348 4063
23 5348 5184
22 5349
23 5349 4063
23 5349 5150
22 5350
23 5350 4063
22 5351
23 5351 4063
22 5352
23 5352 4063
22 5353
23 5353 4063
22 5354
23 5354 4063
23 5354 5213
22 5355
23 5355 4063
22 5356
23 5356 4063
23 5356 5192
23 5356 5211
22 5357
23 5357 4063
23 5357 5089
23 5357 5114
23 5357 5184
22 5358
23 5358 4063
22 5359
23 5359 4069
22 5360
23 5360 4069
22 5361
23 5361 4069
23 5361 5186
22 5362
23 5362 4069
23 5362 5237
22 5363
23 5363 4069
23 5363 5172
22 5364
23 5364 4069
22 5365
23 5365 4069
23 5365 5073
22 5366
23 5366 4069
22 5367
23 5367 4069
22 5368
23 5368 4069
23 5368 5156
22 5369
23 5369 4069
22 5370
23 5370 4069
23 5370 5287
22 5371
23 5371 4069
23 5371 5213
22 5372
23 5372 4069
22 5373
23 5373 4069
22 5374
23 5374 4069
22 5375
23 5375 4069
23 5375 5048
22 5376
23 5376 4075
22 5377
23 5377 4075
22 5378
23 5378 4075
23 5378 5230
22 5379
23 5379 4075
23 5379 5291
22 5380
23 5380 4075
23 5380 5300
22 5381
23 5381 4075
22 5382
23 5382 4075
22 5383
23 5383 4075
23 5383 5136
23 5383 5270
23 5383 5287
22 5384
23 5384 4075
23 5384 5305
22 5385
23 5385 4075
22 5386
23 5386 4075
22 5387
23 5387 4075
22 5388
23 5388 4075
22 5389
23 5389 4075
22 5390
23 5390 4075
22 5391
23 5391 4075
23 5391 5300
22 5392
23 5392 4075
22 5393
23 5393 4075
22 5394
23 5394 4075
22 5395
23 5395 4075
23 5395 5184
22 5396
23 5396 4084
23 5396 5298
22 5397
23 5397 4084
22 5398
23 5398 4084
23 5398 5308
22 5399
23 5399 4084
23 5399 5039
23 5399 5136
22 5400
23 5400 4084
23 5400 5084
22 5401
23 5401 4084
23 5401 5209
22 5402
23 5402 4084
23 5402 5048
22 5403
23 5403 4084
22 5404
23 5404 4084
23 5404 5127
23 5404 5131
23 5404 5134
23 5404 5172
22 5405
23 5405 4084
22 5406
23 5406 4084
22 5407
23 5407 4084
22 5408
23 5408 4084
23 5408 5066
23 5408 5092
23 5408 5159
22 5409
23 5409 4084
23 5409 5116
22 5410
23 5410 4084
22 5411
23 5411 4084
23 5411 5119
22 5412
23 5412 4084
23 5412 5109
23 5412 5219
22 5413
23 5413 4084
23 5413 5139
22 5414
23 5414 4091
22 5415
23 5415 4091
22 5416
23 5416 4091
22 5417
23 5417 4091
23 5417 5222
22 5418
23 5418 4091
23 5418 5156
23 5418 5232
22 5419
23 5419 4091
22 5420
23 5420 4091
23 5420 5298
22 5421
23 5421 4091
22 5422
23 5422 4091
23 5422 5111
22 5423
23 5423 4091
23 5423 5099
22 5424
23 5424 4091
22 5425
23 5425 4091
22 5426
23 5426 4091
23 5426 5129
22 5427
23 5427 4091
23 5427 5063
23 5427 5124
22 5428
23 5428 4091
22 5429
23 5429 4091
22 5430
23 5430 4099
22 5431
23 5431 4099
23 5431 5165
22 5432
23 5432 4099
22 5433
23 5433 4099
23 5433 5094
23 5433 5267
22 5434
23 5434 4099
23 5434 5097
22 5435
23 5435 4099
22 5436
23 5436 4099
23 5436 5278
22 5437
23 5437 4099
22 5438
23 5438 4099
22 5439
23 5439 4099
23 5439 5104
22 5440
23 5440 4099
22 5441
23 5441 4099
23 5441 5048
22 5442
23 5442 4099
23 5442 5195
22 5443
23 5443 4099
23 5443 5213
22 5444
23 5444 4099
23 5444 5086
23 5444 5153
23 5444 5167
23 5444 5169
23 5444 5215
22 5445
23 5445 4105
22 5446
23 5446 4105
22 5447
23 5447 4105
22 5448
23 5448 4105
23 5448 5264
22 5449
23 5449 4105
22 5450
23 5450 4105
23 5450 5281
22 5451
23 5451 4105
23 5451 5225
23 5451 5298
22 5452
23 5452 4105
22 5453
23 5453 4105
22 5454
23 5454 4105
22 5455
23 5455 4105
23 5455 5042
23 5455 5150
23 5455 5267
22 5456
23 5456 4105
23 5456 5054
22 5457
23 5457 4105
22 5458
23 5458 4105
23 5458 5048
23 5458 5232
22 5459
23 5459 4105
23 5459 5179
22 5460
23 5460 4112
23 5460 5272
22 5461
23 5461 4112
22 5462
23 5462 4112
22 5463
23 5463 4112
23 5463 5111
22 5464
23 5464 4112
22 5465
23 5465 4112
22 5466
23 5466 4112
22 5467
23 5467 4112
22 5468
23 5468 4112
23 5468 5121
22 5469
23 5469 4112
23 5469 5139
22 5470
23 5470 4112
23 5470 5298
22 5471
23 5471 4120
23 5471 5131
22 5472
23 5472 4120
23 5472 5281
22 5473
23 5473 4120
22 5474
23 5474 4120
22 5475
23 5475 4120
23 5475 5211
22 5476
23 5476 4120
23 5476 5094
22 5477
23 5477 4120
23 5477 5058
23 5477 5167
22 5478
23 5478 4120
23 5478 5127
22 5479
23 5479 4120
23 5479 5237
22 5480
23 5480 4120
23 5480 5139
22 5481
23 5481 4120
23 5481 5136
22 5482
23 5482 4120
23 5482 5289
22 5483
23 5483 4120
23 5483 5111
23 5483 5169
23 5483 5211
22 5484
23 5484 4120
22 5485
23 5485 4120
22 5486
23 5486 4120
23 5486 5145
22 5487
23 5487 4120
23 5487 5225
22 5488
23 5488 4120
23 5488 5219
23 5488 5222
22 5489
23 5489 4127
22 5490
23 5490 4127
23 5490 5073
22 5491
23 5491 4127
23 5491 5234
22 5492
23 5492 4127
23 5492 5225
22 5493
23 5493 4127
22 5494
23 5494 4127
23 5494 5291
22 5495
23 5495 4127
22 5496
23 5496 4127
22 5497
23 5497 4127
23 5497 5073
23 5497 5159
22 5498
23 5498 4127
22 5499
23 5499 4127
23 5499 5296
22 5500
23 5500 4127
22 5501
23 5501 4127
23 5501 5104
23 5501 5181
23 5501 5308
22 5502
23 5502 4127
23 5502 5129
23 5502 5195
22 5503
23 5503 4127
23 5503 5190
22 5504
23 5504 4127
22 5505
23 5505 4127
23 5505 5054
23 5505 5267
22 5506
23 5506 4127
22 5507
23 5507 4135
23 5507 5186
23 5507 5278
22 5508
23 5508 4135
22 5509
23 5509 4135
22 5510
23 5510 4135
22 5511
23 5511 4135
22 5512
23 5512 4135
22 5513
23 5513 4135
22 5514
23 5514 4135
23 5514 5051
22 5515
23 5515 4135
23 5515 5129
22 5516
23 5516 4135
23 5516 5129
22 5517
23 5517 4135
22 5518
23 5518 4135
23 5518 5162
22 5519
23 5519 4135
22 5520
23 5520 4135
23 5520 5114
22 5521
23 5521 4135
22 5522
23 5522 4135
23 5522 5114
23 5522 5162
23 5522 5264
22 5523
23 5523 4135
23 5523 5058
22 5524
23 5524 4142
23 5524 5107
23 5524 5203
23 5524 5213
22 5525
23 5525 4142
22 5526
23 5526 4142
23 5526 5116
23 5526 5162
23 5526 5217
23 5526 5270
22 5527
23 5527 4142
23 5527 5225
22 5528
23 5528 4142
22 5529
23 5529 4142
22 5530
23 5530 4142
23 5530 5300
22 5531
23 5531 4142
23 5531 5081
23 5531 5213
23 5531 5300
22 5532
23 5532 4142
23 5532 5109
23 5532 5181
23 5532 5230
22 5533
23 5533 4142
23 5533 5262
22 5534
23 5534 4142
22 5535
23 5535 4142
22 5536
23 5536 4142
23 5536 5111
22 5537
23 5537 4142
22 5538
23 5538 4142
22 5539
23 5539 4142
22 5540
23 5540 4142
22 5541
23 5541 4142
23 5541 5153
22 5542
23 5542 4149
22 5543
23 5543 4149
22 5544
23 5544 4149
22 5545
23 5545 4149
22 5546
23 5546 4149
22 5547
23 5547 4149
22 5548
23 5548 4149
22 5549
23 5549 4149
22 5550
23 5550 4149
23 5550 5188
22 5551
23 5551 4149
22 5552
23 5552 4149
22 5553
23 5553 4149
23 5553 5094
22 5554
23 5554 4149
22 5555
23 5555 4149
23 5555 5081
23 5555 5237
22 5556
23 5556 4149
22 5557
23 5557 4149
23 5557 5192
22 5558
23 5558 4149
23 5558 5045
23 5558 5145
22 5559
23 5559 4154
23 5559 5153
23 5559 5192
23 5559 5291
22 5560
23 5560 4154
23 5560 5211
22 5561
23 5561 4154
23 5561 5092
22 5562
23 5562 4154
23 5562 5089
22 5563
23 5563 4154
23 5563 5215
22 5564
23 5564 4154
23 5564 5051
23 5564 5181
22 5565
23 5565 4154
23 5565 5287
22 5566
23 5566 4154
22 5567
23 5567 4154
23 5567 5094
23 5567 5234
22 5568
23 5568 4154
23 5568 5054
22 5569
23 5569 4154
22 5570
23 5570 4154
23 5570 5159
22 5571
23 5571 4154
23 5571 5139
22 5572
23 5572 4154
22 5573
23 5573 4154
22 5574
23 5574 4154
23 5574 5045
22 5575
23 5575 4154
22 5576
23 5576 4162
23 5576 5203
22 5577
23 5577 4162
22 5578
23 5578 4162
23 5578 5156
22 5579
23 5579 4162
23 5579 5058
23 5579 5159
22 5580
23 5580 4162
23 5580 5177
22 5581
23 5581 4162
22 5582
23 5582 4162
22 5583
23 5583 4162
23 5583 5156
23 5583 5289
22 5584
23 5584 4162
22 5585
23 5585 4162
23 5585 5109
22 5586
23 5586 4162
22 5587
23 5587 4162
22 5588
23 5588 4162
23 5588 5066
22 5589
23 5589 4162
23 5589 5184
22 5590
23 5590 4162
23 5590 5147
22 5591
23 5591 4162
23 5591 5119
22 5592
23 5592 4162
23 5592 5042
22 5593
23 5593 4167
22 5594
23 5594 4167
22 5595
23 5595 4167
22 5596
23 5596 4167
23 5596 5092
22 5597
23 5597 4167
23 5597 5081
23 5597 5162
22 5598
23 5598 4167
22 5599
23 5599 4167
23 5599 5136
22 5600
23 5600 4167
23 5600 5039
22 5601
23 5601 4167
22 5602
23 5602 4167
22 5603
23 5603 4167
22 5604
23 5604 4167
22 5605
23 5605 4167
22 5606
23 5606 4167
22 5607
23 5607 4167
23 5607 5181
22 5608
23 5608 4167
22 5609
23 5609 4175
23 5609 5225
22 5610
23 5610 4175
22 5611
23 5611 4175
23 5611 5114
22 5612
23 5612 4175
22 5613
23 5613 4175
22 5614
23 5614 4175
22 5615
23 5615 4175
22 5616
23 5616 4175
22 5617
23 5617 4175
23 5617 5167
22 5618
23 5618 4175
23 5618 5147
23 5618 5150
22 5619
23 5619 4181
23 5619 5147
22 5620
23 5620 4181
22 5621
23 5621 4181
22 5622
23 5622 4181
22 5623
23 5623 4181
23 5623 5127
22 5624
23 5624 4181
23 5624 5270
22 5625
23 5625 4181
22 5626
23 5626 4181
22 5627
23 5627 4181
23 5627 5073
23 5627 5259
22 5628
23 5628 4181
22 5629
23 5629 4181
22 5630
23 5630 4188
23 5630 5237
22 5631
23 5631 4188
22 5632
23 5632 4188
22 5633
23 5633 4188
23 5633 5073
22 5634
23 5634 4188
22 5635
23 5635 4188
23 5635 5278
23 5635 5285
22 5636
23 5636 4188
23 5636 5078
23 5636 5215
22 5637
23 5637 4188
23 5637 5109
23 5637 5124
23 5637 5136
22 5638
23 5638 4188
23 5638 5293
22 5639
23 5639 4188
22 5640
23 5640 4196
23 5640 5192
22 5641
23 5641 4196
22 5642
23 5642 4196
23 5642 5063
23 5642 5195
22 5643
23 5643 4196
22 5644
23 5644 4196
23 5644 5094
23 5644 5104
22 5645
23 5645 4196
23 5645 5070
22 5646
23 5646 4196
23 5646 5051
22 5647
23 5647 4202
23 5647 5092
22 5648
23 5648 4202
22 5649
23 5649 4202
23 5649 5121
23 5649 5167
22 5650
23 5650 4202
23 5650 5142
22 5651
23 5651 4202
23 5651 5104
23 5651 5159
23 5651 5296
22 5652
23 5652 4202
22 5653
23 5653 4209
22 5654
23 5654 4209
22 5655
23 5655 4209
23 5655 5195
22 5656
23 5656 4209
23 5656 5145
22 5657
23 5657 4209
23 5657 5051
22 5658
23 5658 4209
23 5658 5167
23 5658 5237
22 5659
23 5659 4209
22 5660
23 5660 4209
22 5661
23 5661 4209
22 5662
23 5662 4209
23 5662 5239
22 5663
23 5663 4214
23 5663 5262
22 5664
23 5664 4214
23 5664 5192
22 5665
23 5665 4214
23 5665 5156
23 5665 5272
22 5666
23 5666 4214
23 5666 5109
22 5667
23 5667 4214
22 5668
23 5668 4214
23 5668 5131
22 5669
23 5669 4214
22 5670
23 5670 4214
23 5670 5153
22 5671
23 5671 4214
23 5671 5045
23 5671 5264
23 5671 5272
22 5672
23 5672 4214
23 5672 5222
22 5673
23 5673 4221
22 5674
23 5674 4221
23 5674 5298
22 5675
23 5675 4221
23 5675 5042
22 5676
23 5676 4221
22 5677
23 5677 4221
22 5678
23 5678 4221
22 5679
23 5679 4221
22 5680
23 5680 4221
22 5681
23 5681 4228
22 5682
23 5682 4228
23 5682 5162
22 5683
23 5683 4228
23 5683 5222
23 5683 5262
22 5684
23 5684 4228
23 5684 5267
22 5685
23 5685 4228
22 5686
23 5686 4228
23 5686 5150
23 5686 5219
22 5687
23 5687 4228
22 5688
23 5688 4228
23 5688 5058
23 5688 5169
22 5689
23 5689 4234
23 5689 5172
22 5690
23 5690 4234
22 5691
23 5691 4234
22 5692
23 5692 4234
23 5692 5099
22 5693
23 5693 4234
22 5694
23 5694 4234
22 5695
23 5695 4234
23 5695 5056
23 5695 5272
22 5696
23 5696 4241
22 5697
23 5697 4241
22 5698
23 5698 4247
22 5699
23 5699 4247
22 5700
23 5700 4261
22 5701
23 5701 4261
22 5702
23 5702 4274
23 5702 5114
22 5703
23 5703 4274
23 5703 5058
24 4056
24 4057
24 4064
24 4070
24 4071
24 4076
24 4077
24 4085
24 4092
24 4093
24 4100
24 4101
24 4106
24 4113
24 4121
24 4122
24 4128
24 4129
24 4136
24 4137
24 4143
24 4150
24 4155
24 4163
24 4168
24 4176
24 4182
24 4183
24 4189
24 4190
24 4197
24 4203
24 4204
24 4210
24 4215
24 4216
24 4222
24 4223
24 4229
24 4235
24 4242
24 4243
24 4248
24 4249
24 4256
24 4262
24 4268
24 4275
24 4281
25 4058
25 4059
25 4065
25 4072
25 4078
25 4086
25 4094
25 4095
25 4102
25 4107
25 4108
25 4114
25 4115
25 4123
25 4124
25 4130
25 4131
25 4138
25 4144
25 4151
25 4156
25 4157
25 4164
25 4169
25 4170
25 4177
25 4178
25 4184
25 4191
25 4198
25 4205
25 4211
25 4217
25 4224
25 4225
25 4230
25 4236
25 4244
25 4245
25 4250
25 4257
25 4263
25 4264
25 4269
25 4270
25 4276
25 4282
26 5109
27 5109 4275
26 5061
27 5061 4242
26 5184
27 5184 4281
26 5162
27 5162 4077
26 5097
27 5097 4215
26 5142
27 5142 4235
26 5291
27 5291 4197
26 5101
27 5101 4064
26 5066
27 5066 4071
26 5114
27 5114 4182
26 5121
27 5121 4203
26 5063
27 5063 4268
26 5150
27 5150 4137
26 5225
27 5225 4204
26 5275
27 5275 4243
26 5219
27 5219 4070
26 5042
27 5042 4121
26 5107
27 5107 4128
26 5099
27 5099 4136
26 5300
27 5300 4248
26 5308
27 5308 4056
26 5165
27 5165 4223
26 5259
27 5259 4100
28 5177
28 5303
28 5169
28 5192
28 5195
28 5198
28 5145
28 5270
28 5129
28 5298
28 5217
28 5068
28 5232
28 5147
28 5124
28 5058
28 5051
28 5206
28 5094
28 5215
28 5127
28 5296
28 5285
28 5186
28 5242
28 5048
28 5244
28 5139
28 5237
28 5289
28 5070
28 5039
28 5172
28 5213
1 5704
2 5704 0
3 5705
4 5705 5706
4 5705 5707
5 5705 5708
6 5705 3425
7 5705 4147
8 5705 5704
9 5705 5709
10 5705 10
11 5705 268
3 5710
4 5710 5711
4 5710 5712
4 5710 5713
5 5710 3558
6 5710 5714
7 5710 284
8 5710 5704
9 5710 5715
10 5710 10
11 5710 287
3 5716
4 5716 5717
4 5716 5718
4 5716 5719
5 5716 4147
6 5716 4060
7 5716 1414
8 5716 5704
9 5716 5720
10 5716 10
11 5716 297
3 5721
4 5721 5722
4 5721 5723
4 5721 5724
4 5721 5725
5 5721 4097
6 5721 5726
7 5721 3385
8 5721 5704
9 5721 5727
10 5721 10
11 5721 5728
3 5729
4 5729 5730
4 5729 5731
4 5729 5732
5 5729 5733
6 5729 5734
7 5729 5735
8 5729 5704
9 5729 5736
10 5729 10
11 5729 136
12 5729 5704
3 5737
4 5737 5738
4 5737 5739
4 5737 5740
5 5737 177
6 5737 5118
7 5737 5741
8 5737 5704
9 5737 5742
10 5737 10
11 5737 152
3 5743
4 5743 5744
4 5743 5745
4 5743 5746
5 5743 4160
6 5743 1560
7 5743 5747
8 5743 5704
9 5743 5748
10 5743 10
11 5743 19
3 5749
4 5749 5750
4 5749 5751
4 5749 5752
5 5749 1672
6 5749 5753
7 5749 5754
8 5749 5704
9 5749 5755
10 5749 10
11 5749 55
3 5756
4 5756 5757
4 5756 5758
4 5756 5759
5 5756 4219
6 5756 221
7 5756 3400
8 5756 5704
9 5756 5760
10 5756 10
11 5756 2411
13 5761
4 5761 5762
4 5761 5763
4 5761 5764
4 5761 5765
5 5761 1436
6 5761 3593
7 5761 5766
8 5761 5704
9 5761 5767
10 5761 10
11 5761 2403
13 5768
4 5768 5769
4 5768 5770
4 5768 5771
5 5768 276
6 5768 5083
7 5768 5772
8 5768 5704
9 5768 5773
10 5768 10
11 5768 2403
13 5774
4 5774 5775
4 5774 5776
4 5774 5777
4 5774 5778
5 5774 5779
6 5774 78
7 5774 5780
8 5774 5704
9 5774 5781
10 5774 10
11 5774 268
13 5782
4 5782 5783
4 5782 5784
4 5782 5785
5 5782 5786
6 5782 2388
7 5782 5787
8 5782 5704
9 5782 5788
10 5782 10
11 5782 46
13 5789
4 5789 5790
4 5789 5791
4 5789 5792
5 5789 149
6 5789 5793
7 5789 5794
8 5789 5704
9 5789 5795
10 5789 10
11 5789 92
13 5796
4 5796 5797
4 5796 5798
4 5796 5799
5 5796 78
6 5796 3425
7 5796 5800
8 5796 5704
9 5796 5801
10 5796 10
11 5796 4187
13 5802
4 5802 5803
4 5802 5804
4 5802 5805
5 5802 5806
6 5802 5807
7 5802 5808
8 5802 5704
9 5802 5809
10 5802 10
11 5802 82
13 5810
4 5810 5811
4 5810 5812
4 5810 5813
5 5810 5735
6 5810 3596
7 5810 1479
8 5810 5704
9 5810 5814
10 5810 10
11 5810 64
13 5815
4 5815 5816
4 5815 5817
4 5815 5818
5 5815 5819
6 5815 5820
7 5815 5821
8 5815 5704
9 5815 5822
10 5815 10
11 5815 2411
13 5823
4 5823 5824
4 5823 5825
4 5823 5826
5 5823 2360
6 5823 5827
7 5823 5828
8 5823 5704
9 5823 5829
10 5823 10
11 5823 127
13 5830
4 5830 5831
4 5830 5832
4 5830 5833
4 5830 5834
5 5830 4146
6 5830 1607
7 5830 3515
8 5830 5704
9 5830 5835
10 5830 10
11 5830 92
13 5836
4 5836 5837
4 5836 5838
5 5836 3481
6 5836 5839
7 5836 5840
8 5836 5704
9 5836 5841
10 5836 10
11 5836 198
14 5842
4 5842 5843
4 5842 5844
4 5842 5845
5 5842 5200
6 5842 5846
7 5842 228
8 5842 5704
9 5842 5847
10 5842 10
11 5842 2403
14 5848
4 5848 5849
4 5848 5850
4 5848 5851
5 5848 5852
6 5848 109
7 5848 5853
8 5848 5704
9 5848 5854
10 5848 10
11 5848 82
14 5855
4 5855 5856
4 5855 5857
4 5855 5858
4 5855 5859
5 5855 1502
6 5855 5860
7 5855 5861
8 5855 5704
9 5855 5862
10 5855 10
11 5855 19
14 5863
4 5863 5864
4 5863 5865
4 5863 5866
5 5863 5867
6 5863 5113
7 5863 5868
8 5863 5704
9 5863 5869
10 5863 10
11 5863 287
14 5870
4 5870 5871
4 5870 5872
4 5870 5873
4 5870 5874
5 5870 5171
6 5870 5875
7 5870 195
8 5870 5704
9 5870 5876
10 5870 10
11 5870 144
14 5877
4 5877 5878
4 5877 5879
5 5877 5083
6 5877 5880
7 5877 42
8 5877 5704
9 5877 5881
10 5877 10
11 5877 2304
14 5882
4 5882 5883
4 5882 5884
4 5882 5885
5 5882 5886
6 5882 5887
7 5882 2484
8 5882 5704
9 5882 5888
10 5882 10
11 5882 2411
14 5889
4 5889 5890
4 5889 5891
4 5889 5892
5 5889 5171
6 5889 2437
7 5889 5893
8 5889 5704
9 5889 5894
10 5889 10
11 5889 46
14 5895
4 5895 5896
4 5895 5897
4 5895 5898
4 5895 5899
5 5895 3414
6 5895 5900
7 5895 5901
8 5895 5704
9 5895 5902
10 5895 10
11 5895 152
14 5903
4 5903 5904
4 5903 5905
4 5903 5906
4 5903 5907
5 5903 5908
6 5903 5909
7 5903 158
8 5903 5704
9 5903 5910
10 5903 10
11 5903 152
15 5911
4 5911 5912
4 5911 5913
4 5911 5914
5 5911 1442
6 5911 5915
7 5911 5916
8 5911 5704
9 5911 5917
10 5911 10
15 5918
4 5918 5919
4 5918 5920
4 5918 5921
5 5918 24
6 5918 5922
7 5918 5923
8 5918 5704
9 5918 5924
10 5918 10
15 5925
4 5925 5926
4 5925 5927
5 5925 2317
6 5925 2347
7 5925 5928
8 5925 5704
9 5925 5929
10 5925 10
15 5930
4 5930 5931
4 5930 5932
5 5930 202
6 5930 3478
7 5930 3604
8 5930 5704
9 5930 5933
10 5930 10
15 5934
4 5934 5935
4 5934 5936
4 5934 5937
5 5934 42
6 5934 5938
7 5934 5939
8 5934 5704
9 5934 5940
10 5934 10
15 5941
4 5941 5942
4 5941 5943
5 5941 5252
6 5941 5080
7 5941 1572
8 5941 5704
9 5941 5944
10 5941 10
16 5945
17 5945 5704
9 5945 5946
10 5945 10
18 5945 5912
18 5945 5718
18 5945 5757
18 5945 5872
16 5947
17 5947 5704
9 5947 5948
10 5947 10
18 5947 5942
18 5947 5750
16 5949
17 5949 5704
9 5949 5950
10 5949 10
18 5949 5831
18 5949 5843
19 5949 5903
16 5951
17 5951 5704
9 5951 5952
10 5951 10
18 5951 5857
18 5951 5769
18 5951 5831
19 5951 5815
16 5953
17 5953 5704
9 5953 5954
10 5953 10
18 5953 5831
18 5953 5850
18 5953 5811
18 5953 5745
16 5955
17 5955 5704
9 5955 5956
10 5955 10
18 5955 5849
18 5955 5920
16 5957
17 5957 5704
9 5957 5958
10 5957 10
18 5957 5904
18 5957 5776
16 5959
17 5959 5704
9 5959 5960
10 5959 10
18 5959 5718
18 5959 5750
18 5959 5757
16 5961
17 5961 5704
9 5961 5962
10 5961 10
18 5961 5706
18 5961 5803
16 5963
17 5963 5704
9 5963 5964
10 5963 10
18 5963 5730
18 5963 5723
16 5965
17 5965 5704
9 5965 5966
10 5965 10
18 5965 5905
18 5965 5763
18 5965 5797
16 5967
17 5967 5704
9 5967 5968
10 5967 10
18 5967 5722
18 5967 5942
16 5969
17 5969 5704
9 5969 5970
10 5969 10
18 5969 5825
18 5969 5919
18 5969 5824
18 5969 5790
16 5971
17 5971 5704
9 5971 5972
10 5971 10
18 5971 5816
18 5971 5837
18 5971 5763
18 5971 5717
16 5973
17 5973 5704
9 5973 5974
10 5973 10
18 5973 5883
18 5973 5762
19 5973 5716
16 5975
17 5975 5704
9 5975 5976
10 5975 10
18 5975 5803
18 5975 5723
18 5975 5730
16 5977
17 5977 5704
9 5977 5978
10 5977 10
18 5977 5890
18 5977 5784
18 5977 5942
18 5977 5722
16 5979
17 5979 5704
9 5979 5980
10 5979 10
18 5979 5763
18 5979 5824
16 5981
17 5981 5704
9 5981 5982
10 5981 10
18 5981 5803
18 5981 5744
16 5983
17 5983 5704
9 5983 5984
10 5983 10
18 5983 5831
18 5983 5769
18 5983 5722
19 5983 5756
16 5985
17 5985 5704
9 5985 5986
10 5985 10
18 5985 5920
18 5985 5797
18 5985 5919
16 5987
17 5987 5704
9 5987 5988
10 5987 10
18 5987 5717
18 5987 5919
16 5989
17 5989 5704
9 5989 5990
10 5989 10
18 5989 5825
18 5989 5718
18 5989 5790
16 5991
17 5991 5704
9 5991 5992
10 5991 10
18 5991 5717
18 5991 5832
16 5993
17 5993 5704
9 5993 5994
10 5993 10
18 5993 5856
18 5993 5718
18 5993 5763
16 5995
17 5995 5704
9 5995 5996
10 5995 10
18 5995 5843
18 5995 5935
18 5995 5706
18 5995 5803
19 5995 5721
16 5997
17 5997 5704
9 5997 5998
10 5997 10
18 5997 5905
18 5997 5872
16 5999
17 5999 5704
9 5999 6000
10 5999 10
18 5999 5890
18 5999 5706
18 5999 5804
18 5999 5717
19 5999 5768
16 6001
17 6001 5704
9 6001 6002
10 6001 10
18 6001 5776
18 6001 5832
18 6001 5912
18 6001 5931
16 6003
17 6003 5704
9 6003 6004
10 6003 10
18 6003 5745
18 6003 5798
19 6003 5710
16 6005
17 6005 5704
9 6005 6006
10 6005 10
18 6005 5757
18 6005 5832
16 6007
17 6007 5704
9 6007 6008
10 6007 10
18 6007 5872
18 6007 5762
18 6007 5790
16 6009
17 6009 5704
9 6009 6010
10 6009 10
18 6009 5936
18 6009 5831
16 6011
17 6011 5704
9 6011 6012
10 6011 10
18 6011 5811
18 6011 5711
18 6011 5832
18 6011 5723
19 6011 5710
16 6013
17 6013 5704
9 6013 6014
10 6013 10
18 6013 5706
18 6013 5832
18 6013 5790
16 6015
17 6015 5704
9 6015 6016
10 6015 10
18 6015 5811
18 6015 5883
16 6017
17 6017 5704
9 6017 6018
10 6017 10
18 6017 5738
18 6017 5872
18 6017 5723
18 6017 5757
16 6019
17 6019 5704
9 6019 6020
10 6019 10
18 6019 5890
18 6019 5757
18 6019 5803
18 6019 5912
16 6021
17 6021 5704
9 6021 6022
10 6021 10
18 6021 5896
18 6021 5920
16 6023
17 6023 5704
9 6023 6024
10 6023 10
18 6023 5723
18 6023 5745
18 6023 5936
16 6025
17 6025 5704
9 6025 6026
10 6025 10
18 6025 5849
18 6025 5942
16 6027
17 6027 5704
9 6027 6028
10 6027 10
18 6027 5718
18 6027 5745
18 6027 5798
18 6027 5872
16 6029
17 6029 5704
9 6029 6030
10 6029 10
18 6029 5919
18 6029 5896
16 6031
17 6031 5704
9 6031 6032
10 6031 10
18 6031 5825
18 6031 5718
18 6031 5904
19 6031 5895
16 6033
17 6033 5704
9 6033 6034
10 6033 10
18 6033 5762
18 6033 5718
18 6033 5717
16 6035
17 6035 5704
9 6035 6036
10 6035 10
18 6035 5798
18 6035 5730
18 6035 5919
16 6037
17 6037 5704
9 6037 6038
10 6037 10
18 6037 5926
18 6037 5849
18 6037 5797
18 6037 5798
16 6039
17 6039 5704
9 6039 6040
10 6039 10
18 6039 5872
18 6039 5856
18 6039 5931
18 6039 5890
16 6041
17 6041 5704
9 6041 6042
10 6041 10
18 6041 5871
18 6041 5849
19 6041 5848
16 6043
17 6043 5704
9 6043 6044
10 6043 10
18 6043 5844
18 6043 5920
18 6043 5890
16 6045
17 6045 5704
9 6045 6046
10 6045 10
18 6045 5931
18 6045 5878
18 6045 5718
19 6045 5789
16 6047
17 6047 5704
9 6047 6048
10 6047 10
18 6047 5769
18 6047 5864
18 6047 5718
16 6049
17 6049 5704
9 6049 6050
10 6049 10
18 6049 5790
18 6049 5890
18 6049 5919
18 6049 5706
16 6051
17 6051 5704
9 6051 6052
10 6051 10
18 6051 5783
18 6051 5912
18 6051 5738
19 6051 5761
16 6053
17 6053 5704
9 6053 6054
10 6053 10
18 6053 5762
18 6053 5776
18 6053 5757
18 6053 5926
19 6053 5705
16 6055
17 6055 5704
9 6055 6056
10 6055 10
18 6055 5769
18 6055 5798
18 6055 5849
16 6057
17 6057 5704
9 6057 6058
10 6057 10
18 6057 5857
18 6057 5878
19 6057 5737
16 6059
17 6059 5704
9 6059 6060
10 6059 10
18 6059 5890
18 6059 5745
19 6059 5815
16 6061
17 6061 5704
9 6061 6062
10 6061 10
18 6061 5919
18 6061 5931
16 6063
17 6063 5704
9 6063 6064
10 6063 10
18 6063 5722
18 6063 5711
16 6065
17 6065 5704
9 6065 6066
10 6065 10
18 6065 5797
18 6065 5744
18 6065 5717
18 6065 5905
16 6067
17 6067 5704
9 6067 6068
10 6067 10
18 6067 5797
18 6067 5890
18 6067 5783
16 6069
17 6069 5704
9 6069 6070
10 6069 10
18 6069 5797
18 6069 5831
18 6069 5897
18 6069 5878
19 6069 5863
16 6071
17 6071 5704
9 6071 6072
10 6071 10
18 6071 5850
18 6071 5864
18 6071 5871
16 6073
17 6073 5704
9 6073 6074
10 6073 10
18 6073 5919
18 6073 5878
18 6073 5896
16 6075
17 6075 5704
9 6075 6076
10 6075 10
18 6075 5825
18 6075 5872
16 6077
17 6077 5704
9 6077 6078
10 6077 10
18 6077 5723
18 6077 5784
18 6077 5745
18 6077 5931
16 6079
17 6079 5704
9 6079 6080
10 6079 10
18 6079 5931
18 6079 5912
18 6079 5831
18 6079 5811
16 6081
17 6081 5704
9 6081 6082
10 6081 10
18 6081 5864
18 6081 5905
18 6081 5831
18 6081 5738
16 6083
17 6083 5704
9 6083 6084
10 6083 10
18 6083 5864
18 6083 5825
18 6083 5831
18 6083 5783
19 6083 5882
16 6085
17 6085 5704
9 6085 6086
10 6085 10
18 6085 5790
18 6085 5762
18 6085 5769
16 6087
17 6087 5704
9 6087 6088
10 6087 10
18 6087 5783
18 6087 5919
16 6089
17 6089 5704
9 6089 6090
10 6089 10
18 6089 5872
18 6089 5936
18 6089 5745
18 6089 5864
16 6091
17 6091 5704
9 6091 6092
10 6091 10
18 6091 5919
18 6091 5837
18 6091 5769
19 6091 5743
16 6093
17 6093 5704
9 6093 6094
10 6093 10
18 6093 5871
18 6093 5926
18 6093 5811
16 6095
17 6095 5704
9 6095 6096
10 6095 10
18 6095 5803
18 6095 5717
18 6095 5883
18 6095 5811
16 6097
17 6097 5704
9 6097 6098
10 6097 10
18 6097 5722
18 6097 5857
19 6097 5796
16 6099
17 6099 5704
9 6099 6100
10 6099 10
18 6099 5936
18 6099 5926
16 6101
17 6101 5704
9 6101 6102
10 6101 10
18 6101 5926
18 6101 5849
18 6101 5912
18 6101 5706
16 6103
17 6103 5704
9 6103 6104
10 6103 10
18 6103 5936
18 6103 5920
16 6105
17 6105 5704
9 6105 6106
10 6105 10
18 6105 5745
18 6105 5738
18 6105 5890
18 6105 5942
16 6107
17 6107 5704
9 6107 6108
10 6107 10
18 6107 5935
18 6107 5738
18 6107 5896
18 6107 5883
19 6107 5756
16 6109
17 6109 5704
9 6109 6110
10 6109 10
18 6109 5897
18 6109 5850
16 6111
17 6111 5704
9 6111 6112
10 6111 10
18 6111 5872
18 6111 5745
16 6113
17 6113 5704
9 6113 6114
10 6113 10
18 6113 5783
18 6113 5750
18 6113 5904
19 6113 5768
16 6115
17 6115 5704
9 6115 6116
10 6115 10
18 6115 5717
18 6115 5883
18 6115 5843
16 6117
17 6117 5704
9 6117 6118
10 6117 10
18 6117 5775
18 6117 5926
16 6119
17 6119 5704
9 6119 6120
10 6119 10
18 6119 5776
18 6119 5931
18 6119 5832
18 6119 5730
16 6121
17 6121 5704
9 6121 6122
10 6121 10
18 6121 5757
18 6121 5912
16 6123
17 6123 5704
9 6123 6124
10 6123 10
18 6123 5844
18 6123 5763
18 6123 5797
18 6123 5816
19 6123 5737
16 6125
17 6125 5704
9 6125 6126
10 6125 10
18 6125 5926
18 6125 5904
18 6125 5864
18 6125 5730
19 6125 5855
16 6127
17 6127 5704
9 6127 6128
10 6127 10
18 6127 5872
18 6127 5730
19 6127 5761
16 6129
17 6129 5704
9 6129 6130
10 6129 10
18 6129 5730
18 6129 5744
18 6129 5711
18 6129 5837
16 6131
17 6131 5704
9 6131 6132
10 6131 10
18 6131 5878
18 6131 5711
18 6131 5897
16 6133
17 6133 5704
9 6133 6134
10 6133 10
18 6133 5896
18 6133 5798
16 6135
17 6135 5704
9 6135 6136
10 6135 10
18 6135 5878
18 6135 5798
16 6137
17 6137 5704
9 6137 6138
10 6137 10
18 6137 5897
18 6137 5942
16 6139
17 6139 5704
9 6139 6140
10 6139 10
18 6139 5878
18 6139 5920
16 6141
17 6141 5704
9 6141 6142
10 6141 10
18 6141 5711
18 6141 5757
18 6141 5832
18 6141 5717
16 6143
17 6143 5704
9 6143 6144
10 6143 10
18 6143 5722
18 6143 5762
19 6143 5749
16 6145
17 6145 5704
9 6145 6146
10 6145 10
18 6145 5816
18 6145 5790
18 6145 5744
16 6147
17 6147 5704
9 6147 6148
10 6147 10
18 6147 5897
18 6147 5912
18 6147 5763
18 6147 5776
16 6149
17 6149 5704
9 6149 6150
10 6149 10
18 6149 5856
18 6149 5926
16 6151
17 6151 5704
9 6151 6152
10 6151 10
18 6151 5896
18 6151 5790
18 6151 5783
18 6151 5904
16 6153
17 6153 5704
9 6153 6154
10 6153 10
18 6153 5706
18 6153 5837
16 6155
17 6155 5704
9 6155 6156
10 6155 10
18 6155 5890
18 6155 5784
18 6155 5912
18 6155 5856
19 6155 5796
16 6157
17 6157 5704
9 6157 6158
10 6157 10
18 6157 5775
18 6157 5883
16 6159
17 6159 5704
9 6159 6160
10 6159 10
18 6159 5844
18 6159 5757
18 6159 5942
18 6159 5803
16 6161
17 6161 5704
9 6161 6162
10 6161 10
18 6161 5912
18 6161 5837
18 6161 5825
18 6161 5745
16 6163
17 6163 5704
9 6163 6164
10 6163 10
18 6163 5905
18 6163 5912
18 6163 5750
18 6163 5825
16 6165
17 6165 5704
9 6165 6166
10 6165 10
18 6165 5804
18 6165 5857
18 6165 5832
18 6165 5757
16 6167
17 6167 5704
9 6167 6168
10 6167 10
18 6167 5872
18 6167 5723
16 6169
17 6169 5704
9 6169 6170
10 6169 10
18 6169 5843
18 6169 5897
18 6169 5797
16 6171
17 6171 5704
9 6171 6172
10 6171 10
18 6171 5919
18 6171 5706
19 6171 5889
16 6173
17 6173 5704
9 6173 6174
10 6173 10
18 6173 5816
18 6173 5850
16 6175
17 6175 5704
9 6175 6176
10 6175 10
18 6175 5856
18 6175 5711
18 6175 5912
16 6177
17 6177 5704
9 6177 6178
10 6177 10
18 6177 5816
18 6177 5718
18 6177 5872
16 6179
17 6179 5704
9 6179 6180
10 6179 10
18 6179 5905
18 6179 5872
18 6179 5798
18 6179 5832
16 6181
17 6181 5704
9 6181 6182
10 6181 10
18 6181 5783
18 6181 5857
18 6181 5824
18 6181 5762
16 6183
17 6183 5704
9 6183 6184
10 6183 10
18 6183 5717
18 6183 5843
16 6185
17 6185 5704
9 6185 6186
10 6185 10
18 6185 5837
18 6185 5920
18 6185 5831
19 6185 5877
16 6187
17 6187 5704
9 6187 6188
10 6187 10
18 6187 5711
18 6187 5816
18 6187 5811
18 6187 5803
16 6189
17 6189 5704
9 6189 6190
10 6189 10
18 6189 5912
18 6189 5936
18 6189 5872
18 6189 5850
16 6191
17 6191 5704
9 6191 6192
10 6191 10
18 6191 5757
18 6191 5711
18 6191 5722
16 6193
17 6193 5704
9 6193 6194
10 6193 10
18 6193 5717
18 6193 5824
16 6195
17 6195 5704
9 6195 6196
10 6195 10
18 6195 5837
18 6195 5811
18 6195 5919
18 6195 5897
16 6197
17 6197 5704
9 6197 6198
10 6197 10
18 6197 5831
18 6197 5871
16 6199
17 6199 5704
9 6199 6200
10 6199 10
18 6199 5825
18 6199 5816
18 6199 5912
18 6199 5723
16 6201
17 6201 5704
9 6201 6202
10 6201 10
18 6201 5730
18 6201 5896
19 6201 5815
16 6203
17 6203 5704
9 6203 6204
10 6203 10
18 6203 5723
18 6203 5762
18 6203 5816
16 6205
17 6205 5704
9 6205 6206
10 6205 10
18 6205 5804
18 6205 5775
18 6205 5936
18 6205 5784
16 6207
17 6207 5704
9 6207 6208
10 6207 10
18 6207 5824
18 6207 5905
18 6207 5931
18 6207 5803
19 6207 5830
16 6209
17 6209 5704
9 6209 6210
10 6209 10
18 6209 5776
18 6209 5750
18 6209 5931
18 6209 5723
16 6211
17 6211 5704
9 6211 6212
10 6211 10
18 6211 5711
18 6211 5905
18 6211 5872
18 6211 5897
16 6213
17 6213 5704
9 6213 6214
10 6213 10
18 6213 5750
18 6213 5872
18 6213 5790
16 6215
17 6215 5704
9 6215 6216
10 6215 10
18 6215 5790
18 6215 5850
18 6215 5844
18 6215 5926
16 6217
17 6217 5704
9 6217 6218
10 6217 10
18 6217 5843
18 6217 5871
18 6217 5804
18 6217 5711
19 6217 5903
16 6219
17 6219 5704
9 6219 6220
10 6219 10
18 6219 5803
18 6219 5831
18 6219 5844
18 6219 5843
16 6221
17 6221 5704
9 6221 6222
10 6221 10
18 6221 5750
18 6221 5757
18 6221 5920
18 6221 5763
16 6223
17 6223 5704
9 6223 6224
10 6223 10
18 6223 5931
18 6223 5718
18 6223 5804
19 6223 5716
16 6225
17 6225 5704
9 6225 6226
10 6225 10
18 6225 5926
18 6225 5832
18 6225 5804
18 6225 5803
16 6227
17 6227 5704
9 6227 6228
10 6227 10
18 6227 5757
18 6227 5856
18 6227 5803
18 6227 5942
16 6229
17 6229 5704
9 6229 6230
10 6229 10
18 6229 5711
18 6229 5896
18 6229 5831
18 6229 5849
19 6229 5710
16 6231
17 6231 5704
9 6231 6232
10 6231 10
18 6231 5864
18 6231 5723
19 6231 5768
16 6233
17 6233 5704
9 6233 6234
10 6233 10
18 6233 5757
18 6233 5744
18 6233 5837
19 6233 5863
16 6235
17 6235 5704
9 6235 6236
10 6235 10
18 6235 5936
18 6235 5811
18 6235 5797
18 6235 5837
16 6237
17 6237 5704
9 6237 6238
10 6237 10
18 6237 5722
18 6237 5816
18 6237 5843
16 6239
17 6239 5704
9 6239 6240
10 6239 10
18 6239 5750
18 6239 5905
16 6241
17 6241 5704
9 6241 6242
10 6241 10
18 6241 5757
18 6241 5864
16 6243
17 6243 5704
9 6243 6244
10 6243 10
18 6243 5926
18 6243 5763
18 6243 5850
19 6243 5716
16 6245
17 6245 5704
9 6245 6246
10 6245 10
18 6245 5825
18 6245 5757
18 6245 5837
16 6247
17 6247 5704
9 6247 6248
10 6247 10
18 6247 5790
18 6247 5850
18 6247 5843
18 6247 5926
19 6247 5882
16 6249
17 6249 5704
9 6249 6250
10 6249 10
18 6249 5744
18 6249 5803
16 6251
17 6251 5704
9 6251 6252
10 6251 10
18 6251 5825
18 6251 5837
18 6251 5832
18 6251 5757
16 6253
17 6253 5704
9 6253 6254
10 6253 10
18 6253 5844
18 6253 5718
18 6253 5843
16 6255
17 6255 5704
9 6255 6256
10 6255 10
18 6255 5890
18 6255 5837
16 6257
17 6257 5704
9 6257 6258
10 6257 10
18 6257 5730
18 6257 5920
18 6257 5790
18 6257 5926
16 6259
17 6259 5704
9 6259 6260
10 6259 10
18 6259 5843
18 6259 5803
16 6261
17 6261 5704
9 6261 6262
10 6261 10
18 6261 5920
18 6261 5897
18 6261 5896
16 6263
17 6263 5704
9 6263 6264
10 6263 10
18 6263 5717
18 6263 5872
18 6263 5919
16 6265
17 6265 5704
9 6265 6266
10 6265 10
18 6265 5935
18 6265 5857
18 6265 5931
18 6265 5837
19 6265 5710
16 6267
17 6267 5704
9 6267 6268
10 6267 10
18 6267 5872
18 6267 5878
18 6267 5931
18 6267 5849
16 6269
17 6269 5704
9 6269 6270
10 6269 10
18 6269 5745
18 6269 5804
18 6269 5926
16 6271
17 6271 5704
9 6271 6272
10 6271 10
18 6271 5717
18 6271 5803
18 6271 5769
18 6271 5711
16 6273
17 6273 5704
9 6273 6274
10 6273 10
18 6273 5744
18 6273 5871
19 6273 5889
16 6275
17 6275 5704
9 6275 6276
10 6275 10
18 6275 5942
18 6275 5803
18 6275 5706
16 6277
17 6277 5704
9 6277 6278
10 6277 10
18 6277 5798
18 6277 5864
16 6279
17 6279 5704
9 6279 6280
10 6279 10
18 6279 5837
18 6279 5857
16 6281
17 6281 5704
9 6281 6282
10 6281 10
18 6281 5784
18 6281 5864
18 6281 5837
18 6281 5824
16 6283
17 6283 5704
9 6283 6284
10 6283 10
18 6283 5926
18 6283 5750
18 6283 5831
16 6285
17 6285 5704
9 6285 6286
10 6285 10
18 6285 5769
18 6285 5837
16 6287
17 6287 5704
9 6287 6288
10 6287 10
18 6287 5931
18 6287 5784
16 6289
17 6289 5704
9 6289 6290
10 6289 10
18 6289 5738
18 6289 5831
19 6289 5705
16 6291
17 6291 5704
9 6291 6292
10 6291 10
18 6291 5790
18 6291 5935
18 6291 5831
18 6291 5825
16 6293
17 6293 5704
9 6293 6294
10 6293 10
18 6293 5919
18 6293 5738
18 6293 5849
16 6295
17 6295 5704
9 6295 6296
10 6295 10
18 6295 5722
18 6295 5832
18 6295 5890
19 6295 5756
16 6297
17 6297 5704
9 6297 6298
10 6297 10
18 6297 5912
18 6297 5803
19 6297 5705
16 6299
17 6299 5704
9 6299 6300
10 6299 10
18 6299 5849
18 6299 5850
16 6301
17 6301 5704
9 6301 6302
10 6301 10
18 6301 5935
18 6301 5864
18 6301 5837
18 6301 5718
16 6303
17 6303 5704
9 6303 6304
10 6303 10
18 6303 5769
18 6303 5864
18 6303 5832
18 6303 5919
19 6303 5710
16 6305
17 6305 5704
9 6305 6306
10 6305 10
18 6305 5757
18 6305 5750
18 6305 5896
19 6305 5737
16 6307
17 6307 5704
9 6307 6308
10 6307 10
18 6307 5844
18 6307 5864
18 6307 5824
16 6309
17 6309 5704
9 6309 6310
10 6309 10
18 6309 5711
18 6309 5706
18 6309 5730
18 6309 5912
16 6311
17 6311 5704
9 6311 6312
10 6311 10
18 6311 5871
18 6311 5931
19 6311 5743
16 6313
17 6313 5704
9 6313 6314
10 6313 10
18 6313 5936
18 6313 5804
18 6313 5871
18 6313 5896
19 6313 5802
16 6315
17 6315 5704
9 6315 6316
10 6315 10
18 6315 5825
18 6315 5775
18 6315 5871
18 6315 5878
19 6315 5882
16 6317
17 6317 5704
9 6317 6318
10 6317 10
18 6317 5912
18 6317 5904
16 6319
17 6319 5704
9 6319 6320
10 6319 10
18 6319 5864
18 6319 5757
16 6321
17 6321 5704
9 6321 6322
10 6321 10
18 6321 5769
18 6321 5856
18 6321 5832
16 6323
17 6323 5704
9 6323 6324
10 6323 10
18 6323 5890
18 6323 5883
18 6323 5723
18 6323 5936
16 6325
17 6325 5704
9 6325 6326
10 6325 10
18 6325 5856
18 6325 5784
18 6325 5811
16 6327
17 6327 5704
9 6327 6328
10 6327 10
18 6327 5919
18 6327 5825
18 6327 5804
18 6327 5912
16 6329
17 6329 5704
9 6329 6330
10 6329 10
18 6329 5783
18 6329 5744
18 6329 5864
16 6331
17 6331 5704
9 6331 6332
10 6331 10
18 6331 5935
18 6331 5904
18 6331 5738
18 6331 5824
19 6331 5889
16 6333
17 6333 5704
9 6333 6334
10 6333 10
18 6333 5942
18 6333 5936
18 6333 5722
18 6333 5790
19 6333 5823
16 6335
17 6335 5704
9 6335 6336
10 6335 10
18 6335 5762
18 6335 5936
16 6337
17 6337 5704
9 6337 6338
10 6337 10
18 6337 5905
18 6337 5849
16 6339
17 6339 5704
9 6339 6340
10 6339 10
18 6339 5935
18 6339 5931
18 6339 5926
16 6341
17 6341 5704
9 6341 6342
10 6341 10
18 6341 5790
18 6341 5744
18 6341 5883
16 6343
17 6343 5704
9 6343 6344
10 6343 10
18 6343 5783
18 6343 5843
18 6343 5897
16 6345
17 6345 5704
9 6345 6346
10 6345 10
18 6345 5897
18 6345 5757
18 6345 5730
16 6347
17 6347 5704
9 6347 6348
10 6347 10
18 6347 5738
18 6347 5831
16 6349
17 6349 5704
9 6349 6350
10 6349 10
18 6349 5897
18 6349 5783
18 6349 5844
19 6349 5705
16 6351
17 6351 5704
9 6351 6352
10 6351 10
18 6351 5776
18 6351 5871
18 6351 5775
18 6351 5919
16 6353
17 6353 5704
9 6353 6354
10 6353 10
18 6353 5931
18 6353 5783
18 6353 5919
16 6355
17 6355 5704
9 6355 6356
10 6355 10
18 6355 5723
18 6355 5936
18 6355 5769
19 6355 5895
16 6357
17 6357 5704
9 6357 6358
10 6357 10
18 6357 5775
18 6357 5872
18 6357 5864
18 6357 5769
16 6359
17 6359 5704
9 6359 6360
10 6359 10
18 6359 5803
18 6359 5706
18 6359 5936
16 6361
17 6361 5704
9 6361 6362
10 6361 10
18 6361 5890
18 6361 5896
18 6361 5730
18 6361 5763
16 6363
17 6363 5704
9 6363 6364
10 6363 10
18 6363 5811
18 6363 5871
16 6365
17 6365 5704
9 6365 6366
10 6365 10
18 6365 5832
18 6365 5896
16 6367
17 6367 5704
9 6367 6368
10 6367 10
18 6367 5896
18 6367 5706
18 6367 5856
18 6367 5757
16 6369
17 6369 5704
9 6369 6370
10 6369 10
18 6369 5904
18 6369 5723
18 6369 5856
18 6369 5706
16 6371
17 6371 5704
9 6371 6372
10 6371 10
18 6371 5878
18 6371 5762
18 6371 5811
18 6371 5850
16 6373
17 6373 5704
9 6373 6374
10 6373 10
18 6373 5850
18 6373 5757
18 6373 5844
18 6373 5843
16 6375
17 6375 5704
9 6375 6376
10 6375 10
18 6375 5837
18 6375 5803
18 6375 5831
16 6377
17 6377 5704
9 6377 6378
10 6377 10
18 6377 5776
18 6377 5857
18 6377 5905
16 6379
17 6379 5704
9 6379 6380
10 6379 10
18 6379 5871
18 6379 5730
16 6381
17 6381 5704
9 6381 6382
10 6381 10
18 6381 5718
18 6381 5890
16 6383
17 6383 5704
9 6383 6384
10 6383 10
18 6383 5757
18 6383 5837
18 6383 5769
16 6385
17 6385 5704
9 6385 6386
10 6385 10
18 6385 5897
18 6385 5803
16 6387
17 6387 5704
9 6387 6388
10 6387 10
18 6387 5843
18 6387 5905
16 6389
17 6389 5704
9 6389 6390
10 6389 10
18 6389 5897
18 6389 5883
18 6389 5717
18 6389 5844
16 6391
17 6391 5704
9 6391 6392
10 6391 10
18 6391 5769
18 6391 5798
18 6391 5843
18 6391 5738
16 6393
17 6393 5704
9 6393 6394
10 6393 10
18 6393 5803
18 6393 5832
16 6395
17 6395 5704
9 6395 6396
10 6395 10
18 6395 5783
18 6395 5905
18 6395 5872
16 6397
17 6397 5704
9 6397 6398
10 6397 10
18 6397 5942
18 6397 5723
18 6397 5757
18 6397 5843
16 6399
17 6399 5704
9 6399 6400
10 6399 10
18 6399 5790
18 6399 5849
18 6399 5816
16 6401
17 6401 5704
9 6401 6402
10 6401 10
18 6401 5904
18 6401 5784
18 6401 5850
16 6403
17 6403 5704
9 6403 6404
10 6403 10
18 6403 5730
18 6403 5723
18 6403 5816
18 6403 5844
16 6405
17 6405 5704
9 6405 6406
10 6405 10
18 6405 5790
18 6405 5763
16 6407
17 6407 5704
9 6407 6408
10 6407 10
18 6407 5797
18 6407 5896
19 6407 5721
16 6409
17 6409 5704
9 6409 6410
10 6409 10
18 6409 5798
18 6409 5816
19 6409 5863
16 6411
17 6411 5704
9 6411 6412
10 6411 10
18 6411 5912
18 6411 5730
18 6411 5825
18 6411 5919
19 6411 5716
16 6413
17 6413 5704
9 6413 6414
10 6413 10
18 6413 5738
18 6413 5912
16 6415
17 6415 5704
9 6415 6416
10 6415 10
18 6415 5804
18 6415 5931
18 6415 5722
18 6415 5711
16 6417
17 6417 5704
9 6417 6418
10 6417 10
18 6417 5897
18 6417 5904
18 6417 5931
18 6417 5825
16 6419
17 6419 5704
9 6419 6420
10 6419 10
18 6419 5717
18 6419 5878
16 6421
17 6421 5704
9 6421 6422
10 6421 10
18 6421 5832
18 6421 5762
18 6421 5883
18 6421 5843
16 6423
17 6423 5704
9 6423 6424
10 6423 10
18 6423 5776
18 6423 5769
18 6423 5775
16 6425
17 6425 5704
9 6425 6426
10 6425 10
18 6425 5878
18 6425 5831
18 6425 5890
18 6425 5843
16 6427
17 6427 5704
9 6427 6428
10 6427 10
18 6427 5750
18 6427 5872
16 6429
17 6429 5704
9 6429 6430
10 6429 10
18 6429 5811
18 6429 5790
18 6429 5783
18 6429 5905
16 6431
17 6431 5704
9 6431 6432
10 6431 10
18 6431 5878
18 6431 5816
16 6433
17 6433 5704
9 6433 6434
10 6433 10
18 6433 5897
18 6433 5942
18 6433 5776
18 6433 5919
16 6435
17 6435 5704
9 6435 6436
10 6435 10
18 6435 5931
18 6435 5723
18 6435 5843
18 6435 5804
16 6437
17 6437 5704
9 6437 6438
10 6437 10
18 6437 5750
18 6437 5844
19 6437 5823
16 6439
17 6439 5704
9 6439 6440
10 6439 10
18 6439 5757
18 6439 5920
18 6439 5730
18 6439 5864
16 6441
17 6441 5704
9 6441 6442
10 6441 10
18 6441 5890
18 6441 5857
19 6441 5761
16 6443
17 6443 5704
9 6443 6444
10 6443 10
18 6443 5878
18 6443 5920
16 6445
17 6445 5704
9 6445 6446
10 6445 10
18 6445 5896
18 6445 5711
18 6445 5919
18 6445 5816
16 6447
17 6447 5704
9 6447 6448
10 6447 10
18 6447 5849
18 6447 5757
18 6447 5871
16 6449
17 6449 5704
9 6449 6450
10 6449 10
18 6449 5722
18 6449 5762
18 6449 5864
16 6451
17 6451 5704
9 6451 6452
10 6451 10
18 6451 5856
18 6451 5790
18 6451 5935
18 6451 5905
16 6453
17 6453 5704
9 6453 6454
10 6453 10
18 6453 5717
18 6453 5797
18 6453 5872
18 6453 5744
16 6455
17 6455 5704
9 6455 6456
10 6455 10
18 6455 5935
18 6455 5769
16 6457
17 6457 5704
9 6457 6458
10 6457 10
18 6457 5711
18 6457 5920
19 6457 5848
16 6459
17 6459 5704
9 6459 6460
10 6459 10
18 6459 5769
18 6459 5717
18 6459 5744
16 6461
17 6461 5704
9 6461 6462
10 6461 10
18 6461 5935
18 6461 5811
18 6461 5850
16 6463
17 6463 5704
9 6463 6464
10 6463 10
18 6463 5843
18 6463 5718
16 6465
17 6465 5704
9 6465 6466
10 6465 10
18 6465 5936
18 6465 5883
16 6467
17 6467 5704
9 6467 6468
10 6467 10
18 6467 5864
18 6467 5824
16 6469
17 6469 5704
9 6469 6470
10 6469 10
18 6469 5926
18 6469 5757
18 6469 5717
18 6469 5905
19 6469 5789
16 6471
17 6471 5704
9 6471 6472
10 6471 10
18 6471 5718
18 6471 5905
18 6471 5890
18 6471 5783
19 6471 5743
16 6473
17 6473 5704
9 6473 6474
10 6473 10
18 6473 5717
18 6473 5936
18 6473 5837
16 6475
17 6475 5704
9 6475 6476
10 6475 10
18 6475 5803
18 6475 5904
16 6477
17 6477 5704
9 6477 6478
10 6477 10
18 6477 5745
18 6477 5872
16 6479
17 6479 5704
9 6479 6480
10 6479 10
18 6479 5864
18 6479 5919
18 6479 5926
18 6479 5723
16 6481
17 6481 5704
9 6481 6482
10 6481 10
18 6481 5783
18 6481 5722
18 6481 5803
18 6481 5831
19 6481 5802
16 6483
17 6483 5704
9 6483 6484
10 6483 10
18 6483 5931
18 6483 5738
18 6483 5844
16 6485
17 6485 5704
9 6485 6486
10 6485 10
18 6485 5804
18 6485 5926
18 6485 5844
16 6487
17 6487 5704
9 6487 6488
10 6487 10
18 6487 5763
18 6487 5843
16 6489
17 6489 5704
9 6489 6490
10 6489 10
18 6489 5784
18 6489 5850
18 6489 5738
19 6489 5823
16 6491
17 6491 5704
9 6491 6492
10 6491 10
18 6491 5832
18 6491 5730
18 6491 5762
18 6491 5711
16 6493
17 6493 5704
9 6493 6494
10 6493 10
18 6493 5738
18 6493 5904
16 6495
17 6495 5704
9 6495 6496
10 6495 10
18 6495 5942
18 6495 5717
16 6497
17 6497 5704
9 6497 6498
10 6497 10
18 6497 5856
18 6497 5762
18 6497 5803
19 6497 5756
16 6499
17 6499 5704
9 6499 6500
10 6499 10
18 6499 5762
18 6499 5711
18 6499 5920
18 6499 5722
19 6499 5768
16 6501
17 6501 5704
9 6501 6502
10 6501 10
18 6501 5857
18 6501 5919
18 6501 5730
16 6503
17 6503 5704
9 6503 6504
10 6503 10
18 6503 5896
18 6503 5936
16 6505
17 6505 5704
9 6505 6506
10 6505 10
18 6505 5856
18 6505 5904
16 6507
17 6507 5704
9 6507 6508
10 6507 10
18 6507 5744
18 6507 5776
18 6507 5883
18 6507 5811
16 6509
17 6509 5704
9 6509 6510
10 6509 10
18 6509 5837
18 6509 5897
16 6511
17 6511 5704
9 6511 6512
10 6511 10
18 6511 5843
18 6511 5722
18 6511 5905
18 6511 5871
19 6511 5716
16 6513
17 6513 5704
9 6513 6514
10 6513 10
18 6513 5776
18 6513 5711
18 6513 5797
19 6513 5836
16 6515
17 6515 5704
9 6515 6516
10 6515 10
18 6515 5890
18 6515 5844
18 6515 5723
16 6517
17 6517 5704
9 6517 6518
10 6517 10
18 6517 5798
18 6517 5912
16 6519
17 6519 5704
9 6519 6520
10 6519 10
18 6519 5744
18 6519 5730
18 6519 5711
18 6519 5919
16 6521
17 6521 5704
9 6521 6522
10 6521 10
18 6521 5784
18 6521 5783
16 6523
17 6523 5704
9 6523 6524
10 6523 10
18 6523 5803
18 6523 5904
18 6523 5878
16 6525
17 6525 5704
9 6525 6526
10 6525 10
18 6525 5878
18 6525 5843
16 6527
17 6527 5704
9 6527 6528
10 6527 10
18 6527 5856
18 6527 5717
18 6527 5738
19 6527 5903
16 6529
17 6529 5704
9 6529 6530
10 6529 10
18 6529 5942
18 6529 5825
18 6529 5912
18 6529 5804
16 6531
17 6531 5704
9 6531 6532
10 6531 10
18 6531 5783
18 6531 5904
16 6533
17 6533 5704
9 6533 6534
10 6533 10
18 6533 5775
18 6533 5919
18 6533 5890
18 6533 5783
16 6535
17 6535 5704
9 6535 6536
10 6535 10
18 6535 5790
18 6535 5926
18 6535 5798
18 6535 5776
19 6535 5895
16 6537
17 6537 5704
9 6537 6538
10 6537 10
18 6537 5832
18 6537 5798
18 6537 5849
16 6539
17 6539 5704
9 6539 6540
10 6539 10
18 6539 5776
18 6539 5831
18 6539 5811
19 6539 5756
16 6541
17 6541 5704
9 6541 6542
10 6541 10
18 6541 5905
18 6541 5738
16 6543
17 6543 5704
9 6543 6544
10 6543 10
18 6543 5926
18 6543 5935
18 6543 5878
18 6543 5890
16 6545
17 6545 5704
9 6545 6546
10 6545 10
18 6545 5897
18 6545 5750
18 6545 5783
16 6547
17 6547 5704
9 6547 6548
10 6547 10
18 6547 5897
18 6547 5831
18 6547 5912
16 6549
17 6549 5704
9 6549 6550
10 6549 10
18 6549 5936
18 6549 5738
18 6549 5905
16 6551
17 6551 5704
9 6551 6552
10 6551 10
18 6551 5831
18 6551 5706
18 6551 5798
18 6551 5832
19 6551 5716
16 6553
17 6553 5704
9 6553 6554
10 6553 10
18 6553 5803
18 6553 5942
18 6553 5843
18 6553 5931
19 6553 5716
16 6555
17 6555 5704
9 6555 6556
10 6555 10
18 6555 5926
18 6555 5783
19 6555 5855
16 6557
17 6557 5704
9 6557 6558
10 6557 10
18 6557 5849
18 6557 5706
16 6559
17 6559 5704
9 6559 6560
10 6559 10
18 6559 5878
18 6559 5837
16 6561
17 6561 5704
9 6561 6562
10 6561 10
18 6561 5776
18 6561 5738
18 6561 5936
16 6563
17 6563 5704
9 6563 6564
10 6563 10
18 6563 5883
18 6563 5864
18 6563 5776
16 6565
17 6565 5704
9 6565 6566
10 6565 10
18 6565 5942
18 6565 5926
16 6567
17 6567 5704
9 6567 6568
10 6567 10
18 6567 5872
18 6567 5745
16 6569
17 6569 5704
9 6569 6570
10 6569 10
18 6569 5883
18 6569 5872
18 6569 5722
16 6571
17 6571 5704
9 6571 6572
10 6571 10
18 6571 5717
18 6571 5825
16 6573
17 6573 5704
9 6573 6574
10 6573 10
18 6573 5844
18 6573 5769
18 6573 5904
18 6573 5878
16 6575
17 6575 5704
9 6575 6576
10 6575 10
18 6575 5763
18 6575 5883
18 6575 5730
16 6577
17 6577 5704
9 6577 6578
10 6577 10
18 6577 5718
18 6577 5745
18 6577 5722
18 6577 5825
16 6579
17 6579 5704
9 6579 6580
10 6579 10
18 6579 5920
18 6579 5850
18 6579 5769
19 6579 5796
16 6581
17 6581 5704
9 6581 6582
10 6581 10
18 6581 5718
18 6581 5831
18 6581 5723
18 6581 5763
16 6583
17 6583 5704
9 6583 6584
10 6583 10
18 6583 5811
18 6583 5776
18 6583 5896
16 6585
17 6585 5704
9 6585 6586
10 6585 10
18 6585 5811
18 6585 5864
16 6587
17 6587 5704
9 6587 6588
10 6587 10
18 6587 5816
18 6587 5738
18 6587 5897
19 6587 5889
16 6589
17 6589 5704
9 6589 6590
10 6589 10
18 6589 5824
18 6589 5722
18 6589 5750
18 6589 5816
19 6589 5848
16 6591
17 6591 5704
9 6591 6592
10 6591 10
18 6591 5775
18 6591 5912
18 6591 5864
16 6593
17 6593 5704
9 6593 6594
10 6593 10
18 6593 5784
18 6593 5897
18 6593 5904
18 6593 5912
16 6595
17 6595 5704
9 6595 6596
10 6595 10
18 6595 5912
18 6595 5763
18 6595 5931
18 6595 5844
16 6597
17 6597 5704
9 6597 6598
10 6597 10
18 6597 5864
18 6597 5857
16 6599
17 6599 5704
9 6599 6600
10 6599 10
18 6599 5919
18 6599 5878
18 6599 5706
18 6599 5711
16 6601
17 6601 5704
9 6601 6602
10 6601 10
18 6601 5896
18 6601 5942
18 6601 5730
16 6603
17 6603 5704
9 6603 6604
10 6603 10
18 6603 5878
18 6603 5745
18 6603 5872
18 6603 5783
19 6603 5756
16 6605
17 6605 5704
9 6605 6606
10 6605 10
18 6605 5711
18 6605 5824
18 6605 5912
19 6605 5737
16 6607
17 6607 5704
9 6607 6608
10 6607 10
18 6607 5897
18 6607 5745
18 6607 5744
18 6607 5723
16 6609
17 6609 5704
9 6609 6610
10 6609 10
18 6609 5722
18 6609 5856
18 6609 5717
18 6609 5872
16 6611
17 6611 5704
9 6611 6612
10 6611 10
18 6611 5711
18 6611 5896
16 6613
17 6613 5704
9 6613 6614
10 6613 10
18 6613 5864
18 6613 5803
16 6615
17 6615 5704
9 6615 6616
10 6615 10
18 6615 5790
18 6615 5905
18 6615 5798
18 6615 5832
16 6617
17 6617 5704
9 6617 6618
10 6617 10
18 6617 5897
18 6617 5936
16 6619
17 6619 5704
9 6619 6620
10 6619 10
18 6619 5769
18 6619 5798
18 6619 5816
16 6621
17 6621 5704
9 6621 6622
10 6621 10
18 6621 5717
18 6621 5878
16 6623
17 6623 5704
9 6623 6624
10 6623 10
18 6623 5706
18 6623 5878
18 6623 5804
18 6623 5831
20 6625
17 6625 5704
9 6625 6626
10 6625 10
18 6625 5759
5 6625 2395
19 6625 5737
20 6627
17 6627 5704
9 6627 6628
10 6627 10
18 6627 5725
18 6627 5771
18 6627 5927
5 6627 1735
19 6627 5716
20 6629
17 6629 5704
9 6629 6630
10 6629 10
18 6629 5712
18 6629 5927
18 6629 5765
5 6629 4139
19 6629 5721
20 6631
17 6631 5704
9 6631 6632
10 6631 10
18 6631 5891
18 6631 5719
5 6631 1557
19 6631 5863
20 6633
17 6633 5704
9 6633 6634
10 6633 10
18 6633 5707
18 6633 5874
18 6633 5805
5 6633 2317
19 6633 5815
20 6635
17 6635 5704
9 6635 6636
10 6635 10
18 6635 5712
5 6635 6637
19 6635 5870
20 6638
17 6638 5704
9 6638 6639
10 6638 10
18 6638 5914
5 6638 6640
19 6638 5761
20 6641
17 6641 5704
9 6641 6642
10 6641 10
18 6641 5834
18 6641 5707
18 6641 5751
5 6641 6643
19 6641 5749
20 6644
17 6644 5704
9 6644 6645
10 6644 10
18 6644 5805
18 6644 5707
18 6644 5826
5 6644 6646
19 6644 5848
20 6647
17 6647 5704
9 6647 6648
10 6647 10
18 6647 5739
18 6647 5899
5 6647 6649
19 6647 5796
20 6650
17 6650 5704
9 6650 6651
10 6650 10
18 6650 5899
18 6650 5859
18 6650 5932
5 6650 5734
19 6650 5761
20 6652
17 6652 5704
9 6652 6653
10 6652 10
18 6652 5838
18 6652 5866
5 6652 6654
19 6652 5796
20 6655
17 6655 5704
9 6655 6656
10 6655 10
18 6655 5913
5 6655 1660
19 6655 5737
20 6657
17 6657 5704
9 6657 6658
10 6657 10
18 6657 5731
18 6657 5884
5 6657 3573
19 6657 5830
20 6659
17 6659 5704
9 6659 6660
10 6659 10
18 6659 5731
18 6659 5740
18 6659 5812
5 6659 1781
19 6659 5895
20 6661
17 6661 5704
9 6661 6662
10 6661 10
18 6661 5874
18 6661 5927
5 6661 6663
19 6661 5877
20 6664
17 6664 5704
9 6664 6665
10 6664 10
18 6664 5731
18 6664 5759
5 6664 6666
19 6664 5768
20 6667
17 6667 5704
9 6667 6668
10 6667 10
18 6667 5751
18 6667 5732
18 6667 5740
5 6667 5224
19 6667 5705
20 6669
17 6669 5704
9 6669 6670
10 6669 10
18 6669 5943
18 6669 5932
5 6669 1817
19 6669 5882
20 6671
17 6671 5704
9 6671 6672
10 6671 10
18 6671 5943
5 6671 6673
19 6671 5882
20 6674
17 6674 5704
9 6674 6675
10 6674 10
18 6674 5817
18 6674 5770
5 6674 6676
19 6674 5743
20 6677
17 6677 5704
9 6677 6678
10 6677 10
18 6677 5884
5 6677 6679
19 6677 5895
20 6680
17 6680 5704
9 6680 6681
10 6680 10
18 6680 5739
18 6680 5826
18 6680 5858
5 6680 6682
19 6680 5848
20 6683
17 6683 5704
9 6683 6684
10 6683 10
18 6683 5826
18 6683 5770
5 6683 6685
19 6683 5749
20 6686
17 6686 5704
9 6686 6687
10 6686 10
18 6686 5712
18 6686 5891
18 6686 5758
5 6686 3521
19 6686 5710
20 6688
17 6688 5704
9 6688 6689
10 6688 10
18 6688 5777
18 6688 5771
18 6688 5932
5 6688 3532
19 6688 5870
20 6690
17 6690 5704
9 6690 6691
10 6690 10
18 6690 5751
5 6690 5900
19 6690 5815
20 6692
17 6692 5704
9 6692 6693
10 6692 10
18 6692 5943
5 6692 6694
19 6692 5815
20 6695
17 6695 5704
9 6695 6696
10 6695 10
18 6695 5812
18 6695 5764
5 6695 5794
19 6695 5705
20 6697
17 6697 5704
9 6697 6698
10 6697 10
18 6697 5826
18 6697 5873
18 6697 5834
5 6697 6699
19 6697 5889
20 6700
17 6700 5704
9 6700 6701
10 6700 10
18 6700 5873
18 6700 5859
18 6700 5792
5 6700 6702
19 6700 5749
20 6703
17 6703 5704
9 6703 6704
10 6703 10
18 6703 5833
5 6703 6705
19 6703 5756
20 6706
17 6706 5704
9 6706 6707
10 6706 10
18 6706 5892
18 6706 5759
5 6706 6708
19 6706 5743
20 6709
17 6709 5704
9 6709 6710
10 6709 10
18 6709 5817
18 6709 5914
18 6709 5732
5 6709 3502
19 6709 5774
20 6711
17 6711 5704
9 6711 6712
10 6711 10
18 6711 5777
18 6711 5778
5 6711 6713
19 6711 5761
20 6714
17 6714 5704
9 6714 6715
10 6714 10
18 6714 5739
5 6714 1543
19 6714 5743
20 6716
17 6716 5704
9 6716 6717
10 6716 10
18 6716 5771
18 6716 5906
5 6716 4139
19 6716 5716
20 6718
17 6718 5704
9 6718 6719
10 6718 10
18 6718 5707
18 6718 5732
5 6718 241
19 6718 5870
20 6720
17 6720 5704
9 6720 6721
10 6720 10
18 6720 5858
18 6720 5751
18 6720 5943
5 6720 88
19 6720 5815
20 6722
17 6722 5704
9 6722 6723
10 6722 10
18 6722 5785
5 6722 167
19 6722 5877
20 6724
17 6724 5704
9 6724 6725
10 6724 10
18 6724 5866
5 6724 6726
19 6724 5903
20 6727
17 6727 5704
9 6727 6728
10 6727 10
18 6727 5899
18 6727 5725
5 6727 1513
19 6727 5810
20 6729
17 6729 5704
9 6729 6730
10 6729 10
18 6729 5932
18 6729 5765
18 6729 5746
5 6729 1473
19 6729 5895
20 6731
17 6731 5704
9 6731 6732
10 6731 10
18 6731 5898
18 6731 5833
5 6731 1543
19 6731 5830
20 6733
17 6733 5704
9 6733 6734
10 6733 10
18 6733 5859
18 6733 5764
18 6733 5765
5 6733 242
19 6733 5830
20 6735
17 6735 5704
9 6735 6736
10 6735 10
18 6735 5932
5 6735 6737
19 6735 5877
20 6738
17 6738 5704
9 6738 6739
10 6738 10
18 6738 5937
18 6738 5826
5 6738 6740
19 6738 5823
20 6741
17 6741 5704
9 6741 6742
10 6741 10
18 6741 5805
5 6741 3596
19 6741 5768
20 6743
17 6743 5704
9 6743 6744
10 6743 10
18 6743 5725
18 6743 5771
5 6743 3581
19 6743 5810
20 6745
17 6745 5704
9 6745 6746
10 6745 10
18 6745 5884
18 6745 5818
18 6745 5927
5 6745 2332
19 6745 5815
20 6747
17 6747 5704
9 6747 6748
10 6747 10
18 6747 5746
18 6747 5845
5 6747 5113
19 6747 5743
20 6749
17 6749 5704
9 6749 6750
10 6749 10
18 6749 5752
5 6749 6751
19 6749 5729
20 6752
17 6752 5704
9 6752 6753
10 6752 10
18 6752 5740
18 6752 5859
18 6752 5785
5 6752 6754
19 6752 5810
20 6755
17 6755 5704
9 6755 6756
10 6755 10
18 6755 5751
5 6755 44
19 6755 5705
20 6757
17 6757 5704
9 6757 6758
10 6757 10
18 6757 5937
5 6757 3382
19 6757 5823
20 6759
17 6759 5704
9 6759 6760
10 6759 10
18 6759 5858
5 6759 6761
19 6759 5863
20 6762
17 6762 5704
9 6762 6763
10 6762 10
18 6762 5805
18 6762 5851
18 6762 5865
5 6762 6764
19 6762 5710
20 6765
17 6765 5704
9 6765 6766
10 6765 10
18 6765 5770
5 6765 107
19 6765 5743
20 6767
17 6767 5704
9 6767 6768
10 6767 10
18 6767 5891
5 6767 6769
19 6767 5855
20 6770
17 6770 5704
9 6770 6771
10 6770 10
18 6770 5817
18 6770 5892
18 6770 5913
5 6770 5846
19 6770 5705
20 6772
17 6772 5704
9 6772 6773
10 6772 10
18 6772 5770
18 6772 5851
18 6772 5707
5 6772 4096
19 6772 5705
20 6774
17 6774 5704
9 6774 6775
10 6774 10
18 6774 5884
18 6774 5812
18 6774 5885
5 6774 123
19 6774 5743
20 6776
17 6776 5704
9 6776 6777
10 6776 10
18 6776 5907
5 6776 2415
19 6776 5710
20 6778
17 6778 5704
9 6778 6779
10 6778 10
18 6778 5707
5 6778 2496
19 6778 5882
20 6780
17 6780 5704
9 6780 6781
10 6780 10
18 6780 5866
18 6780 5858
18 6780 5740
5 6780 134
19 6780 5705
20 6782
17 6782 5704
9 6782 6783
10 6782 10
18 6782 5885
18 6782 5812
18 6782 5851
5 6782 6784
19 6782 5789
20 6785
17 6785 5704
9 6785 6786
10 6785 10
18 6785 5791
5 6785 6787
19 6785 5743
20 6788
17 6788 5704
9 6788 6789
10 6788 10
18 6788 5927
5 6788 1738
19 6788 5870
20 6790
17 6790 5704
9 6790 6791
10 6790 10
18 6790 5833
18 6790 5799
18 6790 5892
5 6790 6792
19 6790 5895
20 6793
17 6793 5704
9 6793 6794
10 6793 10
18 6793 5885
18 6793 5826
5 6793 6795
19 6793 5870
20 6796
17 6796 5704
9 6796 6797
10 6796 10
18 6796 5865
18 6796 5799
5 6796 149
19 6796 5737
20 6798
17 6798 5704
9 6798 6799
10 6798 10
18 6798 5785
5 6798 4172
19 6798 5863
20 6800
17 6800 5704
9 6800 6801
10 6800 10
18 6800 5858
5 6800 6802
19 6800 5743
20 6803
17 6803 5704
9 6803 6804
10 6803 10
18 6803 5707
18 6803 5943
5 6803 3363
19 6803 5802
20 6805
17 6805 5704
9 6805 6806
10 6805 10
18 6805 5765
18 6805 5834
5 6805 3565
19 6805 5870
20 6807
17 6807 5704
9 6807 6808
10 6807 10
18 6807 5921
5 6807 5050
19 6807 5870
20 6809
17 6809 5704
9 6809 6810
10 6809 10
18 6809 5834
18 6809 5765
18 6809 5707
5 6809 99
19 6809 5889
20 6811
17 6811 5704
9 6811 6812
10 6811 10
18 6811 5764
18 6811 5851
18 6811 5740
5 6811 6813
19 6811 5815
20 6814
17 6814 5704
9 6814 6815
10 6814 10
18 6814 5751
5 6814 6816
19 6814 5782
20 6817
17 6817 5704
9 6817 6818
10 6817 10
18 6817 5713
18 6817 5838
5 6817 4125
19 6817 5895
20 6819
17 6819 5704
9 6819 6820
10 6819 10
18 6819 5898
18 6819 5731
18 6819 5884
5 6819 6821
19 6819 5848
20 6822
17 6822 5704
9 6822 6823
10 6822 10
18 6822 5812
5 6822 6824
19 6822 5810
20 6825
17 6825 5704
9 6825 6826
10 6825 10
18 6825 5921
18 6825 5791
5 6825 2394
19 6825 5756
20 6827
17 6827 5704
9 6827 6828
10 6827 10
18 6827 5771
5 6827 1683
19 6827 5848
20 6829
17 6829 5704
9 6829 6830
10 6829 10
18 6829 5805
5 6829 6831
19 6829 5729
20 6832
17 6832 5704
9 6832 6833
10 6832 10
18 6832 5892
18 6832 5921
18 6832 5791
5 6832 1592
19 6832 5743
20 6834
17 6834 5704
9 6834 6835
10 6834 10
18 6834 5838
18 6834 5874
5 6834 6836
19 6834 5889
20 6837
17 6837 5704
9 6837 6838
10 6837 10
18 6837 5845
18 6837 5943
5 6837 5794
19 6837 5789
20 6839
17 6839 5704
9 6839 6840
10 6839 10
18 6839 5739
5 6839 6841
19 6839 5889
20 6842
17 6842 5704
9 6842 6843
10 6842 10
18 6842 5725
5 6842 1798
19 6842 5810
20 6844
17 6844 5704
9 6844 6845
10 6844 10
18 6844 5851
18 6844 5884
5 6844 1732
19 6844 5743
20 6846
17 6846 5704
9 6846 6847
10 6846 10
18 6846 5907
5 6846 6848
19 6846 5842
20 6849
17 6849 5704
9 6849 6850
10 6849 10
18 6849 5791
18 6849 5707
18 6849 5724
5 6849 3524
19 6849 5749
20 6851
17 6851 5704
9 6851 6852
10 6851 10
18 6851 5785
18 6851 5892
5 6851 6853
19 6851 5768
20 6854
17 6854 5704
9 6854 6855
10 6854 10
18 6854 5799
18 6854 5891
18 6854 5770
5 6854 3532
19 6854 5877
20 6856
17 6856 5704
9 6856 6857
10 6856 10
18 6856 5866
5 6856 283
19 6856 5855
20 6858
17 6858 5704
9 6858 6859
10 6858 10
18 6858 5913
5 6858 6860
19 6858 5705
20 6861
17 6861 5704
9 6861 6862
10 6861 10
18 6861 5712
18 6861 5913
5 6861 6863
19 6861 5782
20 6864
17 6864 5704
9 6864 6865
10 6864 10
18 6864 5899
18 6864 5834
5 6864 5922
19 6864 5782
20 6866
17 6866 5704
9 6866 6867
10 6866 10
18 6866 5913
5 6866 6868
19 6866 5836
20 6869
17 6869 5704
9 6869 6870
10 6869 10
18 6869 5812
18 6869 5752
5 6869 6871
19 6869 5710
20 6872
17 6872 5704
9 6872 6873
10 6872 10
18 6872 5791
18 6872 5834
18 6872 5865
5 6872 6874
19 6872 5737
20 6875
17 6875 5704
9 6875 6876
10 6875 10
18 6875 5879
18 6875 5739
5 6875 36
19 6875 5863
20 6877
17 6877 5704
9 6877 6878
10 6877 10
18 6877 5805
5 6877 42
19 6877 5842
20 6879
17 6879 5704
9 6879 6880
10 6879 10
18 6879 5927
5 6879 1430
19 6879 5716
20 6881
17 6881 5704
9 6881 6882
10 6881 10
18 6881 5813
18 6881 5712
18 6881 5907
5 6881 6883
19 6881 5716
20 6884
17 6884 5704
9 6884 6885
10 6884 10
18 6884 5884
18 6884 5765
5 6884 6886
19 6884 5877
20 6887
17 6887 5704
9 6887 6888
10 6887 10
18 6887 5765
5 6887 6889
19 6887 5877
20 6890
17 6890 5704
9 6890 6891
10 6890 10
18 6890 5759
5 6890 6892
19 6890 5721
20 6893
17 6893 5704
9 6893 6894
10 6893 10
18 6893 5771
18 6893 5892
5 6893 3540
19 6893 5737
20 6895
17 6895 5704
9 6895 6896
10 6895 10
18 6895 5725
5 6895 51
19 6895 5737
20 6897
17 6897 5704
9 6897 6898
10 6897 10
18 6897 5891
18 6897 5732
18 6897 5851
5 6897 5174
19 6897 5836
20 6899
17 6899 5704
9 6899 6900
10 6899 10
18 6899 5739
18 6899 5751
5 6899 1772
19 6899 5705
20 6901
17 6901 5704
9 6901 6902
10 6901 10
18 6901 5874
18 6901 5927
5 6901 276
19 6901 5737
20 6903
17 6903 5704
9 6903 6904
10 6903 10
18 6903 5899
18 6903 5771
5 6903 6905
19 6903 5889
20 6906
17 6906 5704
9 6906 6907
10 6906 10
18 6906 5858
5 6906 6908
19 6906 5903
20 6909
17 6909 5704
9 6909 6910
10 6909 10
18 6909 5858
18 6909 5879
18 6909 5732
5 6909 4272
19 6909 5863
20 6911
17 6911 5704
9 6911 6912
10 6911 10
18 6911 5921
18 6911 5777
18 6911 5707
5 6911 6913
19 6911 5877
20 6914
17 6914 5704
9 6914 6915
10 6914 10
18 6914 5851
18 6914 5740
18 6914 5865
5 6914 3581
19 6914 5810
20 6916
17 6916 5704
9 6916 6917
10 6916 10
18 6916 5858
18 6916 5719
5 6916 6918
19 6916 5877
21 6919
2 6919 5704
21 6920
2 6920 5704
21 6921
2 6921 5704
21 6922
2 6922 5704
21 6923
2 6923 5704
21 6924
2 6924 5704
21 6925
2 6925 5704
21 6926
2 6926 5704
21 6927
2 6927 5704
21 6928
2 6928 5704
21 6929
2 6929 5704
21 6930
2 6930 5704
21 6931
2 6931 5704
21 6932
2 6932 5704
21 6933
2 6933 5704
21 6934
2 6934 5704
21 6935
2 6935 5704
21 6936
2 6936 5704
22 6937
23 6937 5705
22 6938
23 6938 5705
22 6939
23 6939 5705
23 6939 6729
23 6939 6837
22 6940
23 6940 5705
22 6941
23 6941 5705
22 6942
23 6942 5705
23 6942 6659
22 6943
23 6943 5705
22 6944
23 6944 5705
22 6945
23 6945 5705
23 6945 6807
22 6946
23 6946 5705
22 6947
23 6947 5705
23 6947 6854
22 6948
23 6948 5705
22 6949
23 6949 5705
22 6950
23 6950 5705
22 6951
23 6951 5705
23 6951 6714
22 6952
23 6952 5710
22 6953
23 6953 5710
23 6953 6644
22 6954
23 6954 5710
22 6955
23 6955 5710
23 6955 6635
22 6956
23 6956 5710
22 6957
23 6957 5710
23 6957 6875
22 6958
23 6958 5710
23 6958 6772
22 6959
23 6959 5710
23 6959 6825
22 6960
23 6960 5710
23 6960 6669
22 6961
23 6961 5710
22 6962
23 6962 5710
23 6962 6774
23 6962 6809
22 6963
23 6963 5710
22 6964
23 6964 5710
22 6965
23 6965 5710
22 6966
23 6966 5710
23 6966 6825
23 6966 6911
22 6967
23 6967 5710
23 6967 6661
23 6967 6780
23 6967 6811
22 6968
23 6968 5710
23 6968 6778
23 6968 6866
22 6969
23 6969 5710
23 6969 6644
22 6970
23 6970 5710
22 6971
23 6971 5710
23 6971 6711
22 6972
23 6972 5716
22 6973
23 6973 5716
22 6974
23 6974 5716
23 6974 6856
22 6975
23 6975 5716
23 6975 6659
23 6975 6706
23 6975 6770
23 6975 6798
23 6975 6844
22 6976
23 6976 5716
23 6976 6733
22 6977
23 6977 5716
22 6978
23 6978 5716
23 6978 6677
23 6978 6800
22 6979
23 6979 5716
23 6979 6714
23 6979 6724
23 6979 6767
22 6980
23 6980 5716
23 6980 6716
23 6980 6837
22 6981
23 6981 5716
23 6981 6893
22 6982
23 6982 5716
23 6982 6711
22 6983
23 6983 5716
22 6984
23 6984 5716
23 6984 6631
23 6984 6851
22 6985
23 6985 5716
23 6985 6811
22 6986
23 6986 5716
23 6986 6796
22 6987
23 6987 5716
22 6988
23 6988 5716
23 6988 6677
22 6989
23 6989 5716
23 6989 6762
22 6990
23 6990 5721
23 6990 6881
22 6991
23 6991 5721
22 6992
23 6992 5721
22 6993
23 6993 5721
22 6994
23 6994 5721
22 6995
23 6995 5721
22 6996
23 6996 5721
22 6997
23 6997 5721
23 6997 6774
22 6998
23 6998 5721
22 6999
23 6999 5721
23 6999 6875
22 7000
23 7000 5721
22 7001
23 7001 5721
22 7002
23 7002 5721
22 7003
23 7003 5721
22 7004
23 7004 5721
22 7005
23 7005 5721
23 7005 6800
22 7006
23 7006 5721
22 7007
23 7007 5721
22 7008
23 7008 5729
23 7008 6819
22 7009
23 7009 5729
22 7010
23 7010 5729
23 7010 6686
22 7011
23 7011 5729
23 7011 6897
22 7012
23 7012 5729
22 7013
23 7013 5729
23 7013 6731
22 7014
23 7014 5729
22 7015
23 7015 5729
22 7016
23 7016 5729
23 7016 6774
22 7017
23 7017 5729
22 7018
23 7018 5729
22 7019
23 7019 5729
22 7020
23 7020 5729
23 7020 6647
22 7021
23 7021 5729
23 7021 6657
23 7021 6703
22 7022
23 7022 5729
23 7022 6692
22 7023
23 7023 5729
22 7024
23 7024 5729
22 7025
23 7025 5737
23 7025 6688
22 7026
23 7026 5737
23 7026 6914
22 7027
23 7027 5737
22 7028
23 7028 5737
23 7028 6661
23 7028 6667
22 7029
23 7029 5737
22 7030
23 7030 5737
23 7030 6661
22 7031
23 7031 5737
22 7032
23 7032 5737
23 7032 6641
23 7032 6906
22 7033
23 7033 5737
23 7033 6881
22 7034
23 7034 5737
23 7034 6778
23 7034 6807
22 7035
23 7035 5737
23 7035 6780
23 7035 6846
22 7036
23 7036 5737
23 7036 6652
23 7036 6772
23 7036 6887
22 7037
23 7037 5737
22 7038
23 7038 5737
23 7038 6641
22 7039
23 7039 5737
22 7040
23 7040 5737
23 7040 6652
23 7040 6780
22 7041
23 7041 5743
22 7042
23 7042 5743
22 7043
23 7043 5743
23 7043 6825
22 7044
23 7044 5743
23 7044 6641
23 7044 6667
23 7044 6798
23 7044 6825
22 7045
23 7045 5743
23 7045 6778
22 7046
23 7046 5743
23 7046 6839
22 7047
23 7047 5743
22 7048
23 7048 5743
23 7048 6735
23 7048 6803
22 7049
23 7049 5743
22 7050
23 7050 5743
22 7051
23 7051 5743
23 7051 6720
23 7051 6851
22 7052
23 7052 5743
23 7052 6745
22 7053
23 7053 5743
22 7054
23 7054 5743
23 7054 6700
22 7055
23 7055 5743
23 7055 6877
22 7056
23 7056 5743
23 7056 6911
22 7057
23 7057 5743
23 7057 6625
23 7057 6686
22 7058
23 7058 5749
22 7059
23 7059 5749
22 7060
23 7060 5749
22 7061
23 7061 5749
23 7061 6714
22 7062
23 7062 5749
22 7063
23 7063 5749
22 7064
23 7064 5749
23 7064 6733
22 7065
23 7065 5749
23 7065 6897
22 7066
23 7066 5749
23 7066 6747
23 7066 6809
22 7067
23 7067 5749
22 7068
23 7068 5749
23 7068 6677
23 7068 6807
22 7069
23 7069 5749
22 7070
23 7070 5749
23 7070 6724
23 7070 6790
23 7070 6916
22 7071
23 7071 5749
22 7072
23 7072 5749
23 7072 6788
22 7073
23 7073 5749
23 7073 6757
22 7074
23 7074 5756
22 7075
23 7075 5756
22 7076
23 7076 5756
22 7077
23 7077 5756
22 7078
23 7078 5756
22 7079
23 7079 5756
22 7080
23 7080 5756
22 7081
23 7081 5756
23 7081 6897
22 7082
23 7082 5756
22 7083
23 7083 5756
23 7083 6774
23 7083 6906
22 7084
23 7084 5756
22 7085
23 7085 5756
22 7086
23 7086 5756
23 7086 6837
23 7086 6854
22 7087
23 7087 5756
22 7088
23 7088 5756
23 7088 6641
22 7089
23 7089 5756
22 7090
23 7090 5756
23 7090 6635
23 7090 6844
23 7090 6856
22 7091
23 7091 5761
23 7091 6767
23 7091 6785
23 7091 6796
22 7092
23 7092 5761
23 7092 6659
23 7092 6778
22 7093
23 7093 5761
22 7094
23 7094 5761
22 7095
23 7095 5761
23 7095 6869
22 7096
23 7096 5761
22 7097
23 7097 5761
23 7097 6809
22 7098
23 7098 5761
22 7099
23 7099 5761
23 7099 6703
23 7099 6842
22 7100
23 7100 5761
22 7101
23 7101 5761
22 7102
23 7102 5761
22 7103
23 7103 5761
22 7104
23 7104 5761
22 7105
23 7105 5761
22 7106
23 7106 5761
22 7107
23 7107 5768
22 7108
23 7108 5768
23 7108 6633
23 7108 6729
22 7109
23 7109 5768
22 7110
23 7110 5768
22 7111
23 7111 5768
22 7112
23 7112 5768
22 7113
23 7113 5768
22 7114
23 7114 5768
23 7114 6644
23 7114 6729
23 7114 6844
22 7115
23 7115 5768
23 7115 6798
22 7116
23 7116 5768
23 7116 6729
22 7117
23 7117 5768
23 7117 6667
22 7118
23 7118 5768
23 7118 6631
22 7119
23 7119 5768
22 7120
23 7120 5768
23 7120 6727
22 7121
23 7121 5768
23 7121 6772
22 7122
23 7122 5774
23 7122 6731
23 7122 6749
23 7122 6842
22 7123
23 7123 5774
23 7123 6832
22 7124
23 7124 5774
22 7125
23 7125 5774
23 7125 6849
22 7126
23 7126 5774
22 7127
23 7127 5774
22 7128
23 7128 5774
22 7129
23 7129 5774
23 7129 6731
22 7130
23 7130 5774
23 7130 6842
22 7131
23 7131 5774
22 7132
23 7132 5774
22 7133
23 7133 5774
23 7133 6879
22 7134
23 7134 5774
23 7134 6722
22 7135
23 7135 5774
23 7135 6793
22 7136
23 7136 5774
22 7137
23 7137 5774
23 7137 6733
22 7138
23 7138 5774
22 7139
23 7139 5774
23 7139 6674
23 7139 6839
22 7140
23 7140 5782
22 7141
23 7141 5782
22 7142
23 7142 5782
23 7142 6879
22 7143
23 7143 5782
22 7144
23 7144 5782
23 7144 6877
22 7145
23 7145 5782
23 7145 6814
22 7146
23 7146 5782
22 7147
23 7147 5782
23 7147 6664
23 7147 6731
23 7147 6832
22 7148
23 7148 5782
22 7149
23 7149 5782
22 7150
23 7150 5782
22 7151
23 7151 5782
23 7151 6661
22 7152
23 7152 5782
23 7152 6887
22 7153
23 7153 5789
22 7154
23 7154 5789
22 7155
23 7155 5789
23 7155 6875
22 7156
23 7156 5789
22 7157
23 7157 5789
23 7157 6798
23 7157 6805
22 7158
23 7158 5789
22 7159
23 7159 5789
23 7159 6688
23 7159 6757
22 7160
23 7160 5789
22 7161
23 7161 5789
22 7162
23 7162 5789
22 7163
23 7163 5789
23 7163 6809
23 7163 6822
23 7163 6887
22 7164
23 7164 5789
23 7164 6709
23 7164 6790
23 7164 6827
23 7164 6846
22 7165
23 7165 5789
23 7165 6711
23 7165 6796
23 7165 6842
23 7165 6916
22 7166
23 7166 5789
23 7166 6625
22 7167
23 7167 5789
22 7168
23 7168 5789
23 7168 6767
23 7168 6877
22 7169
23 7169 5789
23 7169 6664
22 7170
23 7170 5796
23 7170 6776
23 7170 6790
22 7171
23 7171 5796
23 7171 6745
22 7172
23 7172 5796
23 7172 6911
22 7173
23 7173 5796
23 7173 6680
23 7173 6741
22 7174
23 7174 5796
22 7175
23 7175 5796
23 7175 6700
22 7176
23 7176 5796
23 7176 6832
22 7177
23 7177 5796
23 7177 6782
22 7178
23 7178 5796
22 7179
23 7179 5796
23 7179 6772
22 7180
23 7180 5796
23 7180 6677
22 7181
23 7181 5796
22 7182
23 7182 5796
22 7183
23 7183 5802
22 7184
23 7184 5802
22 7185
23 7185 5802
23 7185 6690
22 7186
23 7186 5802
23 7186 6887
22 7187
23 7187 5802
22 7188
23 7188 5802
23 7188 6720
23 7188 6887
22 7189
23 7189 5802
23 7189 6631
22 7190
23 7190 5802
22 7191
23 7191 5802
22 7192
23 7192 5802
23 7192 6659
22 7193
23 7193 5802
23 7193 6851
22 7194
23 7194 5802
22 7195
23 7195 5802
22 7196
23 7196 5802
22 7197
23 7197 5802
23 7197 6856
22 7198
23 7198 5810
23 7198 6720
23 7198 6866
22 7199
23 7199 5810
22 7200
23 7200 5810
22 7201
23 7201 5810
23 7201 6690
23 7201 6839
22 7202
23 7202 5810
22 7203
23 7203 5810
22 7204
23 7204 5810
23 7204 6703
22 7205
23 7205 5810
23 7205 6895
22 7206
23 7206 5810
23 7206 6911
22 7207
23 7207 5810
23 7207 6716
23 7207 6747
23 7207 6785
23 7207 6846
22 7208
23 7208 5810
23 7208 6644
23 7208 6711
23 7208 6778
23 7208 6822
22 7209
23 7209 5810
23 7209 6688
22 7210
23 7210 5810
22 7211
23 7211 5810
23 7211 6690
22 7212
23 7212 5810
22 7213
23 7213 5810
23 7213 6911
22 7214
23 7214 5810
22 7215
23 7215 5810
22 7216
23 7216 5815
22 7217
23 7217 5815
22 7218
23 7218 5815
22 7219
23 7219 5815
23 7219 6811
22 7220
23 7220 5815
22 7221
23 7221 5815
23 7221 6827
22 7222
23 7222 5815
23 7222 6890
22 7223
23 7223 5815
22 7224
23 7224 5815
22 7225
23 7225 5815
23 7225 6866
22 7226
23 7226 5815
22 7227
23 7227 5815
23 7227 6858
22 7228
23 7228 5815
22 7229
23 7229 5815
23 7229 6893
22 7230
23 7230 5815
22 7231
23 7231 5823
23 7231 6866
22 7232
23 7232 5823
22 7233
23 7233 5823
22 7234
23 7234 5823
22 7235
23 7235 5823
23 7235 6647
22 7236
23 7236 5823
23 7236 6633
22 7237
23 7237 5823
22 7238
23 7238 5823
22 7239
23 7239 5823
22 7240
23 7240 5823
23 7240 6688
23 7240 6837
23 7240 6879
22 7241
23 7241 5823
23 7241 6722
22 7242
23 7242 5823
22 7243
23 7243 5823
22 7244
23 7244 5823
22 7245
23 7245 5823
23 7245 6659
22 7246
23 7246 5823
22 7247
23 7247 5823
22 7248
23 7248 5823
23 7248 6733
23 7248 6780
22 7249
23 7249 5830
22 7250
23 7250 5830
23 7250 6635
23 7250 6738
23 7250 6822
22 7251
23 7251 5830
23 7251 6757
22 7252
23 7252 5830
22 7253
23 7253 5830
23 7253 6667
23 7253 6879
22 7254
23 7254 5830
23 7254 6738
23 7254 6743
23 7254 6796
23 7254 6916
22 7255
23 7255 5830
23 7255 6879
22 7256
23 7256 5830
22 7257
23 7257 5830
22 7258
23 7258 5830
22 7259
23 7259 5830
23 7259 6657
22 7260
23 7260 5830
23 7260 6837
22 7261
23 7261 5830
22 7262
23 7262 5830
22 7263
23 7263 5836
23 7263 6727
22 7264
23 7264 5836
23 7264 6720
22 7265
23 7265 5836
23 7265 6680
22 7266
23 7266 5836
23 7266 6727
22 7267
23 7267 5836
23 7267 6714
22 7268
23 7268 5836
23 7268 6695
23 7268 6770
23 7268 6858
23 7268 6897
22 7269
23 7269 5836
22 7270
23 7270 5836
23 7270 6829
22 7271
23 7271 5836
22 7272
23 7272 5836
23 7272 6633
23 7272 6832
22 7273
23 7273 5836
22 7274
23 7274 5836
22 7275
23 7275 5836
22 7276
23 7276 5836
23 7276 6776
22 7277
23 7277 5836
22 7278
23 7278 5842
23 7278 6716
23 7278 6747
22 7279
23 7279 5842
23 7279 6780
22 7280
23 7280 5842
23 7280 6641
23 7280 6757
22 7281
23 7281 5842
22 7282
23 7282 5842
23 7282 6633
22 7283
23 7283 5842
23 7283 6790
23 7283 6881
22 7284
23 7284 5848
23 7284 6703
23 7284 6844
22 7285
23 7285 5848
22 7286
23 7286 5848
23 7286 6706
23 7286 6793
23 7286 6796
22 7287
23 7287 5848
22 7288
23 7288 5848
23 7288 6729
23 7288 6881
22 7289
23 7289 5848
23 7289 6629
22 7290
23 7290 5848
22 7291
23 7291 5855
22 7292
23 7292 5855
22 7293
23 7293 5855
23 7293 6720
22 7294
23 7294 5855
23 7294 6644
22 7295
23 7295 5855
23 7295 6866
22 7296
23 7296 5863
22 7297
23 7297 5863
23 7297 6774
22 7298
23 7298 5863
22 7299
23 7299 5863
22 7300
23 7300 5863
22 7301
23 7301 5863
22 7302
23 7302 5863
22 7303
23 7303 5863
23 7303 6814
22 7304
23 7304 5863
23 7304 6733
23 7304 6897
22 7305
23 7305 5870
23 7305 6700
23 7305 6788
22 7306
23 7306 5870
22 7307
23 7307 5870
23 7307 6788
22 7308
23 7308 5870
22 7309
23 7309 5870
23 7309 6881
22 7310
23 7310 5870
22 7311
23 7311 5877
22 7312
23 7312 5877
22 7313
23 7313 5877
23 7313 6690
22 7314
23 7314 5877
22 7315
23 7315 5877
23 7315 6875
22 7316
23 7316 5877
23 7316 6633
23 7316 6664
22 7317
23 7317 5877
23 7317 6846
23 7317 6901
22 7318
23 7318 5877
22 7319
23 7319 5877
22 7320
23 7320 5877
23 7320 6767
22 7321
23 7321 5882
23 7321 6793
22 7322
23 7322 5882
22 7323
23 7323 5882
22 7324
23 7324 5882
22 7325
23 7325 5882
22 7326
23 7326 5882
22 7327
23 7327 5882
23 7327 6809
23 7327 6846
22 7328
23 7328 5882
22 7329
23 7329 5882
22 7330
23 7330 5889
22 7331
23 7331 5889
23 7331 6854
22 7332
23 7332 5889
23 7332 6652
22 7333
23 7333 5889
23 7333 6722
23 7333 6772
23 7333 6807
22 7334
23 7334 5889
23 7334 6757
23 7334 6906
22 7335
23 7335 5895
23 7335 6692
22 7336
23 7336 5895
22 7337
23 7337 5895
22 7338
23 7338 5895
22 7339
23 7339 5895
23 7339 6716
22 7340
23 7340 5895
22 7341
23 7341 5895
22 7342
23 7342 5895
22 7343
23 7343 5895
23 7343 6686
23 7343 6711
23 7343 6727
22 7344
23 7344 5903
22 7345
23 7345 5903
22 7346
23 7346 5903
22 7347
23 7347 5903
22 7348
23 7348 5903
22 7349
23 7349 5903
23 7349 6690
22 7350
23 7350 5903
23 7350 6749
23 7350 6875
22 7351
23 7351 5903
22 7352
23 7352 5903
22 7353
23 7353 5911
22 7354
23 7354 5911
22 7355
23 7355 5911
22 7356
23 7356 5918
23 7356 6700
22 7357
23 7357 5918
22 7358
23 7358 5918
22 7359
23 7359 5918
22 7360
23 7360 5925
23 7360 6906
22 7361
23 7361 5930
22 7362
23 7362 5941
22 7363
23 7363 5941
22 7364
23 7364 5941
23 7364 6800
22 7365
23 7365 5941
23 7365 6811
22 7366
23 7366 5941
23 7366 6805
23 7366 6906
24 5706
24 5711
24 5717
24 5718
24 5722
24 5723
24 5730
24 5738
24 5744
24 5745
24 5750
24 5757
24 5762
24 5763
24 5769
24 5775
24 5776
24 5783
24 5784
24 5790
24 5797
24 5798
24 5803
24 5804
24 5811
24 5816
24 5824
24 5825
24 5831
24 5832
24 5837
24 5843
24 5844
24 5849
24 5850
24 5856
24 5857
24 5864
24 5871
24 5872
24 5878
24 5883
24 5890
24 5896
24 5897
24 5904
24 5905
24 5912
24 5919
24 5920
24 5926
24 5931
24 5935
24 5936
24 5942
25 5707
25 5712
25 5713
25 5719
25 5724
25 5725
25 5731
25 5732
25 5739
25 5740
25 5746
25 5751
25 5752
25 5758
25 5759
25 5764
25 5765
25 5770
25 5771
25 5777
25 5778
25 5785
25 5791
25 5792
25 5799
25 5805
25 5812
25 5813
25 5817
25 5818
25 5826
25 5833
25 5834
25 5838
25 5845
25 5851
25 5858
25 5859
25 5865
25 5866
25 5873
25 5874
25 5879
25 5884
25 5885
25 5891
25 5892
25 5898
25 5899
25 5906
25 5907
25 5913
25 5914
25 5921
25 5927
25 5932
25 5937
25 5943
26 6629
27 6629 5905
26 6644
27 6644 5706
26 6680
27 6680 5750
26 6825
27 6825 5711
26 6625
27 6625 5738
26 6897
27 6897 5790
26 6890
27 6890 5776
26 6832
27 6832 5804
26 6697
27 6697 5824
26 6909
27 6909 5723
26 6785
27 6785 5775
26 6729
27 6729 5762
26 6631
27 6631 5803
26 6667
27 6667 5936
26 6724
27 6724 5843
26 6875
27 6875 5797
26 6700
27 6700 5864
26 6916
27 6916 5784
26 6727
27 6727 5783
26 6778
27 6778 5883
26 6814
27 6814 5825
26 6851
27 6851 5849
26 6635
27 6635 5931
26 6774
27 6774 5856
26 6796
27 6796 5769
28 6767
28 6711
28 6765
28 6893
28 6776
28 6877
28 6659
28 6718
28 6899
28 6803
28 6722
28 6805
28 6881
28 6887
28 6747
28 6854
28 6780
28 6864
28 6914
28 6837
28 6817
28 6759
28 6798
28 6869
28 6731
28 6627
28 6741
28 6822
28 6884
28 6709
28 6683
28 6733
28 6671
28 6856
28 6911
28 6903
28 6650
n_const 7367
n_fact 22806
