0 0
1 1
2 1 0
3 2
2 2 0
3 3
2 3 0
3 4
2 4 0
3 5
2 5 0
4 6
5 6 1
6 6 7
7 6 8
8 6 9
8 6 10
8 6 11
4 12
5 12 1
7 12 13
4 14
5 14 1
9 14 11
4 15
5 15 1
10 15 16
10 15 17
4 18
5 18 1
8 18 8
7 18 19
11 18 20
11 18 21
4 22
5 22 1
6 22 23
6 22 24
8 22 8
11 22 20
4 25
5 25 1
10 25 26
4 27
5 27 1
10 27 28
10 27 29
10 27 30
10 27 31
11 27 32
4 33
5 33 1
10 33 34
10 33 35
4 36
5 36 1
10 36 37
10 36 38
10 36 39
10 36 40
10 36 41
4 42
5 42 1
10 42 43
8 42 9
4 31
5 31 1
9 31 8
4 44
5 44 1
10 44 45
10 44 46
10 44 47
4 48
5 48 1
11 48 20
4 49
5 49 1
10 49 50
7 49 8
4 51
5 51 1
6 51 52
10 51 53
10 51 54
10 51 55
10 51 56
10 51 57
4 58
5 58 1
10 58 59
8 58 8
11 58 60
4 61
5 61 1
10 61 62
10 61 39
4 63
5 63 1
10 63 64
10 63 65
10 63 66
7 63 13
8 63 67
7 63 8
8 63 19
4 68
5 68 1
10 68 69
10 68 70
10 68 71
10 68 72
9 68 73
11 68 74
4 75
5 75 1
11 75 32
4 76
5 76 1
9 76 19
4 77
5 77 1
4 78
5 78 1
10 78 79
4 80
5 80 1
10 80 81
4 82
5 82 1
10 82 83
10 82 84
10 82 85
10 82 86
10 82 87
9 82 88
4 89
5 89 1
10 89 90
10 89 91
10 89 92
10 89 49
8 89 93
11 89 32
4 94
5 94 1
10 94 95
4 96
5 96 1
10 96 97
11 96 74
4 72
5 72 1
10 72 98
10 72 99
10 72 100
10 72 101
8 72 93
9 72 10
8 72 19
8 72 8
8 72 67
11 72 102
11 72 60
4 103
5 103 1
10 103 104
10 103 105
4 106
5 106 1
6 106 107
6 106 108
10 106 109
8 106 88
9 106 9
8 106 19
4 110
5 110 1
6 110 111
10 110 112
10 110 113
4 114
5 114 1
10 114 115
10 114 116
10 114 117
10 114 118
10 114 119
4 120
5 120 1
10 120 121
11 120 102
4 122
5 122 1
6 122 123
10 122 124
10 122 89
10 122 125
10 122 126
10 122 127
4 128
5 128 1
6 128 129
10 128 130
10 128 131
4 132
5 132 1
10 132 133
10 132 134
9 132 73
11 132 135
4 136
5 136 1
8 136 8
4 59
5 59 1
10 59 137
10 59 138
4 111
5 111 1
10 111 139
4 140
5 140 1
10 140 141
10 140 142
10 140 143
10 140 144
10 140 145
8 140 19
4 146
5 146 1
10 146 147
11 146 102
4 148
5 148 1
10 148 149
4 85
5 85 1
10 85 150
10 85 128
10 85 151
10 85 30
10 85 108
4 152
5 152 1
6 152 153
6 152 154
10 152 155
10 152 156
10 152 157
10 152 158
10 152 159
4 160
5 160 1
10 160 161
10 160 162
4 163
5 163 1
10 163 164
10 163 165
10 163 166
10 163 167
4 168
5 168 1
10 168 169
10 168 170
10 168 171
10 168 92
7 168 9
4 172
5 172 1
6 172 173
10 172 174
10 172 175
10 172 176
4 177
5 177 1
7 177 19
11 177 102
11 177 135
4 178
5 178 1
10 178 179
10 178 92
7 178 10
11 178 74
4 56
5 56 1
10 56 180
10 56 181
8 56 88
4 182
5 182 1
10 182 26
10 182 183
10 182 184
10 182 185
8 182 19
4 186
5 186 1
10 186 187
11 186 102
4 188
5 188 1
10 188 189
8 188 73
4 190
5 190 1
10 190 191
7 190 13
4 69
5 69 1
4 192
5 192 1
10 192 193
10 192 194
10 192 195
10 192 75
8 192 13
8 192 11
4 196
5 196 1
10 196 197
8 196 93
4 108
5 108 1
10 108 198
10 108 199
11 108 135
4 200
5 200 1
11 200 60
11 200 102
4 201
5 201 1
10 201 202
10 201 203
10 201 204
8 201 10
4 156
5 156 1
10 156 205
4 206
5 206 1
10 206 207
10 206 208
10 206 209
10 206 210
10 206 211
11 206 74
4 212
5 212 1
10 212 81
10 212 213
10 212 148
10 212 214
11 212 32
4 215
5 215 1
6 215 216
10 215 217
10 215 15
10 215 218
10 215 58
4 219
5 219 1
10 219 220
10 219 221
9 219 67
4 202
5 202 1
10 202 222
10 202 138
10 202 223
10 202 224
4 225
5 225 1
10 225 103
10 225 136
10 225 226
10 225 227
4 228
5 228 1
10 228 229
10 228 27
10 228 230
4 231
5 231 1
10 231 232
10 231 124
8 231 10
9 231 11
4 26
5 26 1
10 26 233
10 26 234
10 26 235
7 26 10
4 151
5 151 1
10 151 236
10 151 63
10 151 237
11 151 60
4 66
5 66 1
10 66 87
9 66 93
4 238
5 238 1
10 238 134
10 238 239
10 238 186
4 240
5 240 1
9 240 88
4 241
5 241 1
6 241 242
10 241 243
10 241 244
10 241 245
10 241 246
11 241 20
4 247
5 247 1
10 247 110
10 247 248
10 247 249
10 247 250
9 247 10
7 247 11
8 247 73
4 251
5 251 1
10 251 252
10 251 253
10 251 254
10 251 94
4 23
5 23 1
10 23 255
10 23 91
10 23 256
10 23 257
10 23 258
8 23 93
4 259
5 259 1
10 259 260
10 259 247
10 259 261
10 259 262
10 259 263
9 259 93
4 264
5 264 1
4 265
5 265 1
8 265 73
9 265 10
11 265 32
4 112
5 112 1
10 112 266
10 112 267
10 112 234
10 112 268
7 112 8
4 118
5 118 1
10 118 217
10 118 269
9 118 19
8 118 73
9 118 13
11 118 60
4 270
5 270 1
10 270 200
10 270 271
10 270 82
7 270 73
11 270 74
11 270 32
4 272
5 272 1
10 272 152
10 272 193
10 272 273
8 272 73
7 272 13
8 272 9
9 272 10
7 272 67
4 83
5 83 1
10 83 274
10 83 275
10 83 276
4 211
5 211 1
8 211 10
9 211 73
8 211 13
9 211 11
4 277
5 277 1
10 277 278
10 277 148
10 277 279
10 277 244
4 249
5 249 1
10 249 51
10 249 180
10 249 280
8 249 93
11 249 135
11 249 74
4 124
5 124 1
10 124 36
10 124 281
4 86
5 86 1
10 86 282
10 86 58
10 86 283
10 86 152
7 86 9
8 86 19
4 207
5 207 1
6 207 284
10 207 285
10 207 36
10 207 286
8 207 11
4 287
5 287 1
10 287 288
4 258
5 258 1
10 258 289
10 258 272
9 258 19
7 258 93
7 258 13
8 258 73
7 258 10
4 290
5 290 1
10 290 291
10 290 292
10 290 293
10 290 294
4 295
5 295 1
10 295 296
10 295 297
10 295 298
10 295 111
4 299
5 299 1
6 299 300
10 299 301
10 299 302
7 299 19
4 303
5 303 1
10 303 26
10 303 290
10 303 207
4 193
5 193 1
10 193 244
10 193 89
10 193 304
10 193 190
10 193 305
8 193 8
7 193 10
11 193 21
4 50
5 50 1
10 50 306
10 50 108
10 50 307
10 50 308
10 50 309
9 50 13
7 50 11
8 50 67
4 310
5 310 1
10 310 235
10 310 259
8 310 67
7 310 88
8 310 10
8 310 73
8 310 93
4 311
5 311 1
10 311 206
10 311 312
10 311 94
8 311 19
9 311 93
9 311 11
4 262
5 262 1
10 262 313
10 262 258
10 262 314
11 262 32
4 315
5 315 1
10 315 316
9 315 10
8 315 93
11 315 135
4 317
5 317 1
10 317 318
10 317 319
10 317 140
4 155
5 155 1
11 155 102
4 30
5 30 1
10 30 182
10 30 320
10 30 321
10 30 322
10 30 323
4 324
5 324 1
10 324 26
10 324 325
10 324 326
10 324 252
7 324 13
4 327
5 327 1
10 327 72
10 327 328
10 327 329
10 327 264
10 327 131
4 330
5 330 1
7 330 10
8 330 67
8 330 9
4 243
5 243 1
10 243 37
10 243 148
10 243 331
10 243 188
10 243 332
8 243 11
4 333
5 333 1
10 333 334
10 333 335
8 333 10
4 336
5 336 1
10 336 337
4 65
5 65 1
10 65 338
10 65 339
10 65 340
10 65 341
10 65 254
11 65 21
11 65 102
4 342
5 342 1
10 342 343
4 344
5 344 1
10 344 345
10 344 346
10 344 347
11 344 348
4 158
5 158 1
10 158 349
10 158 350
4 37
5 37 1
10 37 232
10 37 351
10 37 352
4 353
5 353 1
10 353 354
10 353 112
11 353 60
4 355
5 355 1
10 355 112
10 355 299
10 355 308
10 355 356
7 355 88
11 355 102
4 357
5 357 1
9 357 88
4 226
5 226 1
10 226 267
10 226 358
10 226 359
10 226 360
8 226 88
11 226 361
4 362
5 362 1
10 362 363
10 362 364
10 362 365
4 366
5 366 1
10 366 367
8 366 19
4 281
5 281 1
10 281 368
10 281 369
10 281 370
4 371
5 371 1
10 371 372
10 371 280
8 371 67
4 373
5 373 1
10 373 374
10 373 375
8 373 8
8 373 73
9 373 19
7 373 88
4 208
5 208 1
6 208 376
10 208 366
9 208 19
4 252
5 252 1
4 134
5 134 1
10 134 318
10 134 377
10 134 308
10 134 378
10 134 379
9 134 73
8 134 11
4 380
5 380 1
8 380 19
11 380 135
4 381
5 381 1
4 92
5 92 1
10 92 382
10 92 383
10 92 384
8 92 10
4 385
5 385 1
10 385 237
10 385 386
10 385 387
7 385 73
8 385 9
7 385 19
11 385 102
4 57
5 57 1
10 57 99
10 57 388
4 389
5 389 1
6 389 349
10 389 390
11 389 102
4 391
5 391 1
10 391 177
10 391 392
10 391 393
11 391 135
4 394
5 394 1
10 394 395
10 394 396
10 394 397
10 394 398
4 234
5 234 1
10 234 78
10 234 399
10 234 110
10 234 400
10 234 401
9 234 9
7 234 67
8 234 19
11 234 32
4 318
5 318 1
10 318 402
10 318 403
10 318 103
10 318 89
10 318 86
4 404
5 404 1
6 404 405
10 404 406
10 404 368
8 404 8
4 162
5 162 1
10 162 75
10 162 407
10 162 408
10 162 240
4 282
5 282 1
10 282 409
8 282 67
7 282 10
9 282 19
4 410
5 410 1
10 410 411
10 410 239
9 410 9
9 410 11
4 412
5 412 1
10 412 413
10 412 414
10 412 201
10 412 54
8 412 73
8 412 9
7 412 67
4 302
5 302 1
10 302 415
10 302 416
10 302 380
4 417
5 417 1
10 417 249
10 417 418
10 417 163
10 417 419
4 420
5 420 1
10 420 421
10 420 168
10 420 94
10 420 422
10 420 122
4 423
5 423 1
10 423 424
4 425
5 425 1
10 425 30
10 425 111
10 425 426
10 425 389
10 425 427
8 425 10
11 425 20
4 428
5 428 1
6 428 429
10 428 39
10 428 423
8 428 19
8 428 13
8 428 88
4 133
5 133 1
10 133 311
10 133 430
10 133 431
10 133 432
9 133 8
8 133 11
8 133 9
9 133 88
4 179
5 179 1
10 179 433
10 179 434
10 179 435
10 179 436
4 138
5 138 1
6 138 437
10 138 438
4 407
5 407 1
10 407 331
10 407 59
10 407 92
10 407 62
10 407 272
4 439
5 439 1
10 439 103
10 439 177
7 439 93
4 440
5 440 1
10 440 163
4 441
5 441 1
10 441 305
8 441 88
8 441 10
4 442
5 442 1
9 442 19
11 442 60
4 443
5 443 1
10 443 342
10 443 444
10 443 445
10 443 85
10 443 281
9 443 8
8 443 73
4 446
5 446 1
10 446 115
8 446 9
4 447
5 447 1
10 447 448
10 447 392
10 447 449
10 447 360
10 447 450
4 451
5 451 1
10 451 452
8 451 10
4 246
5 246 1
10 246 453
8 246 11
4 454
5 454 1
10 454 114
11 454 21
4 455
5 455 1
8 455 10
4 235
5 235 1
11 235 361
11 235 60
4 239
5 239 1
6 239 456
10 239 457
10 239 458
10 239 455
10 239 39
4 254
5 254 1
10 254 459
10 254 460
9 254 11
8 254 73
11 254 74
4 461
5 461 1
10 461 462
10 461 417
10 461 463
4 400
5 400 1
6 400 464
4 71
5 71 1
10 71 465
10 71 466
10 71 258
10 71 467
4 232
5 232 1
6 232 468
6 232 469
10 232 51
10 232 470
7 232 10
7 232 13
9 232 67
9 232 93
7 232 11
4 471
5 471 1
10 471 472
4 473
5 473 1
10 473 308
10 473 474
11 473 20
11 473 102
4 34
5 34 1
10 34 475
10 34 89
10 34 344
4 38
5 38 1
10 38 299
10 38 476
10 38 477
11 38 32
4 289
5 289 1
10 289 478
10 289 479
4 81
5 81 1
10 81 480
11 81 102
4 481
5 481 1
8 481 9
4 482
5 482 1
10 482 303
10 482 483
10 482 484
10 482 485
4 271
5 271 1
8 271 10
8 271 88
4 367
5 367 1
10 367 486
10 367 487
10 367 488
7 367 93
9 367 11
4 489
5 489 1
7 489 93
11 489 60
4 434
5 434 1
10 434 490
10 434 491
9 434 10
8 434 19
8 434 13
4 297
5 297 1
10 297 178
10 297 428
10 297 57
10 297 492
4 360
5 360 1
7 360 13
4 493
5 493 1
10 493 308
10 493 494
10 493 495
7 493 19
4 496
5 496 1
10 496 241
10 496 46
11 496 361
4 115
5 115 1
10 115 497
10 115 498
4 313
5 313 1
6 313 86
10 313 146
10 313 499
10 313 500
10 313 49
10 313 501
4 475
5 475 1
10 475 502
10 475 503
8 475 8
11 475 361
4 504
5 504 1
10 504 505
10 504 80
4 506
5 506 1
4 99
5 99 1
10 99 423
10 99 51
10 99 156
10 99 373
10 99 507
8 99 10
7 99 8
7 99 19
4 331
5 331 1
10 331 508
10 331 509
7 331 8
8 331 67
9 331 13
8 331 19
4 244
5 244 1
9 244 73
8 244 19
8 244 8
7 244 93
8 244 10
4 166
5 166 1
6 166 510
8 166 93
4 349
5 349 1
10 349 511
10 349 77
10 349 512
10 349 513
10 349 336
8 349 73
4 514
5 514 1
10 514 132
10 514 434
8 514 9
7 514 73
4 515
5 515 1
10 515 516
10 515 517
10 515 518
7 515 11
8 515 88
9 515 73
8 515 93
7 515 19
4 142
5 142 1
10 142 132
10 142 112
10 142 519
10 142 520
9 142 73
7 142 93
8 142 8
8 142 10
8 142 88
4 521
5 521 1
9 521 9
4 522
5 522 1
10 522 523
4 524
5 524 1
4 384
5 384 1
10 384 133
10 384 12
4 392
5 392 1
10 392 89
10 392 207
10 392 525
10 392 526
10 392 521
4 305
5 305 1
10 305 244
10 305 38
10 305 240
10 305 384
10 305 527
4 528
5 528 1
10 528 83
10 528 272
10 528 529
10 528 243
10 528 389
4 180
5 180 1
10 180 530
9 180 9
11 180 20
4 531
5 531 1
10 531 151
10 531 308
10 531 118
10 531 532
10 531 533
4 214
5 214 1
10 214 336
10 214 534
10 214 353
10 214 535
11 214 348
4 536
5 536 1
10 536 362
10 536 214
4 459
5 459 1
10 459 258
10 459 537
10 459 538
4 539
5 539 1
10 539 540
10 539 541
10 539 542
10 539 543
11 539 32
4 217
5 217 1
10 217 188
10 217 544
10 217 86
10 217 545
8 217 11
4 91
5 91 1
10 91 254
10 91 546
10 91 547
4 144
5 144 1
6 144 548
9 144 13
8 144 73
8 144 8
9 144 67
11 144 60
11 144 60
4 549
5 549 1
10 549 550
4 551
5 551 1
6 551 552
10 551 83
10 551 553
10 551 554
10 551 555
10 551 404
4 46
5 46 1
10 46 211
10 46 556
10 46 295
10 46 440
4 17
5 17 1
10 17 447
10 17 557
10 17 264
10 17 558
10 17 559
9 17 88
4 560
5 560 1
10 560 417
10 560 561
10 560 562
10 560 61
4 419
5 419 1
10 419 563
10 419 564
10 419 420
4 565
5 565 1
10 565 566
10 565 567
10 565 190
10 565 455
10 565 503
11 565 20
4 422
5 422 1
10 422 568
10 422 440
10 422 569
10 422 69
8 422 93
11 422 74
4 570
5 570 1
10 570 571
10 570 572
10 570 573
10 570 574
8 570 73
11 570 32
4 575
5 575 1
10 575 576
10 575 217
10 575 504
10 575 577
8 575 9
11 575 361
4 62
5 62 1
6 62 578
10 62 186
10 62 254
10 62 459
10 62 579
4 580
5 580 1
10 580 77
10 580 581
10 580 582
10 580 410
10 580 583
8 580 11
8 580 73
11 580 74
11 580 361
4 584
5 584 1
10 584 295
10 584 585
10 584 586
10 584 587
10 584 588
9 584 13
7 584 10
8 584 11
4 411
5 411 1
10 411 302
10 411 589
10 411 590
10 411 455
7 411 88
8 411 73
8 411 10
9 411 13
4 87
5 87 1
10 87 591
10 87 359
8 87 67
4 368
5 368 1
10 368 592
10 368 144
7 368 9
7 368 88
8 368 11
8 368 67
11 368 74
11 368 32
4 593
5 593 1
10 593 244
4 594
5 594 1
6 594 595
10 594 327
4 449
5 449 1
10 449 310
10 449 451
10 449 596
10 449 212
10 449 597
8 449 88
8 449 10
8 449 93
4 466
5 466 1
10 466 584
10 466 598
10 466 156
9 466 19
11 466 102
4 591
5 591 1
10 591 599
10 591 324
10 591 600
10 591 392
8 591 13
7 591 10
11 591 361
11 591 135
4 601
5 601 1
4 503
5 503 1
10 503 602
10 503 575
4 308
5 308 1
11 308 32
11 308 361
4 359
5 359 1
10 359 603
10 359 604
9 359 8
4 39
5 39 1
9 39 67
4 605
5 605 1
8 605 19
7 605 73
4 54
5 54 1
10 54 391
8 54 13
8 54 10
9 54 67
11 54 102
11 54 361
4 606
5 606 1
11 606 135
11 606 60
4 607
5 607 1
6 607 608
10 607 609
10 607 610
10 607 408
10 607 611
8 607 19
9 607 8
4 550
5 550 1
10 550 282
10 550 214
10 550 612
9 550 93
11 550 135
4 613
5 613 1
10 613 614
10 613 615
9 613 19
4 616
5 616 1
10 616 61
10 616 136
10 616 617
10 616 69
10 616 371
11 616 20
4 618
5 618 1
10 618 521
9 618 67
4 41
5 41 1
10 41 619
10 41 620
10 41 621
10 41 616
8 41 8
9 41 13
7 41 19
4 137
5 137 1
6 137 622
10 137 232
11 137 60
4 280
5 280 1
10 280 623
10 280 624
10 280 625
10 280 419
10 280 626
4 396
5 396 1
4 408
5 408 1
10 408 627
10 408 628
10 408 629
10 408 630
9 408 10
4 267
5 267 1
10 267 631
4 540
5 540 1
10 540 392
4 558
5 558 1
10 558 394
10 558 357
10 558 211
10 558 162
4 632
5 632 1
10 632 633
10 632 634
10 632 461
7 632 9
12 635
2 635 4
13 636
14 636 635
10 636 637
10 636 638
10 636 639
8 636 10
11 636 60
15 640
14 640 635
11 640 641
7 640 67
16 640 635
17 640 0
18 640 642
19 640 643
20 640 644
20 640 645
20 640 646
20 640 647
21 640 648
15 649
11 649 650
10 649 651
10 649 652
10 649 113
11 649 135
11 649 60
16 649 635
17 649 653
18 649 654
19 649 654
20 649 655
20 649 656
20 649 657
20 649 658
21 649 648
15 659
11 659 650
10 659 660
10 659 661
10 659 662
9 659 19
8 659 93
22 659 635
17 659 643
18 659 643
19 659 654
20 659 663
20 659 664
20 659 665
20 659 666
21 659 648
15 113
11 113 641
16 113 635
17 113 654
18 113 643
19 113 654
20 113 667
20 113 668
21 113 648
15 669
11 669 641
10 669 30
10 669 670
10 669 671
10 669 672
10 669 673
7 669 10
7 669 88
16 669 635
17 669 642
18 669 653
19 669 653
20 669 674
20 669 675
20 669 676
20 669 677
20 669 678
21 669 648
15 638
11 638 650
6 638 679
10 638 680
10 638 681
10 638 682
10 638 671
10 638 683
9 638 11
16 638 635
17 638 0
18 638 654
19 638 642
20 638 684
20 638 685
20 638 686
21 638 648
15 687
11 687 641
10 687 688
10 687 671
10 687 689
8 687 10
8 687 93
22 687 635
17 687 643
18 687 643
19 687 0
20 687 690
20 687 691
20 687 692
20 687 693
20 687 694
21 687 648
15 637
11 637 641
10 637 638
10 637 695
10 637 696
10 637 697
8 637 10
8 637 11
8 637 9
9 637 73
8 637 88
11 637 32
22 637 635
17 637 654
18 637 654
19 637 642
20 637 698
20 637 699
20 637 700
21 637 648
23 701
11 701 650
10 701 696
10 701 702
10 701 671
11 701 32
22 701 635
17 701 653
18 701 0
19 701 654
20 701 703
20 701 704
21 701 648
23 705
11 705 641
6 705 706
16 705 635
17 705 653
18 705 654
19 705 642
20 705 707
20 705 708
20 705 709
21 705 648
23 682
11 682 641
10 682 710
10 682 711
10 682 712
11 682 102
11 682 74
22 682 635
17 682 654
18 682 0
19 682 643
20 682 713
20 682 714
20 682 715
20 682 716
21 682 648
23 710
11 710 641
16 710 635
17 710 642
18 710 653
19 710 653
20 710 717
20 710 718
20 710 719
20 710 720
20 710 721
21 710 648
23 722
11 722 650
10 722 640
10 722 723
10 722 724
10 722 649
8 722 93
8 722 11
9 722 8
11 722 60
11 722 74
22 722 635
17 722 643
18 722 654
19 722 653
20 722 725
20 722 726
20 722 727
20 722 728
20 722 729
21 722 648
23 661
11 661 641
10 661 730
10 661 731
10 661 732
10 661 113
22 661 635
17 661 643
18 661 0
19 661 643
20 661 733
20 661 734
20 661 735
21 661 648
23 660
11 660 641
6 660 736
8 660 10
8 660 11
11 660 74
22 660 635
17 660 653
18 660 653
19 660 653
20 660 737
20 660 738
20 660 739
20 660 740
20 660 741
21 660 648
23 696
11 696 650
10 696 742
10 696 743
22 696 635
17 696 642
18 696 653
19 696 654
20 696 744
20 696 745
20 696 746
20 696 747
21 696 648
23 673
11 673 641
10 673 649
10 673 748
10 673 702
10 673 749
16 673 635
17 673 653
18 673 0
19 673 654
20 673 750
20 673 751
20 673 752
21 673 648
23 712
11 712 650
10 712 753
11 712 60
16 712 635
17 712 642
18 712 643
19 712 654
20 712 754
20 712 755
20 712 756
20 712 757
20 712 758
21 712 648
23 753
11 753 650
22 753 635
17 753 643
18 753 643
19 753 642
20 753 759
20 753 760
20 753 761
20 753 762
20 753 763
21 753 648
24 764
11 764 641
10 764 671
10 764 710
10 764 765
10 764 702
7 764 10
8 764 9
22 764 635
17 764 643
18 764 654
19 764 654
20 764 766
20 764 767
20 764 768
21 764 648
24 671
11 671 641
10 671 769
16 671 635
17 671 654
18 671 0
19 671 643
20 671 770
20 671 771
20 671 772
20 671 773
21 671 648
24 688
11 688 641
10 688 774
10 688 775
10 688 776
11 688 32
16 688 635
17 688 653
18 688 642
19 688 653
20 688 777
20 688 778
20 688 779
20 688 780
21 688 648
24 689
11 689 650
10 689 687
7 689 10
22 689 635
17 689 0
18 689 653
19 689 653
20 689 781
20 689 782
20 689 783
20 689 784
20 689 785
21 689 648
24 786
11 786 650
11 786 102
22 786 635
17 786 654
18 786 654
19 786 643
20 786 787
20 786 788
20 786 789
20 786 790
21 786 648
24 791
11 791 650
10 791 792
10 791 793
10 791 765
7 791 19
8 791 11
9 791 93
11 791 102
11 791 135
16 791 635
17 791 0
18 791 643
19 791 0
20 791 794
20 791 795
20 791 796
21 791 648
24 662
11 662 650
10 662 797
10 662 798
10 662 799
11 662 348
11 662 32
16 662 635
17 662 642
18 662 643
19 662 642
20 662 800
20 662 801
20 662 802
21 662 648
25 803
25 804
26 769
11 769 650
10 769 805
10 769 806
22 769 635
17 769 653
18 769 654
19 769 654
20 769 807
20 769 808
20 769 809
20 769 810
20 769 811
26 765
11 765 641
10 765 812
9 765 9
7 765 93
7 765 10
11 765 60
11 765 32
16 765 635
17 765 642
18 765 643
19 765 643
20 765 813
20 765 814
20 765 815
20 765 816
26 792
11 792 641
8 792 9
11 792 32
22 792 635
17 792 654
18 792 654
19 792 642
20 792 817
20 792 818
20 792 819
26 749
11 749 650
10 749 820
10 749 680
22 749 635
17 749 643
18 749 653
19 749 643
20 749 821
20 749 822
20 749 823
20 749 824
26 702
11 702 650
10 702 825
10 702 682
16 702 635
17 702 653
18 702 654
19 702 642
20 702 826
20 702 827
20 702 828
20 702 829
27 830
11 830 650
10 830 831
28 830 635
29 830 832
30 830 833
30 830 781
30 830 674
30 830 817
27 834
11 834 641
10 834 835
10 834 836
10 834 837
10 834 838
10 834 839
28 834 635
29 834 840
30 834 733
30 834 698
27 841
11 841 650
10 841 842
28 841 635
29 841 843
30 841 760
30 841 699
30 841 755
30 841 817
27 369
11 369 650
10 369 844
10 369 845
10 369 846
28 369 635
29 369 847
30 369 781
30 369 808
30 369 713
27 848
11 848 650
28 848 635
29 848 849
30 848 745
30 848 850
27 851
11 851 641
7 851 10
28 851 635
29 851 847
30 851 737
30 851 738
30 851 750
27 852
11 852 650
28 852 635
29 852 853
30 852 713
30 852 725
27 854
11 854 650
10 854 855
10 854 856
10 854 857
10 854 858
10 854 859
28 854 635
29 854 860
30 854 814
30 854 751
31 854 687
27 861
11 861 641
10 861 862
10 861 863
10 861 864
10 861 865
10 861 866
7 861 13
9 861 67
7 861 10
28 861 635
29 861 867
30 861 868
30 861 645
27 869
11 869 650
10 869 870
7 869 73
8 869 10
8 869 9
7 869 11
11 869 135
28 869 635
29 869 871
30 869 872
30 869 815
30 869 873
27 874
11 874 641
6 874 162
10 874 875
10 874 876
10 874 877
10 874 878
11 874 348
28 874 635
29 874 867
30 874 817
30 874 699
30 874 809
30 874 675
27 879
11 879 650
10 879 880
8 879 93
9 879 67
9 879 11
28 879 635
29 879 881
30 879 644
30 879 676
30 879 882
30 879 883
27 884
11 884 650
10 884 885
10 884 886
10 884 887
10 884 39
28 884 635
29 884 888
30 884 699
30 884 675
30 884 726
27 889
11 889 650
10 889 890
11 889 102
11 889 21
28 889 635
29 889 891
30 889 761
30 889 734
27 892
11 892 641
10 892 893
10 892 894
10 892 895
10 892 879
10 892 896
9 892 19
28 892 635
29 892 860
30 892 667
30 892 733
30 892 815
27 863
11 863 641
10 863 897
10 863 28
10 863 898
10 863 899
9 863 11
8 863 8
28 863 635
29 863 900
30 863 816
30 863 760
30 863 717
27 901
11 901 641
28 901 635
29 901 902
30 901 644
30 901 703
31 901 696
27 903
11 903 650
10 903 904
10 903 905
10 903 906
10 903 907
7 903 88
28 903 635
29 903 908
30 903 909
30 903 676
31 903 765
27 910
11 910 650
10 910 911
10 910 912
9 910 13
7 910 10
28 910 635
29 910 913
30 910 717
30 910 794
30 910 747
30 910 692
27 914
11 914 641
10 914 915
10 914 916
10 914 7
10 914 917
28 914 635
29 914 918
30 914 644
30 914 674
30 914 827
30 914 814
27 919
11 919 641
10 919 920
10 919 242
9 919 67
8 919 19
8 919 93
7 919 8
8 919 88
11 919 74
28 919 635
29 919 843
30 919 766
30 919 921
30 919 726
27 922
11 922 650
10 922 923
10 922 924
10 922 925
8 922 67
11 922 348
11 922 135
28 922 635
29 922 926
30 922 691
30 922 814
27 927
11 927 641
10 927 928
10 927 466
10 927 929
9 927 19
8 927 88
28 927 635
29 927 930
30 927 931
30 927 771
27 932
11 932 641
10 932 933
10 932 100
10 932 934
28 932 635
29 932 853
30 932 935
30 932 667
30 932 783
27 936
11 936 650
10 936 897
10 936 937
10 936 938
8 936 9
28 936 635
29 936 939
30 936 794
30 936 760
30 936 745
30 936 940
27 941
11 941 641
10 941 942
10 941 943
28 941 635
29 941 871
30 941 703
30 941 794
27 944
11 944 641
10 944 945
10 944 911
10 944 946
11 944 21
28 944 635
29 944 947
30 944 948
30 944 684
30 944 734
30 944 717
27 949
11 949 641
10 949 950
28 949 635
29 949 849
30 949 678
30 949 771
27 951
11 951 650
10 951 952
10 951 953
10 951 954
8 951 73
11 951 21
11 951 32
28 951 635
29 951 955
30 951 699
30 951 750
27 956
11 956 641
9 956 9
28 956 635
29 956 955
30 956 759
30 956 807
30 956 818
27 957
11 957 650
10 957 958
11 957 74
28 957 635
29 957 959
30 957 759
30 957 744
31 957 791
27 960
11 960 650
6 960 961
10 960 962
10 960 963
10 960 964
10 960 965
10 960 966
8 960 10
7 960 13
28 960 635
29 960 959
30 960 822
30 960 759
30 960 967
27 968
11 968 641
6 968 533
10 968 969
10 968 970
10 968 971
28 968 635
29 968 881
30 968 745
30 968 807
30 968 818
30 968 693
27 159
11 159 641
10 159 972
7 159 11
28 159 635
29 159 947
30 159 717
30 159 795
27 973
11 973 641
10 973 526
10 973 974
28 973 635
29 973 871
30 973 761
30 973 744
30 973 975
27 976
11 976 650
8 976 11
8 976 73
28 976 635
29 976 867
30 976 691
30 976 771
30 976 815
31 976 712
27 977
11 977 650
10 977 978
10 977 979
10 977 980
10 977 581
8 977 88
8 977 19
11 977 20
28 977 635
29 977 955
30 977 667
30 977 777
27 981
11 981 650
10 981 982
10 981 983
8 981 13
28 981 635
29 981 984
30 981 751
30 981 985
30 981 781
27 986
11 986 641
10 986 987
10 986 988
10 986 989
10 986 990
8 986 9
9 986 10
8 986 8
28 986 635
29 986 913
30 986 645
30 986 733
27 991
11 991 650
10 991 992
28 991 635
29 991 853
30 991 993
30 991 994
31 991 712
27 995
11 995 650
10 995 996
8 995 8
8 995 13
8 995 67
8 995 73
28 995 635
29 995 840
30 995 675
30 995 827
30 995 759
30 995 751
27 928
11 928 650
6 928 997
28 928 635
29 928 998
30 928 999
30 928 664
27 1000
11 1000 641
10 1000 1001
10 1000 1002
10 1000 1003
10 1000 1004
10 1000 1005
28 1000 635
29 1000 1006
30 1000 777
30 1000 645
30 1000 1007
30 1000 703
27 1008
11 1008 641
11 1008 32
28 1008 635
29 1008 881
30 1008 810
30 1008 794
30 1008 750
27 1009
11 1009 641
10 1009 1010
10 1009 1011
10 1009 1012
11 1009 74
28 1009 635
29 1009 1013
30 1009 815
30 1009 1014
30 1009 751
30 1009 684
27 1015
11 1015 650
8 1015 19
28 1015 635
29 1015 843
30 1015 760
30 1015 800
27 1016
11 1016 650
7 1016 9
28 1016 635
29 1016 1017
30 1016 818
30 1016 772
27 1018
11 1018 650
10 1018 1019
10 1018 1020
10 1018 1021
10 1018 1022
10 1018 1023
7 1018 88
28 1018 635
29 1018 1024
30 1018 676
30 1018 717
30 1018 800
30 1018 1025
27 1026
11 1026 650
6 1026 1027
10 1026 1028
10 1026 1029
10 1026 1030
10 1026 1031
10 1026 1032
28 1026 635
29 1026 888
30 1026 766
30 1026 714
30 1026 1033
30 1026 707
31 1026 702
27 335
11 335 650
10 335 1034
10 335 343
10 335 1035
10 335 893
8 335 13
7 335 10
9 335 93
28 335 635
29 335 1036
30 335 818
30 335 674
30 335 794
27 1037
11 1037 641
10 1037 1038
10 1037 1039
28 1037 635
29 1037 849
30 1037 675
30 1037 1040
30 1037 771
30 1037 674
27 1041
11 1041 641
6 1041 594
6 1041 1042
10 1041 1043
10 1041 1044
28 1041 635
29 1041 984
30 1041 1045
30 1041 675
30 1041 1046
30 1041 760
27 1047
11 1047 650
10 1047 75
10 1047 1048
10 1047 1049
10 1047 1050
10 1047 1051
8 1047 10
28 1047 635
29 1047 926
30 1047 826
30 1047 755
30 1047 718
30 1047 726
27 1052
11 1052 641
10 1052 1053
10 1052 1054
10 1052 1055
10 1052 1056
10 1052 1057
28 1052 635
29 1052 930
30 1052 744
30 1052 762
30 1052 1058
30 1052 703
27 1059
11 1059 641
10 1059 1060
10 1059 1061
7 1059 67
11 1059 32
28 1059 635
29 1059 871
30 1059 1062
30 1059 751
30 1059 713
30 1059 738
27 937
11 937 650
10 937 1063
10 937 1064
10 937 1065
10 937 1066
10 937 1067
8 937 13
28 937 635
29 937 1017
30 937 707
30 937 714
31 937 791
27 1068
11 1068 650
8 1068 73
7 1068 8
28 1068 635
29 1068 1069
30 1068 734
30 1068 726
30 1068 815
27 1070
11 1070 650
6 1070 1071
10 1070 525
10 1070 1072
10 1070 1073
10 1070 1074
10 1070 1075
11 1070 348
28 1070 635
29 1070 959
30 1070 772
30 1070 1076
30 1070 726
27 1077
11 1077 650
10 1077 1078
10 1077 1079
10 1077 1067
10 1077 1080
10 1077 1081
8 1077 10
9 1077 73
28 1077 635
29 1077 860
30 1077 760
30 1077 750
30 1077 676
27 1082
11 1082 641
10 1082 1083
11 1082 361
28 1082 635
29 1082 881
30 1082 826
30 1082 675
27 1084
11 1084 650
10 1084 1085
10 1084 1086
10 1084 1087
9 1084 67
8 1084 11
28 1084 635
29 1084 930
30 1084 771
30 1084 770
30 1084 815
30 1084 707
27 1066
11 1066 641
6 1066 1088
7 1066 93
9 1066 10
8 1066 73
28 1066 635
29 1066 847
30 1066 809
30 1066 826
30 1066 655
31 1066 682
27 1089
11 1089 641
10 1089 1090
10 1089 1091
28 1089 635
29 1089 1092
30 1089 726
30 1089 1093
30 1089 795
30 1089 1094
31 1089 673
27 1095
11 1095 641
10 1095 987
11 1095 60
28 1095 635
29 1095 930
30 1095 684
30 1095 818
30 1095 674
30 1095 817
27 1096
11 1096 650
10 1096 1097
9 1096 88
28 1096 635
29 1096 867
30 1096 676
30 1096 686
30 1096 734
27 1098
11 1098 641
28 1098 635
29 1098 1099
30 1098 826
30 1098 675
30 1098 737
27 1100
11 1100 650
10 1100 1101
10 1100 1102
10 1100 1103
10 1100 242
8 1100 19
11 1100 21
28 1100 635
29 1100 832
30 1100 746
30 1100 645
30 1100 751
27 1104
11 1104 641
10 1104 1105
8 1104 9
8 1104 93
28 1104 635
29 1104 1099
30 1104 783
30 1104 707
30 1104 817
27 1106
11 1106 641
10 1106 504
10 1106 1107
10 1106 945
8 1106 67
28 1106 635
29 1106 959
30 1106 767
30 1106 699
30 1106 684
30 1106 738
27 1108
11 1108 650
10 1108 560
10 1108 1109
8 1108 9
8 1108 88
28 1108 635
29 1108 1092
30 1108 737
30 1108 815
27 1110
11 1110 641
6 1110 1111
10 1110 1112
10 1110 1113
9 1110 8
28 1110 635
29 1110 926
30 1110 699
30 1110 826
30 1110 754
30 1110 674
27 1114
11 1114 641
10 1114 1115
10 1114 1116
10 1114 1117
10 1114 1118
8 1114 19
8 1114 9
11 1114 21
11 1114 361
28 1114 635
29 1114 1119
30 1114 692
30 1114 814
30 1114 762
27 1120
11 1120 641
10 1120 1121
10 1120 1122
10 1120 1123
10 1120 1023
28 1120 635
29 1120 1006
30 1120 1124
30 1120 1125
31 1120 682
27 1126
11 1126 641
10 1126 1127
10 1126 1128
8 1126 93
8 1126 8
28 1126 635
29 1126 913
30 1126 813
30 1126 714
30 1126 827
30 1126 698
31 1126 688
27 1129
11 1129 641
10 1129 1130
9 1129 8
28 1129 635
29 1129 853
30 1129 645
30 1129 800
27 1131
11 1131 650
10 1131 933
10 1131 1132
8 1131 11
8 1131 93
28 1131 635
29 1131 849
30 1131 770
30 1131 1133
27 1134
11 1134 650
10 1134 1135
10 1134 1136
10 1134 1137
10 1134 1138
10 1134 941
8 1134 8
11 1134 21
28 1134 635
29 1134 867
30 1134 713
30 1134 1139
30 1134 781
30 1134 754
27 1140
11 1140 650
10 1140 1095
11 1140 102
11 1140 60
28 1140 635
29 1140 881
30 1140 746
30 1140 655
30 1140 767
27 964
11 964 650
10 964 1141
10 964 1142
10 964 1143
10 964 1144
10 964 1145
11 964 102
28 964 635
29 964 930
30 964 707
30 964 692
27 1146
11 1146 641
10 1146 1147
10 1146 863
10 1146 1148
10 1146 852
10 1146 1149
11 1146 20
28 1146 635
29 1146 860
30 1146 1150
30 1146 771
30 1146 1151
30 1146 1152
27 962
11 962 650
10 962 1153
10 962 978
10 962 1154
28 962 635
29 962 1155
30 962 1156
30 962 1157
30 962 740
30 962 760
27 1158
11 1158 650
10 1158 1159
10 1158 929
10 1158 1160
8 1158 19
8 1158 93
28 1158 635
29 1158 1017
30 1158 1161
30 1158 1162
27 1163
11 1163 641
10 1163 1164
7 1163 10
8 1163 8
11 1163 361
11 1163 20
28 1163 635
29 1163 998
30 1163 780
30 1163 795
30 1163 781
30 1163 744
27 1165
11 1165 650
10 1165 1023
10 1165 574
10 1165 1166
10 1165 1167
10 1165 1168
11 1165 348
28 1165 635
29 1165 955
30 1165 692
30 1165 760
27 730
11 730 650
10 730 1169
10 730 1170
10 730 1171
10 730 1172
10 730 1173
28 730 635
29 730 1174
30 730 665
30 730 674
27 1175
11 1175 641
10 1175 1176
10 1175 1177
10 1175 1178
10 1175 1179
9 1175 73
28 1175 635
29 1175 1036
30 1175 813
30 1175 821
30 1175 655
27 1180
11 1180 641
10 1180 1181
10 1180 1182
10 1180 1183
10 1180 1184
28 1180 635
29 1180 1013
30 1180 1185
30 1180 809
30 1180 761
30 1180 1186
27 1187
11 1187 641
10 1187 1188
10 1187 769
10 1187 1189
10 1187 1153
28 1187 635
29 1187 1069
30 1187 713
30 1187 808
30 1187 714
27 1190
11 1190 650
7 1190 10
28 1190 635
29 1190 955
30 1190 800
30 1190 657
30 1190 784
30 1190 782
27 1191
11 1191 641
6 1191 1192
10 1191 1193
8 1191 93
9 1191 67
8 1191 11
7 1191 8
8 1191 13
28 1191 635
29 1191 871
30 1191 809
30 1191 674
30 1191 1194
30 1191 817
27 1048
11 1048 650
10 1048 1195
10 1048 1052
10 1048 1196
10 1048 1145
9 1048 10
28 1048 635
29 1048 930
30 1048 760
30 1048 667
27 1197
11 1197 641
11 1197 60
28 1197 635
29 1197 913
30 1197 713
30 1197 814
27 1198
11 1198 650
10 1198 1199
28 1198 635
29 1198 1013
30 1198 800
30 1198 777
27 1039
11 1039 650
10 1039 1200
10 1039 1052
28 1039 635
29 1039 1069
30 1039 698
30 1039 757
30 1039 770
27 1201
11 1201 641
10 1201 1202
28 1201 635
29 1201 860
30 1201 807
30 1201 782
30 1201 761
30 1201 1203
27 1204
11 1204 650
10 1204 1205
10 1204 172
10 1204 1206
9 1204 67
9 1204 10
7 1204 93
8 1204 8
11 1204 102
28 1204 635
29 1204 871
30 1204 726
30 1204 818
27 1207
11 1207 650
10 1207 1208
10 1207 1209
10 1207 1210
10 1207 407
10 1207 1211
8 1207 13
9 1207 73
28 1207 635
29 1207 849
30 1207 817
30 1207 708
31 1207 696
27 1097
11 1097 641
10 1097 956
10 1097 1158
7 1097 19
8 1097 88
28 1097 635
29 1097 843
30 1097 760
30 1097 707
30 1097 795
27 1212
11 1212 641
10 1212 1213
8 1212 8
11 1212 32
28 1212 635
29 1212 891
30 1212 1214
30 1212 826
27 1215
11 1215 641
10 1215 1216
10 1215 1217
10 1215 1048
10 1215 1218
11 1215 74
28 1215 635
29 1215 1219
30 1215 766
30 1215 713
30 1215 717
27 837
11 837 650
10 837 1089
10 837 1220
10 837 1221
10 837 1222
10 837 1223
7 837 88
28 837 635
29 837 930
30 837 675
30 837 757
27 1224
11 1224 641
10 1224 1225
10 1224 1226
9 1224 93
28 1224 635
29 1224 913
30 1224 809
30 1224 725
30 1224 699
30 1224 1227
27 1228
11 1228 641
10 1228 1229
10 1228 1188
10 1228 1230
28 1228 635
29 1228 1231
30 1228 795
30 1228 750
27 1232
11 1232 650
10 1232 1221
10 1232 1233
10 1232 1234
10 1232 1235
7 1232 9
8 1232 88
28 1232 635
29 1232 1231
30 1232 734
30 1232 1236
30 1232 808
27 1237
11 1237 650
10 1237 1238
10 1237 1239
10 1237 1240
28 1237 635
29 1237 1069
30 1237 1241
30 1237 755
30 1237 1242
30 1237 1243
27 1244
11 1244 650
10 1244 335
10 1244 1245
10 1244 1246
7 1244 8
28 1244 635
29 1244 900
30 1244 644
30 1244 667
30 1244 1247
30 1244 781
27 1248
11 1248 641
10 1248 1249
8 1248 88
28 1248 635
29 1248 918
30 1248 747
30 1248 738
30 1248 751
27 1080
11 1080 641
10 1080 1250
10 1080 1251
10 1080 1252
10 1080 1253
10 1080 1254
28 1080 635
29 1080 849
30 1080 718
30 1080 714
30 1080 795
30 1080 772
27 1255
11 1255 650
10 1255 156
10 1255 1256
10 1255 1257
10 1255 1258
7 1255 67
11 1255 60
28 1255 635
29 1255 908
30 1255 713
30 1255 644
30 1255 699
30 1255 783
27 1259
11 1259 641
7 1259 93
28 1259 635
29 1259 908
30 1259 1260
30 1259 794
30 1259 667
27 1118
11 1118 650
10 1118 269
10 1118 1261
9 1118 93
9 1118 67
28 1118 635
29 1118 900
30 1118 813
30 1118 745
27 1262
11 1262 641
10 1262 1104
10 1262 1263
10 1262 1264
28 1262 635
29 1262 930
30 1262 767
30 1262 781
30 1262 645
30 1262 1265
27 1266
11 1266 641
10 1266 990
10 1266 1267
10 1266 1158
9 1266 13
8 1266 73
28 1266 635
29 1266 1069
30 1266 718
30 1266 745
30 1266 814
27 1268
11 1268 650
10 1268 1269
10 1268 1270
10 1268 1271
10 1268 1272
11 1268 102
28 1268 635
29 1268 1092
30 1268 781
30 1268 761
30 1268 824
27 1273
11 1273 650
6 1273 1274
10 1273 933
10 1273 1275
10 1273 1276
10 1273 1253
8 1273 10
7 1273 8
8 1273 19
28 1273 635
29 1273 1024
30 1273 692
30 1273 709
30 1273 1156
27 1277
11 1277 641
10 1277 1278
10 1277 1279
10 1277 1280
28 1277 635
29 1277 1092
30 1277 1281
30 1277 692
31 1277 688
27 1282
11 1282 641
10 1282 1283
10 1282 1284
10 1282 1285
10 1282 260
8 1282 10
7 1282 9
28 1282 635
29 1282 860
30 1282 737
30 1282 725
30 1282 814
27 1286
11 1286 641
10 1286 1287
10 1286 84
10 1286 1288
10 1286 1289
10 1286 1290
8 1286 9
11 1286 361
28 1286 635
29 1286 1013
30 1286 780
30 1286 807
30 1286 766
30 1286 751
27 1291
11 1291 650
10 1291 1159
10 1291 1292
10 1291 1293
9 1291 88
9 1291 11
9 1291 67
28 1291 635
29 1291 888
30 1291 740
30 1291 1294
30 1291 782
27 1295
11 1295 641
8 1295 13
28 1295 635
29 1295 908
30 1295 726
30 1295 794
30 1295 814
30 1295 826
27 1296
11 1296 641
10 1296 1297
10 1296 1188
10 1296 1298
28 1296 635
29 1296 959
30 1296 826
30 1296 1299
30 1296 699
27 1300
11 1300 641
6 1300 1301
10 1300 1302
10 1300 851
28 1300 635
29 1300 1155
30 1300 777
30 1300 644
30 1300 676
30 1300 795
27 1303
11 1303 650
10 1303 1253
10 1303 917
10 1303 1304
8 1303 67
8 1303 19
8 1303 88
28 1303 635
29 1303 1036
30 1303 814
30 1303 777
31 1303 769
27 1305
11 1305 650
8 1305 73
8 1305 10
9 1305 9
28 1305 635
29 1305 939
30 1305 755
30 1305 1306
30 1305 727
30 1305 676
27 1307
11 1307 641
28 1307 635
29 1307 959
30 1307 752
30 1307 777
27 1308
11 1308 641
8 1308 13
8 1308 9
8 1308 8
28 1308 635
29 1308 847
30 1308 770
30 1308 744
30 1308 644
30 1308 734
27 1309
11 1309 650
10 1309 1310
10 1309 1311
7 1309 88
28 1309 635
29 1309 1312
30 1309 707
30 1309 750
30 1309 1313
30 1309 761
27 911
11 911 650
10 911 1309
28 911 635
29 911 888
30 911 809
30 911 771
27 1297
11 1297 641
10 1297 1314
10 1297 1315
11 1297 74
11 1297 21
28 1297 635
29 1297 1013
30 1297 721
30 1297 814
30 1297 1316
27 1317
11 1317 641
10 1317 1318
10 1317 1319
10 1317 1320
10 1317 1321
8 1317 11
28 1317 635
29 1317 900
30 1317 813
30 1317 750
30 1317 823
27 1322
11 1322 641
10 1322 1323
10 1322 1324
8 1322 8
28 1322 635
29 1322 1092
30 1322 756
30 1322 815
30 1322 1325
30 1322 787
27 1205
11 1205 641
6 1205 1102
10 1205 1326
11 1205 60
28 1205 635
29 1205 891
30 1205 726
30 1205 771
30 1205 818
27 1054
11 1054 641
10 1054 1327
11 1054 361
28 1054 635
29 1054 1017
30 1054 1328
30 1054 751
30 1054 713
27 1329
11 1329 650
6 1329 423
10 1329 1330
10 1329 1331
10 1329 331
7 1329 88
28 1329 635
29 1329 888
30 1329 725
30 1329 782
27 1276
11 1276 650
6 1276 1332
10 1276 1333
10 1276 1334
10 1276 1335
10 1276 1336
10 1276 1337
8 1276 88
8 1276 93
8 1276 73
28 1276 635
29 1276 888
30 1276 745
30 1276 818
30 1276 760
30 1276 1338
31 1276 791
27 574
11 574 650
10 574 1339
28 574 635
29 574 1036
30 574 691
30 574 667
30 574 772
27 1340
11 1340 641
10 1340 1341
28 1340 635
29 1340 1231
30 1340 644
30 1340 810
30 1340 655
30 1340 1342
31 1340 662
27 1343
11 1343 650
10 1343 594
28 1343 635
29 1343 913
30 1343 698
30 1343 713
27 1344
11 1344 650
10 1344 1345
10 1344 25
10 1344 863
10 1344 1346
10 1344 1347
8 1344 11
8 1344 73
7 1344 13
28 1344 635
29 1344 847
30 1344 790
30 1344 754
30 1344 684
27 1348
11 1348 641
11 1348 74
11 1348 60
28 1348 635
29 1348 1006
30 1348 692
30 1348 721
30 1348 809
27 1148
11 1148 641
28 1148 635
29 1148 998
30 1148 770
30 1148 782
30 1148 674
27 1349
11 1349 650
10 1349 464
10 1349 1350
10 1349 6
10 1349 1351
10 1349 1352
8 1349 93
28 1349 635
29 1349 939
30 1349 676
30 1349 767
30 1349 655
27 1353
11 1353 641
10 1353 1354
10 1353 1355
10 1353 942
10 1353 845
10 1353 1356
11 1353 102
28 1353 635
29 1353 847
30 1353 692
30 1353 787
27 337
11 337 641
28 337 635
29 337 891
30 337 807
30 337 744
27 1357
11 1357 650
10 1357 1252
10 1357 1358
28 1357 635
29 1357 843
30 1357 699
30 1357 1359
27 1112
11 1112 641
10 1112 1360
10 1112 1361
10 1112 834
10 1112 1362
10 1112 1253
28 1112 635
29 1112 853
30 1112 725
30 1112 737
30 1112 718
30 1112 1363
27 1364
11 1364 650
10 1364 1365
28 1364 635
29 1364 1069
30 1364 761
30 1364 667
30 1364 814
30 1364 717
31 1364 649
27 1366
11 1366 650
10 1366 1367
10 1366 1368
10 1366 1015
10 1366 1369
9 1366 19
11 1366 60
28 1366 635
29 1366 900
30 1366 817
30 1366 644
27 1370
11 1370 650
10 1370 105
10 1370 1371
10 1370 1372
28 1370 635
29 1370 1092
30 1370 817
30 1370 783
30 1370 1373
30 1370 674
31 1370 669
27 1374
11 1374 641
10 1374 498
10 1374 990
10 1374 1375
10 1374 1274
10 1374 1357
11 1374 102
11 1374 135
28 1374 635
29 1374 1069
30 1374 781
30 1374 782
27 1078
11 1078 650
10 1078 1376
8 1078 67
28 1078 635
29 1078 832
30 1078 754
30 1078 744
27 1377
11 1377 650
10 1377 846
10 1377 1378
10 1377 1379
10 1377 1380
28 1377 635
29 1377 930
30 1377 714
30 1377 773
31 1377 791
27 925
11 925 650
6 925 1381
10 925 1382
10 925 1383
10 925 1384
10 925 1385
28 925 635
29 925 918
30 925 829
30 925 721
27 1154
11 1154 650
10 1154 1386
10 1154 1387
7 1154 67
9 1154 93
8 1154 73
7 1154 11
8 1154 13
28 1154 635
29 1154 1388
30 1154 754
30 1154 699
30 1154 1389
27 1390
11 1390 641
10 1390 1391
10 1390 525
10 1390 928
10 1390 1055
10 1390 1392
7 1390 10
8 1390 13
28 1390 635
29 1390 847
30 1390 698
30 1390 684
30 1390 655
30 1390 738
27 1393
11 1393 641
10 1393 1394
10 1393 965
10 1393 1337
10 1393 1097
10 1393 834
7 1393 19
9 1393 8
28 1393 635
29 1393 926
30 1393 766
30 1393 733
30 1393 1395
27 1396
11 1396 641
10 1396 1397
10 1396 1398
28 1396 635
29 1396 930
30 1396 813
30 1396 818
27 1399
11 1399 650
8 1399 67
28 1399 635
29 1399 900
30 1399 815
30 1399 665
27 426
11 426 641
10 426 1400
10 426 1401
10 426 1402
10 426 1403
8 426 13
28 426 635
29 426 1388
30 426 761
30 426 815
27 1028
11 1028 641
6 1028 206
10 1028 483
10 1028 1051
9 1028 88
28 1028 635
29 1028 871
30 1028 703
30 1028 737
30 1028 814
31 1028 701
27 1404
11 1404 650
10 1404 1405
10 1404 1406
28 1404 635
29 1404 832
30 1404 676
30 1404 725
30 1404 674
30 1404 675
31 1404 769
27 898
11 898 641
28 898 635
29 898 1024
30 898 1407
30 898 707
30 898 809
27 916
11 916 650
10 916 1408
10 916 901
28 916 635
29 916 1013
30 916 758
30 916 771
30 916 1162
30 916 735
27 1409
11 1409 650
10 1409 1410
10 1409 1348
10 1409 1018
10 1409 1411
10 1409 1031
9 1409 73
7 1409 88
28 1409 635
29 1409 860
30 1409 818
30 1409 1412
30 1409 675
30 1409 699
27 1413
11 1413 650
10 1413 1080
10 1413 951
10 1413 1414
11 1413 74
28 1413 635
29 1413 843
30 1413 760
30 1413 667
30 1413 728
31 1413 786
27 257
11 257 641
28 257 635
29 257 1099
30 257 777
30 257 794
30 257 813
27 1415
11 1415 650
10 1415 1416
10 1415 1417
10 1415 1418
10 1415 1419
11 1415 60
28 1415 635
29 1415 998
30 1415 703
30 1415 647
30 1415 675
30 1415 718
27 974
11 974 650
8 974 67
11 974 348
28 974 635
29 974 860
30 974 794
30 974 719
27 1420
11 1420 650
6 1420 1421
28 1420 635
29 1420 840
30 1420 771
30 1420 698
30 1420 645
30 1420 754
27 1422
11 1422 650
28 1422 635
29 1422 888
30 1422 771
30 1422 1423
30 1422 751
30 1422 738
27 1424
11 1424 650
6 1424 1425
10 1424 1426
10 1424 933
28 1424 635
29 1424 832
30 1424 787
30 1424 674
30 1424 1427
30 1424 754
31 1424 113
27 1428
11 1428 650
10 1428 990
10 1428 1429
7 1428 19
9 1428 11
28 1428 635
29 1428 1006
30 1428 1430
30 1428 717
30 1428 676
30 1428 725
27 1431
11 1431 650
10 1431 1432
8 1431 13
11 1431 32
11 1431 60
28 1431 635
29 1431 918
30 1431 676
30 1431 717
30 1431 754
27 1433
11 1433 641
10 1433 1434
11 1433 102
11 1433 102
28 1433 635
29 1433 1024
30 1433 794
30 1433 772
31 1433 712
27 1435
11 1435 650
10 1435 1436
10 1435 1398
10 1435 1437
10 1435 1438
8 1435 8
7 1435 11
8 1435 67
8 1435 73
9 1435 9
28 1435 635
29 1435 840
30 1435 645
30 1435 667
30 1435 784
27 1439
11 1439 650
10 1439 1440
10 1439 1330
10 1439 1441
10 1439 1442
10 1439 954
8 1439 93
8 1439 73
7 1439 88
28 1439 635
29 1439 1119
30 1439 717
30 1439 809
30 1439 808
27 1443
11 1443 650
10 1443 1037
10 1443 1444
10 1443 1445
10 1443 990
7 1443 67
8 1443 8
28 1443 635
29 1443 891
30 1443 726
30 1443 815
27 1022
11 1022 641
10 1022 1446
10 1022 1447
10 1022 1448
10 1022 899
11 1022 74
28 1022 635
29 1022 860
30 1022 1449
30 1022 794
30 1022 1450
30 1022 790
27 261
11 261 650
10 261 1451
10 261 1452
10 261 1453
10 261 1454
7 261 19
28 261 635
29 261 853
30 261 808
30 261 733
27 1208
11 1208 650
6 1208 1455
10 1208 1456
10 1208 1457
28 1208 635
29 1208 853
30 1208 828
30 1208 808
30 1208 644
27 1458
11 1458 641
10 1458 1459
28 1458 635
29 1458 1155
30 1458 717
30 1458 766
27 1460
11 1460 641
6 1460 1461
10 1460 1462
10 1460 1463
11 1460 74
11 1460 102
28 1460 635
29 1460 1312
30 1460 703
30 1460 759
30 1460 784
30 1460 713
31 1460 722
27 1270
11 1270 641
10 1270 1464
10 1270 1465
10 1270 1466
10 1270 1467
10 1270 1468
28 1270 635
29 1270 1024
30 1270 691
30 1270 645
30 1270 782
27 1469
11 1469 650
10 1469 1470
10 1469 1471
10 1469 1011
9 1469 93
7 1469 9
7 1469 13
28 1469 635
29 1469 891
30 1469 808
30 1469 725
27 992
11 992 641
8 992 8
8 992 11
11 992 135
28 992 635
29 992 843
30 992 754
30 992 817
27 1472
11 1472 650
10 1472 965
28 1472 635
29 1472 955
30 1472 698
30 1472 747
30 1472 817
30 1472 700
27 946
11 946 641
11 946 60
28 946 635
29 946 1155
30 946 1473
30 946 1474
30 946 734
30 946 1475
27 1476
11 1476 650
8 1476 8
8 1476 19
8 1476 11
28 1476 635
29 1476 918
30 1476 807
30 1476 818
27 398
11 398 641
10 398 421
10 398 1477
10 398 1126
10 398 1370
10 398 1478
28 398 635
29 398 871
30 398 770
30 398 717
30 398 772
30 398 1479
27 1480
11 1480 650
10 1480 1481
9 1480 13
28 1480 635
29 1480 1069
30 1480 807
30 1480 781
27 1482
11 1482 641
10 1482 1483
10 1482 1484
10 1482 1485
10 1482 1486
28 1482 635
29 1482 840
30 1482 1487
30 1482 751
31 1482 113
27 1488
11 1488 650
10 1488 1489
10 1488 1165
10 1488 1490
7 1488 13
7 1488 93
9 1488 67
28 1488 635
29 1488 959
30 1488 760
30 1488 1491
27 1492
11 1492 650
7 1492 88
8 1492 9
8 1492 19
11 1492 21
28 1492 635
29 1492 853
30 1492 794
30 1492 1493
27 1494
11 1494 641
10 1494 973
10 1494 1495
10 1494 1496
10 1494 990
11 1494 20
28 1494 635
29 1494 984
30 1494 1497
30 1494 1498
30 1494 699
30 1494 794
27 835
11 835 641
11 835 74
11 835 21
28 835 635
29 835 1024
30 835 783
30 835 644
27 1499
11 1499 650
28 1499 635
29 1499 900
30 1499 658
30 1499 691
30 1499 698
27 1079
11 1079 650
6 1079 1500
28 1079 635
29 1079 900
30 1079 800
30 1079 707
27 1371
11 1371 650
10 1371 1501
10 1371 1200
11 1371 32
28 1371 635
29 1371 1174
30 1371 800
30 1371 818
30 1371 707
30 1371 745
27 907
11 907 641
10 907 1502
10 907 398
7 907 11
28 907 635
29 907 832
30 907 778
30 907 733
30 907 718
27 978
11 978 641
9 978 13
7 978 93
7 978 8
28 978 635
29 978 900
30 978 770
30 978 1503
30 978 738
30 978 717
31 978 688
27 1504
11 1504 641
10 1504 1298
10 1504 1039
11 1504 74
28 1504 635
29 1504 1388
30 1504 1505
30 1504 759
30 1504 1506
30 1504 814
27 1507
11 1507 650
9 1507 13
7 1507 11
7 1507 88
28 1507 635
29 1507 860
30 1507 819
30 1507 1508
30 1507 737
27 298
11 298 641
9 298 9
28 298 635
29 298 1155
30 298 755
30 298 766
31 298 696
27 1509
11 1509 641
10 1509 1510
10 1509 1511
10 1509 1512
11 1509 32
28 1509 635
29 1509 1017
30 1509 698
30 1509 684
30 1509 707
30 1509 734
27 1513
11 1513 650
10 1513 1514
10 1513 1515
28 1513 635
29 1513 840
30 1513 815
30 1513 1516
30 1513 655
30 1513 644
27 1517
11 1517 650
28 1517 635
29 1517 847
30 1517 794
30 1517 692
27 1518
11 1518 641
10 1518 1519
10 1518 1520
10 1518 957
10 1518 1521
10 1518 1482
28 1518 635
29 1518 860
30 1518 814
30 1518 714
30 1518 738
27 1321
11 1321 641
10 1321 1129
10 1321 1522
28 1321 635
29 1321 1013
30 1321 800
30 1321 1523
30 1321 1524
31 1321 637
27 938
11 938 650
10 938 1525
10 938 1526
10 938 835
8 938 9
9 938 93
7 938 11
8 938 19
28 938 635
29 938 1312
30 938 795
30 938 718
30 938 703
31 938 661
27 1527
11 1527 641
28 1527 635
29 1527 1219
30 1527 751
30 1527 699
30 1527 882
30 1527 717
31 1527 671
27 1339
11 1339 641
10 1339 1528
10 1339 1529
10 1339 1530
11 1339 135
11 1339 361
28 1339 635
29 1339 939
30 1339 737
30 1339 809
31 1339 659
27 1264
11 1264 650
10 1264 1531
10 1264 1532
10 1264 1533
28 1264 635
29 1264 849
30 1264 814
30 1264 750
30 1264 676
30 1264 815
27 1534
11 1534 641
10 1534 892
10 1534 1535
8 1534 13
7 1534 10
28 1534 635
29 1534 843
30 1534 713
30 1534 667
30 1534 1536
30 1534 703
27 1011
11 1011 641
10 1011 1537
10 1011 1538
10 1011 1200
10 1011 1015
10 1011 941
11 1011 102
28 1011 635
29 1011 1092
30 1011 770
30 1011 813
30 1011 714
27 1539
11 1539 650
10 1539 1540
10 1539 1541
10 1539 1542
10 1539 1543
9 1539 8
7 1539 73
9 1539 10
8 1539 88
28 1539 635
29 1539 939
30 1539 663
30 1539 818
30 1539 808
30 1539 809
27 1544
11 1544 650
10 1544 1545
10 1544 1546
10 1544 1547
8 1544 11
8 1544 93
7 1544 67
7 1544 13
9 1544 9
28 1544 635
29 1544 930
30 1544 777
30 1544 676
30 1544 761
27 1548
11 1548 641
10 1548 1549
10 1548 1550
10 1548 1551
10 1548 1552
10 1548 1369
28 1548 635
29 1548 913
30 1548 1553
30 1548 768
30 1548 725
27 1554
11 1554 650
10 1554 1555
10 1554 933
10 1554 1556
10 1554 1544
10 1554 1557
9 1554 10
28 1554 635
29 1554 918
30 1554 690
30 1554 1558
30 1554 663
30 1554 1559
27 464
11 464 650
10 464 1560
10 464 1561
28 464 635
29 464 853
30 464 713
30 464 726
30 464 794
30 464 667
31 464 638
27 1562
11 1562 650
10 1562 1563
10 1562 1564
10 1562 1396
10 1562 1494
11 1562 60
28 1562 635
29 1562 984
30 1562 762
30 1562 737
30 1562 744
30 1562 726
27 1565
11 1565 641
10 1565 1566
10 1565 1168
10 1565 1567
11 1565 20
11 1565 74
28 1565 635
29 1565 959
30 1565 1568
30 1565 818
27 1057
11 1057 650
10 1057 861
10 1057 1569
10 1057 1570
28 1057 635
29 1057 832
30 1057 703
30 1057 819
27 651
11 651 641
28 651 635
29 651 1099
30 651 751
30 651 781
30 651 744
30 651 668
27 1571
11 1571 650
10 1571 1572
10 1571 1573
8 1571 11
11 1571 60
28 1571 635
29 1571 918
30 1571 754
30 1571 691
30 1571 814
31 1571 712
27 1574
11 1574 641
10 1574 1575
10 1574 1576
10 1574 1376
10 1574 1577
8 1574 93
28 1574 635
29 1574 930
30 1574 814
30 1574 1578
30 1574 817
30 1574 1579
27 1441
11 1441 650
10 1441 1472
8 1441 11
11 1441 74
28 1441 635
29 1441 959
30 1441 1580
30 1441 1581
30 1441 703
31 1441 710
27 1582
11 1582 650
10 1582 1200
10 1582 1583
10 1582 1584
10 1582 710
9 1582 88
9 1582 19
28 1582 635
29 1582 849
30 1582 1585
30 1582 802
30 1582 750
30 1582 821
27 1586
11 1586 650
10 1586 1249
10 1586 1587
8 1586 88
7 1586 93
8 1586 8
28 1586 635
29 1586 900
30 1586 783
30 1586 772
30 1586 771
30 1586 645
27 1588
11 1588 641
10 1588 1270
10 1588 163
8 1588 93
11 1588 60
28 1588 635
29 1588 853
30 1588 1589
30 1588 826
30 1588 772
31 1588 753
27 1590
11 1590 641
28 1590 635
29 1590 1119
30 1590 692
30 1590 781
30 1590 1591
27 1592
11 1592 650
10 1592 1225
10 1592 1593
28 1592 635
29 1592 908
30 1592 1594
30 1592 1595
30 1592 686
31 1592 769
27 1596
11 1596 641
10 1596 1597
10 1596 1598
10 1596 892
10 1596 1599
8 1596 93
11 1596 21
11 1596 135
28 1596 635
29 1596 1024
30 1596 800
30 1596 760
30 1596 817
31 1596 705
27 1278
11 1278 641
10 1278 1600
10 1278 1601
28 1278 635
29 1278 1006
30 1278 667
30 1278 1602
30 1278 755
30 1278 1603
27 1604
11 1604 641
10 1604 981
10 1604 1605
9 1604 9
11 1604 102
11 1604 60
28 1604 635
29 1604 843
30 1604 781
30 1604 813
30 1604 809
30 1604 801
27 1606
11 1606 641
10 1606 938
10 1606 1607
10 1606 1277
28 1606 635
29 1606 1388
30 1606 767
30 1606 691
30 1606 807
30 1606 770
31 1606 659
27 1608
11 1608 641
10 1608 1098
10 1608 208
10 1608 1609
10 1608 1610
8 1608 9
8 1608 10
11 1608 20
11 1608 348
28 1608 635
29 1608 1119
30 1608 787
30 1608 664
30 1608 767
30 1608 1611
27 276
11 276 641
10 276 1540
10 276 1612
10 276 919
8 276 9
11 276 361
28 276 635
29 276 1036
30 276 1613
30 276 1614
30 276 1615
30 276 771
27 1616
11 1616 650
10 1616 1617
10 1616 861
10 1616 1618
7 1616 88
8 1616 93
28 1616 635
29 1616 913
30 1616 783
30 1616 771
27 1619
11 1619 650
10 1619 1397
10 1619 1620
9 1619 9
8 1619 88
9 1619 67
28 1619 635
29 1619 1006
30 1619 1621
30 1619 1150
30 1619 808
30 1619 781
27 1622
11 1622 641
10 1622 1623
7 1622 10
9 1622 67
28 1622 635
29 1622 1155
30 1622 1621
30 1622 826
30 1622 1624
27 1625
11 1625 641
28 1625 635
29 1625 891
30 1625 733
30 1625 745
30 1625 760
27 1626
11 1626 650
10 1626 1627
8 1626 67
9 1626 8
28 1626 635
29 1626 998
30 1626 676
30 1626 674
27 1315
11 1315 650
10 1315 1039
10 1315 1628
28 1315 635
29 1315 902
30 1315 817
30 1315 1629
30 1315 794
30 1315 717
27 1630
11 1630 650
28 1630 635
29 1630 860
30 1630 813
30 1630 684
30 1630 644
31 1630 689
27 1542
11 1542 650
28 1542 635
29 1542 908
30 1542 725
30 1542 717
30 1542 1631
30 1542 777
27 1632
11 1632 641
10 1632 1633
10 1632 1293
10 1632 1634
10 1632 1635
10 1632 1636
9 1632 10
9 1632 19
11 1632 60
28 1632 635
29 1632 908
30 1632 809
30 1632 726
30 1632 744
30 1632 745
27 1358
11 1358 650
10 1358 957
10 1358 1637
10 1358 1201
10 1358 1074
11 1358 74
28 1358 635
29 1358 930
30 1358 794
30 1358 690
30 1358 807
27 1638
11 1638 650
10 1638 1408
10 1638 820
10 1638 1509
10 1638 1639
8 1638 93
28 1638 635
29 1638 832
30 1638 770
30 1638 814
30 1638 752
27 1055
11 1055 641
8 1055 73
28 1055 635
29 1055 871
30 1055 737
30 1055 815
30 1055 690
27 1640
11 1640 650
10 1640 937
10 1640 1329
10 1640 1641
10 1640 1642
10 1640 1643
28 1640 635
29 1640 1092
30 1640 1644
30 1640 761
30 1640 1645
27 1004
11 1004 641
10 1004 1258
10 1004 1646
8 1004 10
7 1004 93
8 1004 13
7 1004 19
8 1004 8
28 1004 635
29 1004 881
30 1004 698
30 1004 718
27 1647
11 1647 641
10 1647 1648
10 1647 1649
10 1647 1650
10 1647 1651
8 1647 19
8 1647 10
28 1647 635
29 1647 832
30 1647 800
30 1647 645
30 1647 1652
30 1647 818
27 1653
11 1653 641
10 1653 887
28 1653 635
29 1653 881
30 1653 821
30 1653 759
30 1653 800
30 1653 703
27 1637
11 1637 641
28 1637 635
29 1637 860
30 1637 783
30 1637 782
30 1637 819
27 1654
11 1654 641
10 1654 1655
10 1654 1115
10 1654 1656
10 1654 1657
10 1654 1658
28 1654 635
29 1654 840
30 1654 714
30 1654 826
27 1323
11 1323 641
10 1323 1659
11 1323 60
28 1323 635
29 1323 939
30 1323 1595
30 1323 1660
27 1419
11 1419 650
6 1419 1661
6 1419 1662
10 1419 1663
10 1419 1664
8 1419 93
7 1419 11
28 1419 635
29 1419 1119
30 1419 717
30 1419 790
30 1419 714
27 1029
11 1029 650
6 1029 1665
10 1029 977
10 1029 1666
10 1029 1298
10 1029 1667
10 1029 425
7 1029 13
28 1029 635
29 1029 1174
30 1029 1124
30 1029 817
30 1029 655
30 1029 1668
27 1540
11 1540 650
10 1540 1669
10 1540 914
10 1540 1670
10 1540 1008
10 1540 951
8 1540 19
9 1540 88
8 1540 67
28 1540 635
29 1540 998
30 1540 821
30 1540 715
27 1671
11 1671 641
10 1671 898
10 1671 1672
10 1671 1083
10 1671 951
8 1671 10
28 1671 635
29 1671 881
30 1671 1673
30 1671 813
30 1671 767
30 1671 703
27 1369
11 1369 650
10 1369 1674
28 1369 635
29 1369 900
30 1369 717
30 1369 1675
30 1369 818
27 1557
11 1557 650
10 1557 1280
28 1557 635
29 1557 959
30 1557 807
30 1557 809
27 1337
11 1337 650
8 1337 73
28 1337 635
29 1337 1092
30 1337 808
30 1337 656
30 1337 752
31 1337 637
27 1380
11 1380 650
10 1380 1077
28 1380 635
29 1380 947
30 1380 645
30 1380 1676
30 1380 691
30 1380 814
27 1429
11 1429 650
6 1429 431
28 1429 635
29 1429 1155
30 1429 767
30 1429 787
27 812
11 812 641
10 812 1677
10 812 1678
10 812 1534
10 812 1679
10 812 1680
11 812 32
28 812 635
29 812 860
30 812 763
30 812 733
30 812 744
30 812 676
27 1681
11 1681 650
10 1681 1682
10 1681 1443
10 1681 1683
10 1681 893
10 1681 1254
11 1681 348
28 1681 635
29 1681 891
30 1681 807
30 1681 772
30 1681 814
30 1681 1684
27 1639
11 1639 641
7 1639 9
28 1639 635
29 1639 860
30 1639 690
30 1639 1685
27 1298
11 1298 650
10 1298 1597
10 1298 1686
10 1298 1687
10 1298 1688
8 1298 19
7 1298 11
8 1298 73
28 1298 635
29 1298 888
30 1298 737
30 1298 667
30 1298 800
27 1689
11 1689 641
9 1689 19
9 1689 9
28 1689 635
29 1689 1013
30 1689 783
30 1689 815
30 1689 770
27 1690
11 1690 641
10 1690 1691
10 1690 1654
10 1690 276
10 1690 919
8 1690 67
28 1690 635
29 1690 1231
30 1690 698
30 1690 817
30 1690 726
30 1690 691
27 1418
11 1418 650
10 1418 1639
10 1418 1692
10 1418 1154
10 1418 1693
9 1418 9
7 1418 13
8 1418 73
28 1418 635
29 1418 984
30 1418 817
30 1418 1694
30 1418 794
27 1226
11 1226 650
10 1226 1016
10 1226 1695
10 1226 1408
10 1226 1504
10 1226 1120
28 1226 635
29 1226 881
30 1226 1696
30 1226 690
30 1226 741
27 1697
11 1697 650
6 1697 1698
10 1697 1293
10 1697 1699
10 1697 1700
10 1697 1701
10 1697 1702
11 1697 60
11 1697 102
28 1697 635
29 1697 900
30 1697 790
30 1697 745
30 1697 772
27 1703
11 1703 650
10 1703 1376
10 1703 1704
10 1703 1705
10 1703 1548
7 1703 9
28 1703 635
29 1703 998
30 1703 771
30 1703 770
30 1703 751
30 1703 800
27 1706
11 1706 650
10 1706 1707
10 1706 1494
8 1706 88
28 1706 635
29 1706 984
30 1706 795
30 1706 714
31 1706 705
27 1708
11 1708 650
6 1708 1709
10 1708 1710
10 1708 1472
10 1708 1711
28 1708 635
29 1708 1099
30 1708 698
30 1708 655
31 1708 113
27 1570
11 1570 641
10 1570 1370
10 1570 1712
7 1570 19
8 1570 11
8 1570 9
28 1570 635
29 1570 1312
30 1570 646
30 1570 771
30 1570 1713
27 1714
11 1714 641
6 1714 339
10 1714 1715
9 1714 73
8 1714 67
28 1714 635
29 1714 1092
30 1714 1716
30 1714 770
30 1714 690
31 1714 113
27 1128
11 1128 641
10 1128 1717
10 1128 1112
10 1128 1051
10 1128 1718
10 1128 1483
28 1128 635
29 1128 900
30 1128 783
30 1128 734
30 1128 759
30 1128 800
27 1666
11 1666 641
10 1666 932
10 1666 1719
10 1666 1158
10 1666 903
10 1666 1720
28 1666 635
29 1666 847
30 1666 644
30 1666 713
27 1721
11 1721 641
28 1721 635
29 1721 847
30 1721 690
30 1721 1722
30 1721 674
27 1501
11 1501 650
10 1501 1723
10 1501 1724
10 1501 1725
10 1501 1726
28 1501 635
29 1501 913
30 1501 801
30 1501 738
30 1501 713
27 1252
11 1252 650
10 1252 1483
10 1252 1727
10 1252 1220
10 1252 1728
11 1252 32
28 1252 635
29 1252 1006
30 1252 713
30 1252 744
27 1288
11 1288 650
7 1288 88
28 1288 635
29 1288 853
30 1288 698
30 1288 759
27 1729
11 1729 650
10 1729 1730
10 1729 1259
10 1729 1731
28 1729 635
29 1729 1231
30 1729 1732
30 1729 692
27 1730
11 1730 641
28 1730 635
29 1730 1017
30 1730 783
30 1730 1733
30 1730 1734
30 1730 826
27 1735
11 1735 641
10 1735 1736
10 1735 1737
10 1735 1738
10 1735 1418
10 1735 1739
11 1735 20
11 1735 60
28 1735 635
29 1735 984
30 1735 813
30 1735 655
30 1735 754
30 1735 1740
31 1735 669
27 1269
11 1269 650
10 1269 1741
10 1269 1742
10 1269 987
7 1269 10
9 1269 9
28 1269 635
29 1269 1231
30 1269 733
30 1269 754
27 1743
11 1743 650
10 1743 1744
10 1743 1745
28 1743 635
29 1743 900
30 1743 777
30 1743 713
30 1743 751
27 1746
11 1746 641
10 1746 1682
10 1746 1747
8 1746 67
28 1746 635
29 1746 955
30 1746 1748
30 1746 714
30 1746 726
31 1746 113
27 1749
11 1749 641
10 1749 1750
10 1749 1083
8 1749 9
28 1749 635
29 1749 1024
30 1749 781
30 1749 795
30 1749 737
30 1749 645
27 421
11 421 641
10 421 1217
10 421 1054
9 421 9
28 421 635
29 421 1017
30 421 698
30 421 794
27 1751
11 1751 650
10 1751 1752
10 1751 7
10 1751 1753
10 1751 113
8 1751 73
28 1751 635
29 1751 947
30 1751 807
30 1751 667
30 1751 826
30 1751 720
27 933
11 933 641
8 933 67
28 933 635
29 933 1174
30 933 813
30 933 1716
27 377
11 377 650
10 377 1754
10 377 1755
10 377 1504
10 377 1197
11 377 102
11 377 21
28 377 635
29 377 832
30 377 766
30 377 754
30 377 807
27 1756
11 1756 641
10 1756 1757
10 1756 287
11 1756 32
28 1756 635
29 1756 908
30 1756 1758
30 1756 1759
27 1760
11 1760 650
10 1760 1761
10 1760 1104
10 1760 1330
10 1760 1630
10 1760 1304
11 1760 60
28 1760 635
29 1760 926
30 1760 690
30 1760 674
30 1760 745
27 1253
11 1253 650
10 1253 1762
10 1253 1542
10 1253 1465
10 1253 1763
28 1253 635
29 1253 853
30 1253 663
30 1253 1764
30 1253 777
31 1253 682
27 1765
11 1765 641
10 1765 1766
8 1765 13
8 1765 8
9 1765 73
8 1765 88
11 1765 60
11 1765 32
28 1765 635
29 1765 1312
30 1765 813
30 1765 782
30 1765 718
27 1182
11 1182 650
10 1182 1749
8 1182 11
8 1182 9
28 1182 635
29 1182 955
30 1182 787
30 1182 1767
27 1768
11 1768 650
8 1768 93
8 1768 13
9 1768 73
8 1768 11
8 1768 8
11 1768 20
11 1768 348
28 1768 635
29 1768 984
30 1768 725
30 1768 691
30 1768 733
30 1768 734
27 1056
11 1056 650
10 1056 1329
10 1056 1032
10 1056 1769
10 1056 1770
8 1056 93
28 1056 635
29 1056 947
30 1056 767
30 1056 781
30 1056 1771
30 1056 714
27 1772
11 1772 650
10 1772 547
10 1772 1773
10 1772 1270
10 1772 1774
28 1772 635
29 1772 867
30 1772 707
30 1772 783
30 1772 759
30 1772 691
27 912
11 912 641
10 912 1775
10 912 1776
10 912 1469
8 912 10
9 912 11
9 912 19
11 912 60
11 912 135
28 912 635
29 912 902
30 912 1777
30 912 1778
30 912 707
30 912 1779
27 1780
11 1780 641
10 1780 1204
10 1780 1781
10 1780 1782
10 1780 1783
10 1780 1784
28 1780 635
29 1780 1099
30 1780 718
30 1780 744
30 1780 1785
30 1780 745
27 1683
11 1683 650
10 1683 1786
10 1683 1787
10 1683 1788
8 1683 88
8 1683 11
28 1683 635
29 1683 947
30 1683 676
30 1683 699
30 1683 795
30 1683 800
27 1789
11 1789 641
10 1789 1511
8 1789 19
11 1789 60
28 1789 635
29 1789 871
30 1789 744
30 1789 752
30 1789 703
30 1789 720
27 1790
11 1790 641
10 1790 1791
10 1790 1792
10 1790 1793
10 1790 1794
28 1790 635
29 1790 1092
30 1790 777
30 1790 823
30 1790 1759
30 1790 726
27 1795
11 1795 650
10 1795 1398
10 1795 1796
9 1795 9
28 1795 635
29 1795 840
30 1795 777
30 1795 814
30 1795 770
30 1795 760
27 1541
11 1541 650
28 1541 635
29 1541 1312
30 1541 1713
30 1541 809
27 1012
11 1012 641
10 1012 1797
10 1012 1404
10 1012 1798
10 1012 1799
8 1012 88
28 1012 635
29 1012 908
30 1012 714
30 1012 674
30 1012 1800
27 1801
11 1801 650
10 1801 1054
10 1801 1110
10 1801 1386
10 1801 1802
10 1801 302
28 1801 635
29 1801 860
30 1801 809
30 1801 1803
27 1804
11 1804 650
28 1804 635
29 1804 918
30 1804 676
30 1804 684
30 1804 691
27 1805
11 1805 641
10 1805 932
28 1805 635
29 1805 930
30 1805 719
30 1805 1806
27 1408
11 1408 641
10 1408 951
10 1408 1807
10 1408 1482
10 1408 1687
10 1408 1349
28 1408 635
29 1408 939
30 1408 645
30 1408 690
30 1408 818
31 1408 649
27 1808
11 1808 641
10 1808 1809
10 1808 1810
10 1808 1811
10 1808 1554
10 1808 1619
11 1808 32
28 1808 635
29 1808 867
30 1808 675
30 1808 694
27 1254
11 1254 650
28 1254 635
29 1254 867
30 1254 645
30 1254 821
30 1254 1812
30 1254 1813
27 1814
11 1814 650
10 1814 1393
11 1814 60
11 1814 60
28 1814 635
29 1814 1231
30 1814 755
30 1814 787
30 1814 733
30 1814 817
27 1667
11 1667 650
10 1667 1400
10 1667 1815
8 1667 11
9 1667 9
11 1667 60
28 1667 635
29 1667 832
30 1667 667
30 1667 787
30 1667 734
27 1816
11 1816 641
10 1816 1817
10 1816 1818
7 1816 11
8 1816 9
11 1816 21
28 1816 635
29 1816 902
30 1816 771
30 1816 818
31 1816 669
27 1819
11 1819 641
9 1819 8
28 1819 635
29 1819 1013
30 1819 1820
30 1819 655
31 1819 669
27 1821
11 1821 650
10 1821 1349
10 1821 1050
10 1821 343
9 1821 11
8 1821 8
28 1821 635
29 1821 891
30 1821 750
30 1821 733
30 1821 777
27 1822
11 1822 641
10 1822 1823
10 1822 1824
10 1822 1270
10 1822 1825
10 1822 1826
8 1822 11
28 1822 635
29 1822 1013
30 1822 773
30 1822 782
30 1822 717
30 1822 690
31 1822 669
27 1670
11 1670 641
10 1670 1315
9 1670 9
8 1670 93
7 1670 67
9 1670 19
28 1670 635
29 1670 1219
30 1670 828
30 1670 817
27 1405
11 1405 641
10 1405 1630
10 1405 1827
28 1405 635
29 1405 1092
30 1405 737
30 1405 704
30 1405 817
27 1032
11 1032 650
10 1032 956
10 1032 1828
10 1032 1829
8 1032 13
28 1032 635
29 1032 1231
30 1032 787
30 1032 690
27 1674
11 1674 641
10 1674 1515
9 1674 13
9 1674 88
28 1674 635
29 1674 1312
30 1674 754
30 1674 762
31 1674 712
27 1770
11 1770 650
10 1770 1315
10 1770 1830
8 1770 19
8 1770 73
8 1770 88
28 1770 635
29 1770 1006
30 1770 821
30 1770 1558
31 1770 791
27 1463
11 1463 641
10 1463 1831
10 1463 1368
10 1463 1303
28 1463 635
29 1463 832
30 1463 690
30 1463 807
27 1832
11 1832 641
10 1832 1134
10 1832 1833
8 1832 13
8 1832 67
28 1832 635
29 1832 930
30 1832 745
30 1832 726
30 1832 771
27 870
11 870 650
28 870 635
29 870 1231
30 870 781
30 870 794
30 870 826
27 1145
11 1145 650
10 1145 1834
10 1145 1790
10 1145 1835
10 1145 1836
10 1145 1837
8 1145 10
8 1145 11
7 1145 93
11 1145 21
11 1145 60
28 1145 635
29 1145 881
30 1145 759
30 1145 714
27 1835
11 1835 650
10 1835 1106
10 1835 188
8 1835 9
7 1835 19
8 1835 10
28 1835 635
29 1835 867
30 1835 713
30 1835 771
30 1835 809
27 1285
11 1285 641
10 1285 1743
10 1285 1838
11 1285 60
11 1285 102
28 1285 635
29 1285 947
30 1285 691
30 1285 771
27 1839
11 1839 650
10 1839 1462
10 1839 897
8 1839 8
28 1839 635
29 1839 984
30 1839 1840
30 1839 1841
30 1839 694
27 1842
11 1842 650
10 1842 1565
10 1842 1041
10 1842 1337
10 1842 1843
28 1842 635
29 1842 1312
30 1842 744
30 1842 667
30 1842 707
27 899
11 899 641
8 899 9
11 899 60
28 899 635
29 899 1312
30 899 777
30 899 755
31 899 769
27 1844
11 1844 650
10 1844 1237
10 1844 1845
10 1844 1592
28 1844 635
29 1844 913
30 1844 720
30 1844 818
27 1230
11 1230 650
6 1230 1846
10 1230 1012
10 1230 1847
10 1230 1848
10 1230 1619
11 1230 135
28 1230 635
29 1230 1013
30 1230 760
30 1230 733
30 1230 726
30 1230 1849
31 1230 649
27 1850
11 1850 641
28 1850 635
29 1850 867
30 1850 733
30 1850 698
30 1850 766
27 1397
11 1397 650
10 1397 1851
11 1397 74
11 1397 60
28 1397 635
29 1397 843
30 1397 744
30 1397 754
30 1397 755
27 845
11 845 641
10 845 1852
10 845 1165
10 845 1350
8 845 9
8 845 88
9 845 10
8 845 67
8 845 11
28 845 635
29 845 891
30 845 676
30 845 816
30 845 1853
30 845 815
27 1854
11 1854 650
10 1854 953
10 1854 1855
10 1854 1291
10 1854 1856
11 1854 60
28 1854 635
29 1854 1036
30 1854 1857
30 1854 795
30 1854 814
30 1854 781
27 1858
11 1858 641
10 1858 1158
10 1858 1457
10 1858 1859
10 1858 1638
8 1858 67
28 1858 635
29 1858 1024
30 1858 714
30 1858 768
30 1858 707
31 1858 662
27 1860
11 1860 641
10 1860 1132
10 1860 1861
7 1860 67
7 1860 88
7 1860 8
28 1860 635
29 1860 926
30 1860 777
30 1860 1862
30 1860 717
27 1350
11 1350 650
10 1350 1863
10 1350 1864
10 1350 1865
10 1350 1317
10 1350 1866
8 1350 73
28 1350 635
29 1350 871
30 1350 795
30 1350 808
27 1159
11 1159 641
10 1159 1867
8 1159 88
11 1159 74
28 1159 635
29 1159 902
30 1159 737
30 1159 744
30 1159 729
30 1159 1868
27 1304
11 1304 641
6 1304 1869
6 1304 1870
10 1304 1772
8 1304 88
7 1304 13
8 1304 73
28 1304 635
29 1304 1036
30 1304 815
30 1304 1871
30 1304 726
30 1304 734
27 893
11 893 650
10 893 688
10 893 1872
10 893 597
10 893 1272
7 893 8
28 893 635
29 893 998
30 893 1873
30 893 1874
30 893 814
31 893 671
27 1875
11 1875 641
10 1875 1876
10 1875 897
10 1875 44
28 1875 635
29 1875 998
30 1875 703
30 1875 1877
30 1875 767
27 1023
11 1023 650
10 1023 1637
9 1023 19
28 1023 635
29 1023 918
30 1023 1878
30 1023 783
30 1023 755
31 1023 682
27 1879
11 1879 650
10 1879 335
7 1879 11
8 1879 9
8 1879 93
9 1879 73
11 1879 32
28 1879 635
29 1879 959
30 1879 821
30 1879 818
30 1879 767
30 1879 663
27 1691
11 1691 641
10 1691 1181
8 1691 11
11 1691 348
28 1691 635
29 1691 1069
30 1691 663
30 1691 674
30 1691 1880
27 525
11 525 650
10 525 1175
10 525 1881
10 525 1882
28 525 635
29 525 1092
30 525 1243
30 525 1505
27 1883
11 1883 641
10 1883 352
10 1883 1884
10 1883 1224
10 1883 1885
7 1883 73
28 1883 635
29 1883 939
30 1883 725
30 1883 821
30 1883 692
31 1883 659
27 1471
11 1471 641
6 1471 1886
10 1471 1887
10 1471 1888
10 1471 1889
10 1471 1120
7 1471 10
28 1471 635
29 1471 881
30 1471 815
30 1471 817
30 1471 772
31 1471 662
27 1890
11 1890 641
10 1890 1419
10 1890 1891
10 1890 1892
10 1890 1552
10 1890 1893
8 1890 73
28 1890 635
29 1890 1006
30 1890 738
30 1890 656
30 1890 674
30 1890 781
27 1894
11 1894 641
10 1894 1895
10 1894 1896
10 1894 1308
8 1894 67
28 1894 635
29 1894 832
30 1894 777
30 1894 1897
30 1894 818
30 1894 1898
27 1899
11 1899 641
10 1899 1900
10 1899 442
10 1899 1321
10 1899 1654
10 1899 1901
9 1899 88
8 1899 11
8 1899 19
8 1899 73
11 1899 102
28 1899 635
29 1899 918
30 1899 1902
30 1899 740
30 1899 787
30 1899 1903
27 1904
11 1904 641
10 1904 1132
28 1904 635
29 1904 843
30 1904 772
30 1904 713
30 1904 1905
30 1904 768
31 1904 701
27 1906
11 1906 641
10 1906 1374
10 1906 1098
10 1906 377
8 1906 19
9 1906 8
8 1906 10
11 1906 32
11 1906 135
28 1906 635
29 1906 1219
30 1906 690
30 1906 698
30 1906 1907
30 1906 750
27 1385
11 1385 650
10 1385 901
11 1385 361
28 1385 635
29 1385 1174
30 1385 794
30 1385 738
30 1385 718
27 856
11 856 650
10 856 1706
10 856 1908
10 856 1909
11 856 74
28 856 635
29 856 1092
30 856 692
30 856 707
27 1168
11 1168 650
10 1168 1910
10 1168 1532
10 1168 1278
10 1168 1911
10 1168 1443
9 1168 19
28 1168 635
29 1168 871
30 1168 807
30 1168 655
30 1168 1912
27 1913
11 1913 641
10 1913 1914
10 1913 1915
8 1913 9
28 1913 635
29 1913 847
30 1913 656
30 1913 717
30 1913 1916
27 945
11 945 650
10 945 1465
10 945 1690
8 945 11
28 945 635
29 945 1231
30 945 827
30 945 777
30 945 770
27 1064
11 1064 641
10 1064 1917
10 1064 1918
10 1064 1179
8 1064 10
28 1064 635
29 1064 840
30 1064 1919
30 1064 704
31 1064 662
27 1920
11 1920 641
10 1920 1921
10 1920 1683
10 1920 854
10 1920 1922
10 1920 1923
28 1920 635
29 1920 955
30 1920 726
30 1920 817
30 1920 783
27 1127
11 1127 650
10 1127 1924
10 1127 1208
10 1127 1925
10 1127 1926
7 1127 9
8 1127 10
7 1127 8
11 1127 32
11 1127 348
28 1127 635
29 1127 881
30 1127 690
30 1127 783
30 1127 666
27 1132
11 1132 641
10 1132 922
10 1132 1927
10 1132 1928
10 1132 196
8 1132 88
8 1132 9
7 1132 13
8 1132 19
7 1132 67
28 1132 635
29 1132 1388
30 1132 1929
30 1132 744
31 1132 689
27 1183
11 1183 641
10 1183 1653
10 1183 1930
28 1183 635
29 1183 853
30 1183 740
30 1183 725
30 1183 714
30 1183 691
27 1931
11 1931 641
10 1931 1932
10 1931 1463
28 1931 635
29 1931 849
30 1931 703
30 1931 755
30 1931 759
31 1931 710
27 1933
11 1933 650
10 1933 1751
10 1933 1934
10 1933 1819
28 1933 635
29 1933 860
30 1933 817
30 1933 807
30 1933 762
27 1935
11 1935 650
8 1935 9
28 1935 635
29 1935 939
30 1935 667
30 1935 737
27 1171
11 1171 650
10 1171 1936
10 1171 1937
7 1171 11
8 1171 10
8 1171 8
8 1171 13
7 1171 73
11 1171 348
11 1171 32
28 1171 635
29 1171 847
30 1171 1938
30 1171 807
30 1171 644
27 609
11 609 650
7 609 13
11 609 102
11 609 60
28 609 635
29 609 1219
30 609 1939
30 609 1940
30 609 761
30 609 1941
31 609 689
27 242
11 242 650
10 242 1942
9 242 67
28 242 635
29 242 900
30 242 795
30 242 690
30 242 725
27 1221
11 1221 641
10 1221 1943
10 1221 1721
9 1221 88
7 1221 73
8 1221 10
28 1221 635
29 1221 998
30 1221 647
30 1221 1944
27 1597
11 1597 650
6 1597 1945
10 1597 269
10 1597 1946
28 1597 635
29 1597 1017
30 1597 703
30 1597 787
30 1597 800
30 1597 766
31 1597 765
27 1083
11 1083 641
10 1083 1863
10 1083 1947
10 1083 1404
10 1083 1154
28 1083 635
29 1083 900
30 1083 699
30 1083 794
30 1083 737
30 1083 1948
27 1293
11 1293 650
6 1293 1949
10 1293 1052
10 1293 1950
10 1293 1951
8 1293 13
28 1293 635
29 1293 947
30 1293 713
30 1293 771
31 1293 696
27 1952
11 1952 650
11 1952 20
11 1952 74
28 1952 635
29 1952 860
30 1952 713
30 1952 754
27 1953
11 1953 650
28 1953 635
29 1953 832
30 1953 1954
30 1953 809
30 1953 781
30 1953 1955
31 1953 722
27 1831
11 1831 650
10 1831 928
10 1831 1956
10 1831 1957
7 1831 73
28 1831 635
29 1831 913
30 1831 1958
30 1831 814
30 1831 882
30 1831 782
27 1959
11 1959 641
10 1959 1960
10 1959 1008
28 1959 635
29 1959 847
30 1959 725
30 1959 770
30 1959 703
31 1959 661
27 1067
11 1067 650
10 1067 1198
10 1067 1961
7 1067 73
7 1067 93
9 1067 19
8 1067 10
28 1067 635
29 1067 1155
30 1067 690
30 1067 795
30 1067 750
27 1962
11 1962 641
10 1962 1963
28 1962 635
29 1962 947
30 1962 690
30 1962 691
30 1962 755
30 1962 675
31 1962 659
27 1484
11 1484 650
10 1484 1964
28 1484 635
29 1484 930
30 1484 1965
30 1484 674
30 1484 691
30 1484 783
27 1532
11 1532 650
10 1532 1291
10 1532 1020
10 1532 1966
10 1532 481
7 1532 13
8 1532 8
9 1532 73
28 1532 635
29 1532 959
30 1532 707
30 1532 691
27 1967
11 1967 641
10 1967 1968
7 1967 8
7 1967 19
8 1967 67
7 1967 73
11 1967 348
28 1967 635
29 1967 871
30 1967 645
30 1967 655
30 1967 745
31 1967 688
27 1969
11 1969 641
10 1969 1970
10 1969 1484
10 1969 869
10 1969 887
28 1969 635
29 1969 1024
30 1969 818
30 1969 787
27 1478
11 1478 641
10 1478 869
10 1478 1971
8 1478 8
11 1478 74
11 1478 60
28 1478 635
29 1478 840
30 1478 755
30 1478 744
30 1478 777
27 1555
11 1555 641
10 1555 1623
10 1555 1972
28 1555 635
29 1555 955
30 1555 667
30 1555 751
30 1555 745
27 1115
11 1115 641
10 1115 1973
10 1115 1765
7 1115 11
8 1115 19
11 1115 32
28 1115 635
29 1115 1069
30 1115 734
30 1115 809
30 1115 655
30 1115 815
27 1400
11 1400 650
10 1400 1974
10 1400 991
10 1400 1975
7 1400 9
28 1400 635
29 1400 853
30 1400 1976
30 1400 772
30 1400 718
30 1400 782
27 1972
11 1972 641
6 1972 1977
10 1972 1366
11 1972 60
28 1972 635
29 1972 1092
30 1972 684
30 1972 745
31 1972 689
27 1512
11 1512 650
10 1512 1276
10 1512 1458
10 1512 1400
10 1512 1978
28 1512 635
29 1512 888
30 1512 1979
30 1512 691
30 1512 713
30 1512 655
27 1314
11 1314 650
10 1314 1431
10 1314 1980
10 1314 1981
8 1314 93
7 1314 67
8 1314 73
7 1314 11
28 1314 635
29 1314 902
30 1314 766
30 1314 737
30 1314 782
27 1982
11 1982 641
10 1982 1935
10 1982 1983
8 1982 93
9 1982 8
28 1982 635
29 1982 1312
30 1982 809
30 1982 737
30 1982 872
27 1984
11 1984 641
6 1984 1985
8 1984 73
28 1984 635
29 1984 1174
30 1984 760
30 1984 759
30 1984 717
30 1984 734
27 1986
11 1986 641
10 1986 1987
8 1986 13
8 1986 11
8 1986 67
28 1986 635
29 1986 847
30 1986 1988
30 1986 807
30 1986 1989
30 1986 664
27 953
11 953 650
10 953 941
10 953 1990
10 953 1991
10 953 1165
9 953 88
28 953 635
29 953 947
30 953 655
30 953 766
30 953 821
30 953 813
27 1992
11 1992 650
10 1992 1386
10 1992 1993
10 1992 916
10 1992 1994
9 1992 13
11 1992 74
28 1992 635
29 1992 840
30 1992 1995
30 1992 1996
30 1992 1997
27 1998
11 1998 641
10 1998 1999
9 1998 19
28 1998 635
29 1998 1036
30 1998 713
30 1998 781
30 1998 698
27 2000
11 2000 641
10 2000 1925
10 2000 2001
10 2000 2002
7 2000 10
28 2000 635
29 2000 1219
30 2000 655
30 2000 781
27 2003
11 2003 641
28 2003 635
29 2003 871
30 2003 755
30 2003 767
30 2003 738
30 2003 685
27 2004
11 2004 641
10 2004 2005
7 2004 88
28 2004 635
29 2004 847
30 2004 759
30 2004 693
30 2004 772
30 2004 713
27 970
11 970 641
10 970 2006
10 970 1509
10 970 2007
8 970 88
9 970 13
28 970 635
29 970 1231
30 970 807
30 970 699
30 970 818
30 970 782
31 970 660
27 1311
11 1311 641
10 1311 2008
10 1311 1285
8 1311 9
7 1311 73
28 1311 635
29 1311 871
30 1311 808
30 1311 781
30 1311 807
30 1311 656
27 1828
11 1828 641
10 1828 1433
10 1828 2009
10 1828 597
9 1828 10
9 1828 8
8 1828 11
8 1828 13
28 1828 635
29 1828 888
30 1828 684
30 1828 826
30 1828 714
31 1828 722
27 1966
11 1966 650
8 1966 11
28 1966 635
29 1966 959
30 1966 777
30 1966 750
27 1775
11 1775 650
10 1775 1860
10 1775 2010
10 1775 1532
10 1775 262
10 1775 1504
7 1775 10
28 1775 635
29 1775 832
30 1775 690
30 1775 766
30 1775 750
27 1292
11 1292 641
10 1292 1494
11 1292 32
28 1292 635
29 1292 871
30 1292 738
30 1292 737
30 1292 668
30 1292 766
27 1176
11 1176 641
10 1176 1998
10 1176 1483
10 1176 2011
28 1176 635
29 1176 891
30 1176 772
30 1176 777
30 1176 726
30 1176 684
27 2012
11 2012 641
10 2012 2013
10 2012 1118
10 2012 1666
10 2012 2014
10 2012 1606
28 2012 635
29 2012 1024
30 2012 707
30 2012 645
30 2012 772
30 2012 1493
27 1863
11 1863 650
10 1863 1509
10 1863 2015
10 1863 2016
10 1863 2017
10 1863 944
8 1863 10
9 1863 67
11 1863 60
28 1863 635
29 1863 847
30 1863 808
30 1863 772
30 1863 674
31 1863 671
27 1153
11 1153 641
10 1153 2018
10 1153 2019
28 1153 635
29 1153 1312
30 1153 725
30 1153 2020
30 1153 2021
30 1153 2022
27 2023
11 2023 641
28 2023 635
29 2023 840
30 2023 734
30 2023 2024
31 2023 702
27 846
11 846 641
10 846 1969
10 846 2025
10 846 2026
28 846 635
29 846 959
30 846 772
30 846 2027
30 846 2028
27 1376
11 1376 641
10 1376 1230
10 1376 897
10 1376 1805
10 1376 2029
9 1376 19
8 1376 67
8 1376 93
9 1376 9
28 1376 635
29 1376 959
30 1376 725
30 1376 655
30 1376 770
30 1376 707
27 2030
11 2030 641
10 2030 2031
10 2030 1307
10 2030 879
10 2030 2032
10 2030 2033
28 2030 635
29 2030 913
30 2030 2034
30 2030 2035
27 1196
11 1196 650
10 1196 1249
28 1196 635
29 1196 1017
30 1196 759
30 1196 794
30 1196 2036
30 1196 667
31 1196 710
27 1642
11 1642 650
28 1642 635
29 1642 881
30 1642 751
30 1642 777
27 2037
11 2037 650
10 2037 2038
10 2037 398
10 2037 1590
10 2037 2039
28 2037 635
29 2037 847
30 2037 2040
30 2037 809
27 1258
11 1258 650
28 1258 635
29 1258 888
30 1258 777
30 1258 755
31 1258 710
27 1719
11 1719 641
10 1719 1190
10 1719 2041
11 1719 74
28 1719 635
29 1719 832
30 1719 751
30 1719 771
27 2042
11 2042 650
10 2042 1394
8 2042 67
28 2042 635
29 2042 867
30 2042 644
30 2042 684
27 897
11 897 641
10 897 1428
10 897 2043
9 897 9
7 897 10
28 897 635
29 897 832
30 897 750
30 897 821
30 897 2044
30 897 814
27 1138
11 1138 641
10 1138 1986
10 1138 2045
10 1138 2046
28 1138 635
29 1138 860
30 1138 766
30 1138 807
30 1138 800
30 1138 2047
27 2048
11 2048 641
10 2048 2049
7 2048 19
7 2048 88
28 2048 635
29 2048 939
30 2048 800
30 2048 655
27 1326
11 1326 641
10 1326 2050
10 1326 2051
11 1326 102
28 1326 635
29 1326 847
30 1326 818
30 1326 2052
30 1326 745
27 943
11 943 650
10 943 1963
9 943 8
28 943 635
29 943 984
30 943 666
30 943 684
27 1552
11 1552 641
10 1552 1015
10 1552 2053
11 1552 135
28 1552 635
29 1552 871
30 1552 784
30 1552 745
30 1552 817
27 1528
11 1528 641
10 1528 2054
10 1528 1854
10 1528 1879
10 1528 2055
10 1528 1920
11 1528 20
11 1528 102
28 1528 635
29 1528 984
30 1528 809
30 1528 771
31 1528 749
27 1925
11 1925 641
10 1925 1418
10 1925 2056
10 1925 2057
7 1925 8
8 1925 73
28 1925 635
29 1925 984
30 1925 2058
30 1925 674
30 1925 760
27 1005
11 1005 650
10 1005 2059
10 1005 2060
10 1005 2061
28 1005 635
29 1005 998
30 1005 717
30 1005 665
30 1005 761
27 2005
11 2005 650
10 2005 856
10 2005 1472
10 2005 257
10 2005 2062
28 2005 635
29 2005 867
30 2005 655
30 2005 767
27 1847
11 1847 641
6 1847 2063
7 1847 19
28 1847 635
29 1847 860
30 1847 655
30 1847 2064
31 1847 659
27 1466
11 1466 641
10 1466 1252
10 1466 1447
10 1466 2065
10 1466 834
10 1466 2066
28 1466 635
29 1466 955
30 1466 698
30 1466 794
27 2067
11 2067 650
10 2067 2068
7 2067 11
11 2067 32
28 2067 635
29 2067 871
30 2067 2069
30 2067 703
30 2067 787
27 2070
11 2070 650
10 2070 2071
8 2070 10
7 2070 11
28 2070 635
29 2070 1219
30 2070 2072
30 2070 698
30 2070 2073
27 2074
11 2074 650
10 2074 2075
10 2074 946
10 2074 2076
28 2074 635
29 2074 998
30 2074 644
30 2074 726
30 2074 767
30 2074 2077
27 748
11 748 650
10 748 2078
10 748 1249
10 748 2079
8 748 93
9 748 19
7 748 8
8 748 9
11 748 32
28 748 635
29 748 1069
30 748 738
30 748 1673
27 990
11 990 650
10 990 2080
10 990 1900
10 990 943
10 990 536
10 990 2081
28 990 635
29 990 871
30 990 777
30 990 821
30 990 663
30 990 692
31 990 688
27 2060
11 2060 641
10 2060 2012
10 2060 2082
10 2060 2083
8 2060 93
11 2060 32
11 2060 102
28 2060 635
29 2060 860
30 2060 759
30 2060 703
30 2060 808
27 2084
11 2084 641
10 2084 2085
8 2084 88
28 2084 635
29 2084 1155
30 2084 767
30 2084 821
30 2084 2086
27 1915
11 1915 641
10 1915 2059
10 1915 2087
10 1915 2088
10 1915 1507
28 1915 635
29 1915 843
30 1915 808
30 1915 675
30 1915 692
30 1915 2089
27 896
11 896 641
10 896 2090
10 896 1120
10 896 1562
28 896 635
29 896 1231
30 896 813
30 896 759
30 896 1685
32 2091
11 2091 641
10 2091 953
10 2091 1323
8 2091 93
28 2091 635
29 2091 860
17 2091 0
30 2091 685
30 2091 694
30 2091 2092
31 2091 671
32 2093
11 2093 641
8 2093 73
8 2093 11
7 2093 93
8 2093 19
7 2093 88
11 2093 102
28 2093 635
29 2093 1174
17 2093 653
30 2093 778
30 2093 686
30 2093 693
31 2093 712
32 857
11 857 650
10 857 2094
10 857 1460
10 857 722
28 857 635
29 857 1099
17 857 653
30 857 802
30 857 2095
30 857 810
31 857 638
32 64
11 64 650
10 64 2000
10 64 2096
10 64 2097
10 64 2098
10 64 98
28 64 635
29 64 1312
17 64 0
30 64 785
30 64 656
31 64 712
32 1217
11 1217 641
10 1217 2099
10 1217 2100
10 1217 2101
10 1217 2102
10 1217 2005
7 1217 9
9 1217 93
7 1217 11
8 1217 8
28 1217 635
29 1217 1036
17 1217 0
30 1217 762
30 1217 823
31 1217 792
32 1044
11 1044 641
11 1044 60
28 1044 635
29 1044 1024
17 1044 643
30 1044 811
30 1044 2103
31 1044 710
32 2104
11 2104 650
10 2104 506
11 2104 135
28 2104 635
29 2104 1099
17 2104 653
30 2104 668
30 2104 789
30 2104 2105
31 2104 659
32 2106
11 2106 641
10 2106 2107
10 2106 2108
10 2106 2109
10 2106 1626
10 2106 1304
8 2106 88
11 2106 21
11 2106 74
28 2106 635
29 2106 1006
17 2106 0
30 2106 819
30 2106 822
31 2106 688
32 2110
11 2110 641
6 2110 2111
10 2110 2112
10 2110 1700
10 2110 2113
10 2110 2114
10 2110 2115
11 2110 32
28 2110 635
29 2110 900
17 2110 0
30 2110 810
30 2110 729
30 2110 728
31 2110 688
32 1225
11 1225 641
10 1225 1277
10 1225 2116
10 1225 2117
10 1225 2118
10 1225 464
8 1225 11
11 1225 74
28 1225 635
29 1225 930
17 1225 643
30 1225 827
30 1225 668
30 1225 666
31 1225 765
32 2119
11 2119 650
10 2119 2120
10 2119 2121
11 2119 60
11 2119 74
28 2119 635
29 2119 847
17 2119 653
30 2119 823
30 2119 802
31 2119 710
32 2122
11 2122 650
8 2122 93
8 2122 73
8 2122 8
8 2122 19
28 2122 635
29 2122 926
17 2122 643
30 2122 2123
30 2122 784
31 2122 786
32 1810
11 1810 650
10 1810 1054
28 1810 635
29 1810 1036
17 1810 0
30 1810 700
30 1810 790
31 1810 649
32 1971
11 1971 650
10 1971 903
10 1971 945
10 1971 281
10 1971 2124
28 1971 635
29 1971 913
17 1971 654
30 1971 647
30 1971 802
31 1971 689
32 2125
11 2125 641
10 2125 1337
10 2125 2126
10 2125 1424
10 2125 2127
10 2125 1100
7 2125 93
9 2125 10
11 2125 32
11 2125 361
28 2125 635
29 2125 840
17 2125 643
30 2125 708
30 2125 773
31 2125 688
32 1900
11 1900 641
10 1900 2128
10 1900 2129
10 1900 637
9 1900 9
28 1900 635
29 1900 959
17 1900 643
30 1900 719
30 1900 658
31 1900 702
32 7
11 7 641
8 7 13
7 7 11
8 7 8
9 7 88
28 7 635
29 7 959
17 7 643
30 7 796
30 7 739
31 7 765
32 1169
11 1169 641
10 1169 2130
10 1169 2131
10 1169 2132
10 1169 1959
10 1169 2133
28 1169 635
29 1169 891
17 1169 653
30 1169 819
30 1169 694
31 1169 688
32 1838
11 1838 650
6 1838 2134
10 1838 2030
28 1838 635
29 1838 881
17 1838 653
30 1838 763
30 1838 824
31 1838 702
32 1893
11 1893 641
10 1893 2037
10 1893 1100
28 1893 635
29 1893 1036
17 1893 653
30 1893 716
30 1893 719
30 1893 657
31 1893 688
32 1368
11 1368 650
10 1368 2135
10 1368 1286
28 1368 635
29 1368 847
17 1368 642
30 1368 741
30 1368 773
31 1368 661
32 2136
11 2136 641
10 2136 1501
10 2136 2137
10 2136 1835
10 2136 2138
9 2136 10
7 2136 8
28 2136 635
29 2136 900
17 2136 642
30 2136 685
30 2136 678
30 2136 788
31 2136 649
32 1216
11 1216 641
10 1216 1457
10 1216 1368
10 1216 226
10 1216 1237
10 1216 1540
28 1216 635
29 1216 1013
17 1216 654
30 1216 747
30 1216 790
30 1216 796
31 1216 659
32 1249
11 1249 650
6 1249 2139
10 1249 2140
8 1249 8
11 1249 135
11 1249 60
28 1249 635
29 1249 913
17 1249 643
30 1249 756
30 1249 789
30 1249 719
31 1249 786
32 1456
11 1456 650
10 1456 1654
10 1456 2141
10 1456 2142
10 1456 1790
28 1456 635
29 1456 1312
17 1456 643
30 1456 715
30 1456 829
31 1456 659
32 2143
11 2143 650
10 2143 1030
7 2143 13
9 2143 67
28 2143 635
29 2143 1036
17 2143 643
30 2143 716
30 2143 704
30 2143 647
31 2143 764
32 2144
11 2144 641
10 2144 2074
8 2144 93
8 2144 13
7 2144 8
8 2144 88
11 2144 21
11 2144 135
28 2144 635
29 2144 939
17 2144 0
30 2144 678
30 2144 665
30 2144 2145
31 2144 722
32 954
11 954 641
10 954 2146
10 954 2147
10 954 2148
10 954 2149
10 954 2150
8 954 9
28 954 635
29 954 1006
17 954 643
30 954 694
30 954 666
30 954 685
31 954 701
32 2151
11 2151 641
6 2151 2152
10 2151 1031
10 2151 1681
10 2151 1413
10 2151 2153
10 2151 1315
7 2151 8
8 2151 11
9 2151 9
28 2151 635
29 2151 881
17 2151 643
30 2151 747
30 2151 708
31 2151 749
32 1766
11 1766 641
10 1766 2154
10 1766 1765
10 1766 859
8 1766 19
9 1766 10
28 1766 635
29 1766 926
17 1766 642
30 1766 656
30 1766 2155
31 1766 659
32 1050
11 1050 641
10 1050 2156
10 1050 1690
10 1050 1640
10 1050 2084
11 1050 60
11 1050 102
28 1050 635
29 1050 1024
17 1050 0
30 1050 802
30 1050 2157
30 1050 685
31 1050 792
32 1930
11 1930 641
10 1930 1005
10 1930 2158
10 1930 2159
10 1930 1369
8 1930 9
11 1930 348
28 1930 635
29 1930 853
17 1930 643
30 1930 810
30 1930 779
31 1930 662
32 1220
11 1220 650
10 1220 2048
10 1220 2160
11 1220 32
11 1220 135
28 1220 635
29 1220 908
17 1220 653
30 1220 664
30 1220 2161
30 1220 700
31 1220 688
32 2059
11 2059 650
10 2059 1527
8 2059 67
8 2059 93
28 2059 635
29 2059 843
17 2059 653
30 2059 704
30 2059 2162
31 2059 659
32 2081
11 2081 641
6 2081 2163
10 2081 2164
10 2081 1418
10 2081 1565
10 2081 2165
28 2081 635
29 2081 918
17 2081 642
30 2081 811
30 2081 709
31 2081 769
32 1556
11 1556 650
10 1556 2166
10 1556 1638
10 1556 2167
28 1556 635
29 1556 908
17 1556 643
30 1556 666
30 1556 704
30 1556 719
31 1556 113
32 1394
11 1394 641
28 1394 635
29 1394 1174
17 1394 643
30 1394 720
30 1394 819
30 1394 647
31 1394 689
32 1711
11 1711 650
28 1711 635
29 1711 1174
17 1711 653
30 1711 647
30 1711 677
31 1711 702
32 2168
11 2168 641
6 2168 2169
7 2168 73
7 2168 11
9 2168 9
8 2168 88
28 2168 635
29 2168 1069
17 2168 0
30 2168 658
30 2168 829
30 2168 785
31 2168 753
32 1188
11 1188 641
10 1188 1933
10 1188 2170
10 1188 1608
28 1188 635
29 1188 900
17 1188 0
30 1188 720
30 1188 739
30 1188 811
31 1188 689
32 1465
11 1465 641
10 1465 1413
10 1465 1172
8 1465 67
28 1465 635
29 1465 832
17 1465 653
30 1465 788
30 1465 824
30 1465 664
31 1465 113
32 820
11 820 641
6 820 1548
10 820 1842
28 820 635
29 820 913
17 820 0
30 820 828
30 820 740
31 820 791
32 2171
11 2171 641
10 2171 2172
10 2171 1197
10 2171 1832
10 2171 2173
10 2171 1469
9 2171 19
8 2171 11
8 2171 73
7 2171 8
8 2171 10
28 2171 635
29 2171 891
17 2171 653
30 2171 2174
30 2171 780
30 2171 2175
31 2171 669
32 1195
11 1195 641
10 1195 1738
7 1195 9
8 1195 11
9 1195 88
28 1195 635
29 1195 847
17 1195 642
30 1195 779
30 1195 823
30 1195 2176
31 1195 660
32 1994
11 1994 641
10 1994 2177
10 1994 990
28 1994 635
29 1994 918
17 1994 653
30 1994 666
30 1994 773
31 1994 662
32 1330
11 1330 650
10 1330 1814
28 1330 635
29 1330 918
17 1330 642
30 1330 2178
30 1330 2179
31 1330 791
32 2180
11 2180 650
10 2180 2181
10 2180 1808
10 2180 400
10 2180 1441
10 2180 1691
28 2180 635
29 2180 913
17 2180 0
30 2180 668
30 2180 779
30 2180 778
31 2180 749
32 895
11 895 641
10 895 91
10 895 1437
10 895 1225
10 895 1015
11 895 74
28 895 635
29 895 847
17 895 654
30 895 735
30 895 816
31 895 637
32 2182
11 2182 650
9 2182 88
7 2182 10
11 2182 74
28 2182 635
29 2182 843
17 2182 653
30 2182 788
30 2182 2183
31 2182 710
32 2184
11 2184 650
10 2184 2185
10 2184 2186
8 2184 9
7 2184 13
28 2184 635
29 2184 840
17 2184 0
30 2184 709
30 2184 756
30 2184 816
31 2184 113
32 2187
11 2187 641
10 2187 2188
10 2187 2189
10 2187 1804
10 2187 173
10 2187 2190
28 2187 635
29 2187 908
17 2187 642
30 2187 788
30 2187 801
31 2187 660
32 2191
11 2191 650
28 2191 635
29 2191 881
17 2191 643
30 2191 823
30 2191 2192
30 2191 716
31 2191 659
32 887
11 887 650
10 887 1931
10 887 298
10 887 1409
7 887 67
7 887 11
7 887 13
8 887 8
8 887 93
28 887 635
29 887 998
17 887 653
30 887 668
30 887 2193
30 887 735
31 887 687
32 2194
11 2194 650
6 2194 2195
28 2194 635
29 2194 1017
17 2194 0
30 2194 778
30 2194 2196
30 2194 763
31 2194 786
32 965
11 965 641
10 965 1270
10 965 1109
28 965 635
29 965 984
17 965 654
30 965 657
30 965 666
31 965 689
32 2197
11 2197 650
10 2197 2198
10 2197 2199
10 2197 2200
10 2197 2201
28 2197 635
29 2197 1099
17 2197 653
30 2197 829
30 2197 802
31 2197 649
32 1274
11 1274 641
10 1274 298
11 1274 102
11 1274 74
28 1274 635
29 1274 888
17 1274 643
30 1274 827
30 1274 757
30 1274 779
31 1274 722
32 2202
11 2202 641
6 2202 2203
10 2202 2204
10 2202 2205
10 2202 990
10 2202 2206
28 2202 635
29 2202 1174
17 2202 0
30 2202 658
30 2202 666
30 2202 2207
31 2202 696
32 1700
11 1700 641
10 1700 1756
10 1700 2208
28 1700 635
29 1700 881
17 1700 642
30 1700 709
30 1700 2209
30 1700 729
31 1700 687
32 2210
11 2210 650
10 2210 2211
10 2210 2212
10 2210 2213
10 2210 2214
28 2210 635
29 2210 1017
17 2210 0
30 2210 715
30 2210 747
30 2210 757
31 2210 649
32 2133
11 2133 641
6 2133 251
10 2133 1201
10 2133 1982
7 2133 67
28 2133 635
29 2133 847
17 2133 654
30 2133 741
30 2133 721
31 2133 671
32 2215
11 2215 650
10 2215 1597
10 2215 2216
9 2215 11
9 2215 67
8 2215 73
11 2215 20
28 2215 635
29 2215 926
17 2215 643
30 2215 779
30 2215 796
30 2215 719
31 2215 640
32 2217
11 2217 641
28 2217 635
29 2217 902
17 2217 654
30 2217 740
30 2217 727
31 2217 722
32 1200
11 1200 641
7 1200 19
28 1200 635
29 1200 955
17 1200 642
30 1200 658
30 1200 819
30 1200 727
31 1200 669
32 2218
11 2218 641
9 2218 10
28 2218 635
29 2218 998
17 2218 0
30 2218 773
30 2218 780
31 2218 701
32 2219
11 2219 641
9 2219 13
28 2219 635
29 2219 1036
17 2219 654
30 2219 790
30 2219 656
30 2219 740
31 2219 687
32 1742
11 1742 650
10 1742 2220
10 1742 2221
10 1742 2222
11 1742 60
28 1742 635
29 1742 849
17 1742 642
30 1742 719
30 1742 2223
31 1742 669
32 2146
11 2146 641
10 2146 640
10 2146 1542
10 2146 2224
28 2146 635
29 2146 891
17 2146 642
30 2146 819
30 2146 658
31 2146 689
32 2225
11 2225 641
10 2225 2226
10 2225 2227
10 2225 2228
28 2225 635
29 2225 1092
17 2225 643
30 2225 729
30 2225 686
30 2225 757
31 2225 749
32 844
11 844 641
28 844 635
29 844 902
17 844 642
30 844 756
30 844 789
30 844 685
31 844 749
32 2229
11 2229 641
10 2229 974
10 2229 2230
10 2229 2231
10 2229 1339
8 2229 73
8 2229 11
28 2229 635
29 2229 908
17 2229 653
30 2229 828
30 2229 747
31 2229 661
32 1386
11 1386 650
8 1386 88
28 1386 635
29 1386 847
17 1386 642
30 1386 829
30 1386 2232
31 1386 673
32 1483
11 1483 650
10 1483 2233
10 1483 2234
7 1483 93
9 1483 67
8 1483 19
11 1483 348
28 1483 635
29 1483 1036
17 1483 0
30 1483 796
30 1483 2235
30 1483 824
31 1483 791
32 2236
11 2236 650
28 2236 635
29 2236 1119
17 2236 643
30 2236 828
30 2236 802
31 2236 682
32 2237
11 2237 650
10 2237 1132
10 2237 2238
10 2237 2239
8 2237 93
28 2237 635
29 2237 1119
17 2237 0
30 2237 758
30 2237 727
30 2237 819
31 2237 765
32 1515
11 1515 641
10 1515 584
10 1515 2240
28 1515 635
29 1515 853
17 1515 643
30 1515 657
30 1515 685
31 1515 712
32 1462
11 1462 641
10 1462 1274
8 1462 93
8 1462 19
9 1462 8
28 1462 635
29 1462 959
17 1462 654
30 1462 2241
30 1462 719
30 1462 1758
31 1462 753
32 2242
11 2242 641
10 2242 1168
9 2242 67
28 2242 635
29 2242 853
17 2242 643
30 2242 664
30 2242 720
31 2242 769
32 1272
11 1272 650
10 1272 1032
28 1272 635
29 1272 998
17 1272 643
30 1272 685
30 1272 2243
30 1272 741
31 1272 792
32 28
11 28 650
6 28 2244
10 28 1501
10 28 2059
9 28 13
7 28 88
28 28 635
29 28 1069
17 28 653
30 28 666
30 28 824
31 28 682
32 917
11 917 650
10 917 1998
10 917 1183
10 917 2245
10 917 1548
10 917 2246
28 917 635
29 917 871
17 917 642
30 917 823
30 917 693
31 917 705
32 1738
11 1738 641
10 1738 556
10 1738 2247
28 1738 635
29 1738 1036
17 1738 654
30 1738 678
30 1738 747
30 1738 2248
31 1738 722
32 2065
11 2065 641
6 2065 2249
28 2065 635
29 2065 918
17 2065 0
30 2065 715
30 2065 796
31 2065 687
32 2250
11 2250 641
10 2250 1176
10 2250 1422
10 2250 942
10 2250 1031
11 2250 74
28 2250 635
29 2250 843
17 2250 642
30 2250 658
30 2250 716
30 2250 2251
31 2250 769
32 1963
11 1963 650
10 1963 2252
11 1963 102
28 1963 635
29 1963 998
17 1963 0
30 1963 2253
30 1963 678
30 1963 2254
31 1963 769
32 2031
11 2031 650
10 2031 2255
10 2031 1317
8 2031 73
28 2031 635
29 2031 840
17 2031 654
30 2031 819
30 2031 780
31 2031 791
32 2013
11 2013 641
10 2013 1008
10 2013 2256
10 2013 973
10 2013 1893
10 2013 2257
28 2013 635
29 2013 1312
17 2013 654
30 2013 665
30 2013 708
31 2013 113
32 987
11 987 641
10 987 1311
10 987 903
10 987 938
9 987 10
28 987 635
29 987 891
17 987 643
30 987 666
30 987 746
30 987 715
31 987 649
32 2258
11 2258 650
10 2258 2259
8 2258 88
28 2258 635
29 2258 1119
17 2258 643
30 2258 1939
30 2258 746
30 2258 728
31 2258 638
32 1546
11 1546 650
10 1546 2260
10 1546 2261
8 1546 9
8 1546 13
9 1546 88
7 1546 10
9 1546 93
28 1546 635
29 1546 908
17 1546 653
30 1546 686
30 1546 2262
31 1546 705
32 2263
11 2263 641
10 2263 1760
10 2263 1149
10 2263 1408
28 2263 635
29 2263 1017
17 2263 654
30 2263 827
30 2263 656
31 2263 637
32 1753
11 1753 650
9 1753 88
8 1753 19
7 1753 10
28 1753 635
29 1753 1024
17 1753 642
30 1753 721
30 1753 2264
30 1753 2265
31 1753 688
32 2266
11 2266 641
10 2266 2267
10 2266 1096
10 2266 2194
28 2266 635
29 2266 867
17 2266 0
30 2266 647
30 2266 677
31 2266 113
32 1496
11 1496 641
8 1496 8
11 1496 102
11 1496 32
28 1496 635
29 1496 984
17 1496 642
30 1496 729
30 1496 741
30 1496 693
31 1496 671
32 2268
11 2268 650
10 2268 916
28 2268 635
29 2268 1092
17 2268 0
30 2268 752
30 2268 658
30 2268 788
31 2268 660
32 2269
11 2269 641
10 2269 1775
9 2269 10
28 2269 635
29 2269 1099
17 2269 643
30 2269 784
30 2269 729
30 2269 727
31 2269 649
32 1895
11 1895 650
10 1895 1570
10 1895 1197
10 1895 1460
10 1895 1721
11 1895 20
28 1895 635
29 1895 871
17 1895 0
30 1895 2270
30 1895 763
30 1895 752
31 1895 640
32 2271
11 2271 650
10 2271 2272
28 2271 635
29 2271 984
17 2271 642
30 2271 757
30 2271 719
30 2271 827
31 2271 722
32 1179
11 1179 641
10 1179 1082
8 1179 93
9 1179 19
28 1179 635
29 1179 840
17 1179 653
30 1179 739
30 1179 686
31 1179 769
32 1398
11 1398 650
10 1398 1311
8 1398 67
11 1398 102
28 1398 635
29 1398 867
17 1398 654
30 1398 666
30 1398 796
30 1398 823
31 1398 689
32 1867
11 1867 641
6 1867 2273
6 1867 2274
10 1867 2275
10 1867 2276
10 1867 2277
10 1867 2278
10 1867 1350
8 1867 8
11 1867 60
11 1867 32
28 1867 635
29 1867 1036
17 1867 653
30 1867 779
30 1867 823
31 1867 786
32 1511
11 1511 641
11 1511 102
11 1511 60
28 1511 635
29 1511 867
17 1511 642
30 1511 2279
30 1511 719
31 1511 722
32 1246
11 1246 641
10 1246 1097
10 1246 2280
10 1246 1766
10 1246 1273
7 1246 88
28 1246 635
29 1246 1036
17 1246 0
30 1246 796
30 1246 802
30 1246 685
31 1246 113
32 2117
11 2117 641
28 2117 635
29 2117 881
17 2117 654
30 2117 728
30 2117 810
31 2117 689
32 2281
11 2281 641
10 2281 1409
28 2281 635
29 2281 888
17 2281 0
30 2281 788
30 2281 668
30 2281 779
31 2281 753
32 1457
11 1457 641
10 1457 2282
10 1457 1303
10 1457 1630
10 1457 936
10 1457 574
7 1457 88
8 1457 8
7 1457 9
28 1457 635
29 1457 1155
17 1457 653
30 1457 758
30 1457 773
30 1457 796
31 1457 669
32 2283
11 2283 650
6 2283 2284
10 2283 2285
10 2283 2286
10 2283 1512
9 2283 9
8 2283 10
9 2283 19
28 2283 635
29 2283 853
17 2283 0
30 2283 811
30 2283 780
31 2283 749
32 2259
11 2259 641
8 2259 67
28 2259 635
29 2259 918
17 2259 653
30 2259 721
30 2259 779
31 2259 786
32 942
11 942 641
10 942 2287
10 942 1252
10 942 2288
10 942 2289
10 942 992
28 942 635
29 942 1388
17 942 642
30 942 735
30 942 656
30 942 752
31 942 712
32 2290
11 2290 641
6 2290 2291
6 2290 2292
10 2290 2293
11 2290 60
28 2290 635
29 2290 1119
17 2290 0
30 2290 758
30 2290 708
31 2290 696
32 2294
11 2294 650
10 2294 1027
9 2294 9
8 2294 73
9 2294 93
28 2294 635
29 2294 902
17 2294 643
30 2294 720
30 2294 768
31 2294 753
32 2295
11 2295 650
10 2295 2296
10 2295 2297
10 2295 1070
10 2295 954
8 2295 13
9 2295 9
9 2295 19
9 2295 67
7 2295 11
28 2295 635
29 2295 843
17 2295 643
30 2295 685
30 2295 796
30 2295 727
31 2295 113
32 1659
11 1659 650
6 1659 2298
10 1659 2299
28 1659 635
29 1659 1219
17 1659 653
30 1659 2300
30 1659 2301
30 1659 665
31 1659 669
32 2302
11 2302 650
10 2302 190
10 2302 2303
10 2302 2304
10 2302 1293
7 2302 10
28 2302 635
29 2302 1069
17 2302 643
30 2302 801
30 2302 2305
30 2302 823
31 2302 722
32 2306
11 2306 641
10 2306 1443
9 2306 73
8 2306 11
9 2306 13
28 2306 635
29 2306 1092
17 2306 643
30 2306 720
30 2306 721
31 2306 764
32 2057
11 2057 650
10 2057 1225
10 2057 2307
10 2057 2308
10 2057 1906
8 2057 93
28 2057 635
29 2057 1092
17 2057 642
30 2057 747
30 2057 735
30 2057 686
31 2057 660
32 969
11 969 650
10 969 1237
10 969 1285
11 969 32
11 969 74
28 969 635
29 969 871
17 969 654
30 969 2309
30 969 740
30 969 763
31 969 637
32 1891
11 1891 650
28 1891 635
29 1891 900
17 1891 643
30 1891 746
30 1891 740
30 1891 741
31 1891 669
32 1051
11 1051 650
28 1051 635
29 1051 1013
17 1051 654
30 1051 788
30 1051 728
31 1051 722
32 1031
11 1031 650
10 1031 1969
10 1031 1775
11 1031 20
11 1031 74
28 1031 635
29 1031 1006
17 1031 642
30 1031 719
30 1031 773
30 1031 790
31 1031 687
32 1636
11 1636 641
10 1636 1805
10 1636 2310
28 1636 635
29 1636 1036
17 1636 654
30 1636 801
30 1636 2311
31 1636 753
32 1324
11 1324 650
10 1324 2048
10 1324 1670
7 1324 19
28 1324 635
29 1324 1231
17 1324 0
30 1324 657
30 1324 2312
30 1324 788
31 1324 661
32 2313
11 2313 650
10 2313 2314
10 2313 2315
10 2313 884
10 2313 2316
11 2313 20
11 2313 21
28 2313 635
29 2313 930
17 2313 653
30 2313 823
30 2313 735
31 2313 689
32 1633
11 1633 641
6 1633 2317
10 1633 2318
10 1633 2319
10 1633 1469
7 1633 19
28 1633 635
29 1633 1006
17 1633 0
30 1633 779
30 1633 2320
30 1633 686
31 1633 669
32 1921
11 1921 641
6 1921 94
10 1921 1008
10 1921 910
28 1921 635
29 1921 908
17 1921 654
30 1921 752
30 1921 740
31 1921 765
32 2321
11 2321 650
10 2321 177
10 2321 2322
10 2321 614
10 2321 2323
7 2321 93
28 2321 635
29 2321 847
17 2321 653
30 2321 758
30 2321 2324
30 2321 2325
31 2321 649
32 1320
11 1320 650
10 1320 2326
10 1320 2222
10 1320 2012
10 1320 187
8 1320 67
28 1320 635
29 1320 1017
17 1320 643
30 1320 1614
30 1320 666
30 1320 779
31 1320 640
32 1687
11 1687 650
10 1687 2327
10 1687 2328
10 1687 2329
10 1687 2330
10 1687 2331
28 1687 635
29 1687 902
17 1687 654
30 1687 656
30 1687 704
31 1687 765
32 1452
11 1452 641
10 1452 1930
10 1452 2332
28 1452 635
29 1452 1155
17 1452 654
30 1452 719
30 1452 2333
30 1452 2334
31 1452 659
32 1172
11 1172 641
9 1172 11
28 1172 635
29 1172 1024
17 1172 0
30 1172 2335
30 1172 762
31 1172 640
32 1109
11 1109 641
10 1109 1906
8 1109 9
8 1109 11
28 1109 635
29 1109 913
17 1109 654
30 1109 728
30 1109 721
30 1109 719
31 1109 712
32 1257
11 1257 650
28 1257 635
29 1257 1231
17 1257 654
30 1257 802
30 1257 763
31 1257 673
33 644
33 645
33 655
33 663
33 667
33 674
33 675
33 676
33 684
33 690
33 691
33 692
33 698
33 699
33 703
33 707
34 707 2336
4 2336
10 2336 1931
10 2336 637
10 2336 2337
10 2336 1259
10 2336 2338
33 713
33 714
33 717
33 718
33 725
33 726
33 733
33 734
33 737
33 738
33 744
33 745
33 750
33 751
33 754
33 755
33 759
33 760
33 761
33 766
33 767
33 770
33 771
33 772
33 777
33 781
33 782
33 783
33 787
33 794
33 795
33 800
33 807
33 808
33 809
33 813
33 814
33 815
33 817
33 818
33 821
33 826
33 646
33 647
33 656
33 657
33 658
33 664
33 665
33 666
33 668
33 677
33 678
33 685
33 686
33 693
33 694
33 700
33 704
33 708
33 709
33 715
33 716
33 719
33 720
33 721
33 727
33 728
33 729
33 735
33 739
33 740
33 741
33 746
33 747
33 752
33 756
33 757
33 758
33 762
33 763
33 768
33 773
33 778
33 779
33 780
33 784
33 785
33 788
33 789
33 790
33 796
33 801
33 802
33 810
33 811
33 816
33 819
33 822
33 823
33 824
33 827
33 828
33 829
35 2339
36 2339 640
36 2339 2266
36 2339 2237
36 2339 671
36 2339 2191
37 2340
36 2340 640
36 2340 722
36 2340 2171
38 2341
36 2341 640
36 2341 1687
36 2341 2210
37 2342
36 2342 640
36 2342 2104
36 2342 1895
36 2342 710
39 2343
36 2343 640
36 2343 1320
36 2343 2237
40 2344
36 2344 640
36 2344 2122
36 2344 1195
37 2345
36 2345 640
36 2345 682
40 2346
36 2346 640
36 2346 2122
36 2346 1636
38 2347
36 2347 640
36 2347 2146
41 2348
36 2348 640
36 2348 2110
36 2348 1971
35 2349
36 2349 640
36 2349 2294
36 2349 1169
42 2350
36 2350 640
36 2350 2306
42 2351
36 2351 640
36 2351 2125
36 2351 2266
36 2351 1216
41 2352
36 2352 649
36 2352 2219
42 2353
36 2353 649
36 2353 2031
36 2353 2258
36 2353 2194
43 2354
36 2354 649
36 2354 1044
36 2354 2295
36 2354 638
41 2355
36 2355 649
36 2355 2091
36 2355 1515
39 2356
36 2356 649
36 2356 1921
36 2356 2104
36 2356 1179
37 2357
36 2357 649
36 2357 1225
36 2357 1246
36 2357 669
40 2358
36 2358 649
36 2358 2013
40 2359
36 2359 649
36 2359 2065
36 2359 1172
36 2359 857
43 2360
36 2360 649
36 2360 753
36 2360 1700
42 2361
36 2361 649
36 2361 1687
43 2362
36 2362 649
36 2362 2266
36 2362 1465
36 2362 2125
36 2362 2290
37 2363
36 2363 649
36 2363 1169
36 2363 2091
36 2363 1220
42 2364
36 2364 649
36 2364 2290
36 2364 669
36 2364 1368
39 2365
36 2365 659
36 2365 1050
36 2365 1452
38 2366
36 2366 659
36 2366 765
36 2366 2236
36 2366 1636
36 2366 2237
43 2367
36 2367 659
36 2367 2171
36 2367 702
36 2367 2182
36 2367 1971
44 2368
36 2368 659
36 2368 2266
39 2369
36 2369 659
36 2369 64
36 2369 669
36 2369 1398
37 2370
36 2370 659
36 2370 637
36 2370 2290
36 2370 2171
36 2370 857
40 2371
36 2371 659
36 2371 1930
41 2372
36 2372 659
36 2372 1220
36 2372 661
36 2372 2266
39 2373
36 2373 659
36 2373 2136
36 2373 1556
36 2373 2215
36 2373 2093
39 2374
36 2374 659
36 2374 638
39 2375
36 2375 659
36 2375 649
36 2375 662
35 2376
36 2376 659
36 2376 749
40 2377
36 2377 113
36 2377 1483
38 2378
36 2378 113
36 2378 1452
36 2378 2057
36 2378 2266
36 2378 687
35 2379
36 2379 113
36 2379 791
36 2379 1867
44 2380
36 2380 113
36 2380 696
36 2380 1893
36 2380 1636
43 2381
36 2381 113
36 2381 687
42 2382
36 2382 113
36 2382 969
36 2382 2059
36 2382 1272
36 2382 687
43 2383
36 2383 113
36 2383 769
36 2383 2031
36 2383 1546
37 2384
36 2384 113
36 2384 682
36 2384 1994
36 2384 2271
36 2384 688
45 2385
36 2385 113
36 2385 673
44 2386
36 2386 113
36 2386 661
36 2386 2180
36 2386 2031
43 2387
36 2387 113
36 2387 2122
36 2387 987
41 2388
36 2388 113
36 2388 1051
36 2388 1742
42 2389
36 2389 669
36 2389 1386
36 2389 1044
36 2389 2057
42 2390
36 2390 669
36 2390 696
41 2391
36 2391 669
36 2391 688
36 2391 2215
36 2391 2013
38 2392
36 2392 669
36 2392 749
37 2393
36 2393 669
36 2393 2202
36 2393 2237
36 2393 969
36 2393 2215
43 2394
36 2394 669
36 2394 1921
36 2394 2302
36 2394 673
41 2395
36 2395 669
36 2395 1246
36 2395 2194
36 2395 1511
36 2395 1216
45 2396
36 2396 669
36 2396 1225
36 2396 1971
37 2397
36 2397 669
36 2397 2219
36 2397 701
36 2397 2306
37 2398
36 2398 669
36 2398 2242
44 2399
36 2399 669
36 2399 786
36 2399 857
36 2399 702
40 2400
36 2400 669
36 2400 1050
45 2401
36 2401 669
36 2401 2146
44 2402
36 2402 638
36 2402 1900
36 2402 2242
36 2402 1452
36 2402 1867
38 2403
36 2403 638
36 2403 2229
36 2403 749
36 2403 2290
45 2404
36 2404 638
36 2404 1515
38 2405
36 2405 638
36 2405 1636
36 2405 1483
36 2405 2091
36 2405 1900
41 2406
36 2406 638
36 2406 1515
36 2406 2180
36 2406 2110
36 2406 640
43 2407
36 2407 638
36 2407 1766
36 2407 2281
41 2408
36 2408 638
36 2408 687
39 2409
36 2409 638
36 2409 2191
36 2409 722
36 2409 1195
36 2409 987
40 2410
36 2410 638
36 2410 2263
36 2410 1700
36 2410 2143
36 2410 1456
45 2411
36 2411 638
36 2411 769
36 2411 2104
41 2412
36 2412 638
36 2412 113
36 2412 1711
45 2413
36 2413 638
36 2413 687
43 2414
36 2414 638
36 2414 917
45 2415
36 2415 687
36 2415 638
36 2415 2191
36 2415 660
36 2415 2144
43 2416
36 2416 687
36 2416 2217
36 2416 1195
36 2416 1963
36 2416 1515
42 2417
36 2417 687
36 2417 2250
36 2417 689
39 2418
36 2418 687
36 2418 942
45 2419
36 2419 687
36 2419 1217
42 2420
36 2420 687
36 2420 1274
36 2420 640
38 2421
36 2421 687
36 2421 791
36 2421 649
36 2421 637
35 2422
36 2422 687
36 2422 2258
36 2422 1320
43 2423
36 2423 687
36 2423 2187
36 2423 1838
36 2423 2202
36 2423 2229
43 2424
36 2424 687
36 2424 753
38 2425
36 2425 687
36 2425 1051
40 2426
36 2426 687
36 2426 701
36 2426 1700
36 2426 1687
36 2426 1172
41 2427
36 2427 687
36 2427 2059
44 2428
36 2428 687
36 2428 662
36 2428 669
40 2429
36 2429 637
36 2429 2215
36 2429 1515
39 2430
36 2430 637
36 2430 2266
36 2430 749
36 2430 696
44 2431
36 2431 637
36 2431 1891
36 2431 2219
36 2431 2119
36 2431 1700
39 2432
36 2432 637
36 2432 28
36 2432 1921
36 2432 2122
36 2432 942
37 2433
36 2433 637
36 2433 1452
36 2433 1272
36 2433 2133
37 2434
36 2434 637
36 2434 1172
45 2435
36 2435 637
36 2435 2171
36 2435 2269
36 2435 1867
36 2435 2110
45 2436
36 2436 637
36 2436 2117
36 2436 2302
45 2437
36 2437 637
36 2437 2065
36 2437 895
36 2437 1188
36 2437 857
40 2438
36 2438 637
36 2438 1368
36 2438 1457
36 2438 2119
37 2439
36 2439 637
36 2439 2268
36 2439 1457
36 2439 2283
36 2439 2191
40 2440
36 2440 637
36 2440 2122
40 2441
36 2441 637
36 2441 1456
36 2441 1700
42 2442
36 2442 637
36 2442 2031
36 2442 710
36 2442 1766
36 2442 765
39 2443
36 2443 637
36 2443 1511
36 2443 844
43 2444
36 2444 701
36 2444 1867
36 2444 1895
40 2445
36 2445 701
36 2445 1556
36 2445 2136
38 2446
36 2446 701
36 2446 2271
42 2447
36 2447 701
36 2447 637
36 2447 2122
39 2448
36 2448 701
36 2448 1867
41 2449
36 2449 701
36 2449 638
36 2449 2151
36 2449 1700
41 2450
36 2450 701
36 2450 2191
38 2451
36 2451 701
36 2451 917
36 2451 2302
36 2451 1031
36 2451 1483
42 2452
36 2452 701
36 2452 2144
36 2452 661
41 2453
36 2453 701
36 2453 702
36 2453 764
36 2453 2106
44 2454
36 2454 701
36 2454 682
36 2454 1320
44 2455
36 2455 705
36 2455 696
35 2456
36 2456 705
36 2456 1994
36 2456 2294
37 2457
36 2457 705
36 2457 2217
36 2457 638
36 2457 1766
36 2457 2236
40 2458
36 2458 705
36 2458 669
37 2459
36 2459 705
36 2459 1044
36 2459 1050
36 2459 2191
36 2459 1109
41 2460
36 2460 705
36 2460 2269
36 2460 689
36 2460 1257
37 2461
36 2461 705
36 2461 1274
41 2462
36 2462 705
36 2462 2106
36 2462 1766
36 2462 2194
36 2462 1921
44 2463
36 2463 682
36 2463 661
36 2463 969
36 2463 954
36 2463 1320
42 2464
36 2464 682
36 2464 1700
35 2465
36 2465 682
36 2465 2268
36 2465 2281
45 2466
36 2466 682
36 2466 2218
36 2466 1172
36 2466 1457
42 2467
36 2467 682
36 2467 2168
36 2467 2057
38 2468
36 2468 682
36 2468 1188
38 2469
36 2469 682
36 2469 2091
41 2470
36 2470 682
36 2470 1216
36 2470 2065
36 2470 2031
35 2471
36 2471 682
36 2471 786
36 2471 887
36 2471 7
36 2471 1891
37 2472
36 2472 710
36 2472 673
36 2472 844
36 2472 2117
38 2473
36 2473 710
36 2473 7
36 2473 1465
36 2473 669
44 2474
36 2474 710
36 2474 844
36 2474 682
36 2474 673
36 2474 969
41 2475
36 2475 710
36 2475 1511
36 2475 1188
36 2475 2229
35 2476
36 2476 710
36 2476 7
36 2476 749
44 2477
36 2477 710
36 2477 1900
36 2477 1742
36 2477 791
38 2478
36 2478 710
36 2478 2133
36 2478 2180
36 2478 671
40 2479
36 2479 710
36 2479 1556
41 2480
36 2480 710
36 2480 1225
44 2481
36 2481 722
36 2481 1368
36 2481 791
36 2481 820
36 2481 689
43 2482
36 2482 722
36 2482 1810
36 2482 1031
36 2482 753
35 2483
36 2483 722
36 2483 2266
36 2483 2144
36 2483 1921
40 2484
36 2484 722
36 2484 7
36 2484 2237
40 2485
36 2485 722
36 2485 1963
43 2486
36 2486 722
36 2486 2117
36 2486 2294
36 2486 2194
36 2486 1994
43 2487
36 2487 722
36 2487 786
36 2487 2266
36 2487 1838
36 2487 712
42 2488
36 2488 722
36 2488 2143
38 2489
36 2489 722
36 2489 2081
36 2489 702
36 2489 2122
37 2490
36 2490 661
36 2490 1483
36 2490 895
45 2491
36 2491 661
36 2491 2197
36 2491 2202
35 2492
36 2492 661
36 2492 764
36 2492 2283
38 2493
36 2493 661
36 2493 1272
39 2494
36 2494 661
36 2494 2259
43 2495
36 2495 661
36 2495 1031
36 2495 1172
36 2495 2215
40 2496
36 2496 661
36 2496 2271
37 2497
36 2497 661
36 2497 1738
38 2498
36 2498 660
36 2498 769
44 2499
36 2499 660
36 2499 2259
36 2499 649
39 2500
36 2500 660
36 2500 1511
35 2501
36 2501 660
36 2501 2031
36 2501 1636
36 2501 2290
35 2502
36 2502 660
36 2502 1895
36 2502 710
41 2503
36 2503 660
36 2503 2143
36 2503 1217
36 2503 2281
37 2504
36 2504 660
36 2504 1483
42 2505
36 2505 660
36 2505 1109
36 2505 1465
36 2505 1457
42 2506
36 2506 696
36 2506 649
36 2506 1546
36 2506 2144
36 2506 1711
35 2507
36 2507 696
36 2507 1452
36 2507 2210
43 2508
36 2508 696
36 2508 1272
45 2509
36 2509 696
36 2509 705
36 2509 1044
36 2509 689
45 2510
36 2510 696
36 2510 2059
36 2510 2146
36 2510 1200
36 2510 1546
37 2511
36 2511 696
36 2511 2268
36 2511 689
36 2511 669
40 2512
36 2512 696
36 2512 1659
42 2513
36 2513 696
36 2513 1971
36 2513 638
35 2514
36 2514 673
36 2514 1195
42 2515
36 2515 673
36 2515 1515
38 2516
36 2516 673
36 2516 2081
36 2516 2065
36 2516 1496
36 2516 895
41 2517
36 2517 673
36 2517 786
36 2517 2197
36 2517 662
36 2517 2194
38 2518
36 2518 673
36 2518 2281
36 2518 1169
36 2518 2210
36 2518 887
37 2519
36 2519 673
36 2519 1994
43 2520
36 2520 673
36 2520 2194
36 2520 1272
36 2520 1515
36 2520 2229
35 2521
36 2521 673
36 2521 2143
36 2521 942
36 2521 1496
37 2522
36 2522 673
36 2522 649
43 2523
36 2523 673
36 2523 710
36 2523 2229
36 2523 638
35 2524
36 2524 712
36 2524 1225
35 2525
36 2525 712
36 2525 2110
36 2525 2210
36 2525 1556
42 2526
36 2526 712
36 2526 1246
36 2526 2059
39 2527
36 2527 712
36 2527 749
36 2527 2313
36 2527 895
41 2528
36 2528 712
36 2528 2321
36 2528 1225
36 2528 1394
42 2529
36 2529 712
36 2529 673
36 2529 1462
40 2530
36 2530 712
36 2530 2093
35 2531
36 2531 712
36 2531 1188
36 2531 969
36 2531 1483
42 2532
36 2532 712
36 2532 1220
36 2532 917
39 2533
36 2533 712
36 2533 28
36 2533 1546
39 2534
36 2534 712
36 2534 662
38 2535
36 2535 753
36 2535 917
36 2535 1188
35 2536
36 2536 753
36 2536 1274
35 2537
36 2537 753
36 2537 2306
36 2537 2191
36 2537 649
40 2538
36 2538 753
36 2538 688
36 2538 113
36 2538 701
36 2538 917
38 2539
36 2539 753
36 2539 7
36 2539 2093
36 2539 2229
36 2539 1249
41 2540
36 2540 753
36 2540 954
36 2540 2151
38 2541
36 2541 753
36 2541 2191
43 2542
36 2542 753
36 2542 705
36 2542 1810
36 2542 673
41 2543
36 2543 764
36 2543 2065
36 2543 649
36 2543 1963
42 2544
36 2544 764
36 2544 2182
36 2544 682
38 2545
36 2545 764
36 2545 637
36 2545 28
36 2545 2136
36 2545 2194
42 2546
36 2546 764
36 2546 969
36 2546 1320
36 2546 2229
44 2547
36 2547 764
36 2547 1711
36 2547 2191
36 2547 1738
43 2548
36 2548 764
36 2548 2122
36 2548 1867
36 2548 673
39 2549
36 2549 671
36 2549 1742
45 2550
36 2550 671
36 2550 1031
41 2551
36 2551 671
36 2551 2136
36 2551 2259
36 2551 2143
41 2552
36 2552 671
36 2552 2294
36 2552 2057
36 2552 1272
44 2553
36 2553 688
36 2553 2191
39 2554
36 2554 688
36 2554 1893
36 2554 1515
36 2554 2219
38 2555
36 2555 688
36 2555 2269
44 2556
36 2556 688
36 2556 1891
36 2556 1456
39 2557
36 2557 688
36 2557 1900
36 2557 2215
36 2557 2151
36 2557 1249
35 2558
36 2558 689
36 2558 669
36 2558 1867
36 2558 1051
36 2558 1700
44 2559
36 2559 689
36 2559 887
39 2560
36 2560 689
36 2560 1636
36 2560 1742
41 2561
36 2561 689
36 2561 710
43 2562
36 2562 786
36 2562 1200
36 2562 649
36 2562 2106
36 2562 2180
41 2563
36 2563 786
36 2563 1891
36 2563 1456
41 2564
36 2564 786
36 2564 2219
35 2565
36 2565 786
36 2565 1994
36 2565 2197
36 2565 637
36 2565 1711
35 2566
36 2566 791
36 2566 1738
36 2566 2271
36 2566 2242
44 2567
36 2567 791
36 2567 688
36 2567 2106
43 2568
36 2568 791
36 2568 2125
36 2568 1225
36 2568 710
44 2569
36 2569 791
36 2569 2268
36 2569 2081
39 2570
36 2570 791
36 2570 2290
45 2571
36 2571 791
36 2571 2258
36 2571 1711
36 2571 2269
36 2571 2091
41 2572
36 2572 791
36 2572 2268
36 2572 1457
36 2572 1742
35 2573
36 2573 662
36 2573 2119
42 2574
36 2574 662
36 2574 1044
39 2575
36 2575 662
36 2575 669
36 2575 820
36 2575 687
36 2575 786
39 2576
36 2576 662
36 2576 2013
36 2576 64
36 2576 2146
36 2576 1188
39 2577
36 2577 662
36 2577 1963
36 2577 687
44 2578
36 2578 662
36 2578 2031
44 2579
36 2579 662
36 2579 1921
37 2580
36 2580 765
36 2580 1900
36 2580 2258
36 2580 791
38 2581
36 2581 765
36 2581 1452
36 2581 1031
35 2582
36 2582 765
36 2582 1172
36 2582 2091
43 2583
36 2583 792
36 2583 1044
42 2584
36 2584 749
36 2584 1386
41 2585
36 2585 749
36 2585 1895
36 2585 2229
36 2585 1456
36 2585 786
38 2586
36 2586 702
36 2586 1556
37 2587
36 2587 702
36 2587 2242
36 2587 687
42 2588
36 2588 2091
36 2588 2237
44 2589
36 2589 2091
36 2589 1386
45 2590
36 2590 857
36 2590 661
36 2590 786
35 2591
36 2591 64
36 2591 1456
36 2591 2144
38 2592
36 2592 1044
36 2592 769
44 2593
36 2593 2106
36 2593 2225
36 2593 2197
35 2594
36 2594 2110
36 2594 1738
36 2594 1368
36 2594 1050
37 2595
36 2595 2110
36 2595 791
42 2596
36 2596 1225
36 2596 1320
36 2596 687
36 2596 1249
36 2596 2268
37 2597
36 2597 1971
36 2597 2218
44 2598
36 2598 1900
36 2598 2171
45 2599
36 2599 1900
36 2599 710
36 2599 2191
36 2599 1216
43 2600
36 2600 1169
36 2600 1895
45 2601
36 2601 1169
36 2601 753
36 2601 2081
36 2601 2197
41 2602
36 2602 1838
36 2602 2151
44 2603
36 2603 2136
36 2603 638
36 2603 1994
40 2604
36 2604 1216
36 2604 1051
44 2605
36 2605 1249
36 2605 1394
36 2605 1994
36 2605 689
40 2606
36 2606 2144
36 2606 2290
36 2606 2187
36 2606 1895
42 2607
36 2607 2151
36 2607 1483
35 2608
36 2608 1766
36 2608 895
36 2608 687
36 2608 696
44 2609
36 2609 1050
36 2609 1257
36 2609 722
36 2609 820
44 2610
36 2610 1930
36 2610 1195
36 2610 1515
40 2611
36 2611 2059
36 2611 1320
40 2612
36 2612 2059
36 2612 2302
36 2612 1109
36 2612 2143
44 2613
36 2613 2081
36 2613 2215
36 2613 1257
36 2613 765
36 2613 1511
41 2614
36 2614 1556
36 2614 2217
36 2614 1483
36 2614 1274
36 2614 1456
41 2615
36 2615 1556
36 2615 1465
41 2616
36 2616 1711
36 2616 2057
36 2616 1515
36 2616 1274
35 2617
36 2617 1188
36 2617 1838
43 2618
36 2618 1465
36 2618 1249
36 2618 2059
38 2619
36 2619 1465
36 2619 765
36 2619 2259
36 2619 1900
36 2619 2294
45 2620
36 2620 820
36 2620 1766
36 2620 2202
36 2620 2119
38 2621
36 2621 2171
36 2621 2122
45 2622
36 2622 1195
36 2622 2197
36 2622 2269
36 2622 2182
38 2623
36 2623 1330
36 2623 1031
36 2623 1700
36 2623 2258
36 2623 688
45 2624
36 2624 2180
36 2624 969
44 2625
36 2625 895
36 2625 638
36 2625 2182
36 2625 2218
44 2626
36 2626 895
36 2626 1257
45 2627
36 2627 2184
36 2627 2281
36 2627 1963
36 2627 2136
36 2627 2250
39 2628
36 2628 2184
36 2628 2271
36 2628 659
36 2628 689
40 2629
36 2629 887
36 2629 2191
36 2629 2268
36 2629 2283
36 2629 2059
38 2630
36 2630 1274
36 2630 769
41 2631
36 2631 2202
36 2631 887
36 2631 1195
43 2632
36 2632 2202
36 2632 2091
36 2632 1169
36 2632 2283
44 2633
36 2633 1700
36 2633 2237
36 2633 1249
36 2633 1220
36 2633 2242
37 2634
36 2634 2210
36 2634 637
36 2634 749
36 2634 2225
36 2634 1272
37 2635
36 2635 2133
36 2635 965
36 2635 637
36 2635 701
39 2636
36 2636 2217
36 2636 638
36 2636 1659
35 2637
36 2637 1200
36 2637 2313
36 2637 2104
40 2638
36 2638 1200
36 2638 753
41 2639
36 2639 2218
36 2639 1895
36 2639 1109
36 2639 1051
45 2640
36 2640 2218
36 2640 1810
36 2640 1766
36 2640 753
35 2641
36 2641 2219
36 2641 2215
45 2642
36 2642 2219
36 2642 1838
36 2642 1031
36 2642 2250
38 2643
36 2643 2146
36 2643 1711
36 2643 1963
36 2643 1971
36 2643 1109
41 2644
36 2644 2146
36 2644 669
39 2645
36 2645 2225
36 2645 2259
36 2645 2236
37 2646
36 2646 2225
36 2646 2151
36 2646 1753
36 2646 2065
36 2646 722
41 2647
36 2647 2229
36 2647 1457
36 2647 844
36 2647 1700
41 2648
36 2648 1386
36 2648 1051
40 2649
36 2649 1483
36 2649 1900
37 2650
36 2650 2237
36 2650 2133
36 2650 1742
36 2650 1172
36 2650 1456
39 2651
36 2651 1738
36 2651 682
36 2651 1330
36 2651 1172
36 2651 2271
42 2652
36 2652 2065
36 2652 2119
45 2653
36 2653 2065
36 2653 669
36 2653 887
36 2653 786
41 2654
36 2654 2250
36 2654 2057
36 2654 113
41 2655
36 2655 2031
36 2655 1216
36 2655 2266
44 2656
36 2656 2031
36 2656 2215
41 2657
36 2657 2013
36 2657 673
36 2657 2059
37 2658
36 2658 987
36 2658 2168
36 2658 2306
38 2659
36 2659 987
36 2659 2321
36 2659 659
36 2659 2191
39 2660
36 2660 2258
36 2660 1216
36 2660 2106
41 2661
36 2661 1546
36 2661 1274
36 2661 2184
36 2661 2237
42 2662
36 2662 2266
36 2662 1895
36 2662 696
38 2663
36 2663 2268
36 2663 1188
36 2663 1766
35 2664
36 2664 2269
36 2664 2202
36 2664 2281
36 2664 2225
40 2665
36 2665 2271
36 2665 2302
36 2665 1515
36 2665 638
36 2665 2283
43 2666
36 2666 2271
36 2666 2104
36 2666 1050
43 2667
36 2667 1179
36 2667 649
43 2668
36 2668 1179
36 2668 1838
36 2668 1320
36 2668 1511
35 2669
36 2669 1398
36 2669 1179
38 2670
36 2670 1867
36 2670 2144
36 2670 1246
36 2670 2194
37 2671
36 2671 1246
36 2671 113
36 2671 1711
42 2672
36 2672 2117
36 2672 689
36 2672 1386
38 2673
36 2673 2281
36 2673 942
44 2674
36 2674 1457
36 2674 661
40 2675
36 2675 1457
36 2675 1330
36 2675 1483
45 2676
36 2676 2259
36 2676 1556
41 2677
36 2677 942
36 2677 2306
36 2677 2151
38 2678
36 2678 2290
36 2678 2217
36 2678 2271
36 2678 2294
39 2679
36 2679 2290
36 2679 7
39 2680
36 2680 2294
36 2680 1838
36 2680 1483
36 2680 1687
36 2680 2219
38 2681
36 2681 2295
36 2681 1249
39 2682
36 2682 2295
36 2682 765
36 2682 1249
36 2682 2191
36 2682 1687
41 2683
36 2683 2302
36 2683 2117
36 2683 1738
36 2683 722
40 2684
36 2684 2302
36 2684 769
42 2685
36 2685 2057
36 2685 64
36 2685 660
36 2685 1900
36 2685 2081
41 2686
36 2686 969
36 2686 2290
36 2686 2151
36 2686 1109
44 2687
36 2687 969
36 2687 649
36 2687 2294
36 2687 844
44 2688
36 2688 1891
36 2688 673
36 2688 1452
36 2688 2271
36 2688 2219
42 2689
36 2689 1891
36 2689 1179
36 2689 2104
37 2690
36 2690 1031
36 2690 649
40 2691
36 2691 2321
36 2691 1386
36 2691 2302
36 2691 671
36 2691 1272
41 2692
36 2692 1320
36 2692 844
36 2692 1188
36 2692 2306
41 2693
36 2693 1452
36 2693 1483
44 2694
36 2694 1172
36 2694 2242
36 2694 1465
36 2694 1659
42 2695
36 2695 1172
36 2695 682
36 2695 1050
36 2695 649
45 2696
36 2696 1257
36 2696 1179
36 2696 2250
36 2696 1636
36 2696 2065
45 2697
36 2697 1257
36 2697 1246
36 2697 2271
46 857
47 857 770
46 1217
47 1217 725
46 1257
47 1257 767
46 1172
47 1172 781
46 2093
47 2093 826
46 1891
47 1891 782
46 2313
47 2313 684
46 1971
47 1971 744
46 2104
47 2104 663
46 895
47 895 772
46 1320
47 1320 814
46 2259
47 2259 817
46 2229
47 2229 718
46 2290
47 2290 692
46 2321
47 2321 717
46 2146
47 2146 667
46 2081
47 2081 818
46 2106
47 2106 800
46 2271
47 2271 760
46 1249
47 1249 738
46 2250
47 2250 813
46 2237
47 2237 655
46 1838
47 1838 698
46 1895
47 1895 645
46 954
47 954 675
46 2133
47 2133 750
46 844
47 844 726
46 2236
47 2236 808
46 1050
47 1050 703
46 2117
47 2117 713
46 2182
47 2182 754
46 2302
47 2302 795
46 2031
47 2031 766
46 1456
47 1456 699
46 1496
47 1496 761
46 2266
47 2266 807
46 1195
47 1195 707
46 2294
47 2294 809
46 942
47 942 783
46 2184
47 2184 714
46 1272
47 1272 690
46 2225
47 2225 794
46 2218
47 2218 759
46 969
47 969 676
46 1742
47 1742 674
46 2059
47 2059 787
48 1867
48 1895
48 1109
48 1971
48 820
48 2236
48 2133
48 2313
48 1246
48 2306
48 2091
48 2104
48 2125
48 1368
48 2242
48 1324
48 2290
48 2013
48 2194
48 1994
48 1050
48 2187
48 2210
48 2321
48 2218
48 1742
48 2250
48 1766
48 1195
48 2081
48 1636
48 1687
48 1188
48 2271
48 2065
48 1515
48 942
48 2225
48 1753
48 64
48 1893
48 2197
48 1891
48 1031
48 2180
48 2110
48 1249
48 965
48 1456
48 2106
48 1963
48 2182
48 2119
48 1556
48 2143
48 2295
49 2698
2 2698 635
49 2699
2 2699 635
49 2700
2 2700 635
49 2701
2 2701 635
49 2702
2 2702 635
49 2703
2 2703 635
49 2704
2 2704 635
49 2705
2 2705 635
49 2706
2 2706 635
49 2707
2 2707 635
49 2708
2 2708 635
49 2709
2 2709 635
50 2710
22 2710 635
11 2710 650
10 2710 2711
10 2710 1686
10 2710 2712
10 2710 2713
10 2710 1320
11 2710 20
50 2711
22 2711 635
11 2711 650
10 2711 2714
10 2711 1082
10 2711 2715
11 2711 102
11 2711 32
51 2716
22 2716 635
11 2716 650
6 2716 2717
10 2716 2718
10 2716 2719
10 2716 2720
10 2716 2721
11 2716 32
51 2722
22 2722 635
11 2722 641
51 2712
22 2712 635
11 2712 641
10 2712 2723
10 2712 2724
10 2712 2725
51 1951
22 1951 635
11 1951 650
51 1686
22 1686 635
11 1686 650
10 1686 2726
10 1686 2727
10 1686 1169
9 1686 8
9 1686 73
8 1686 19
7 1686 9
51 2718
22 2718 635
11 2718 641
10 2718 2728
10 2718 2711
10 2718 1408
10 2718 2729
10 2718 1220
51 2730
22 2730 635
11 2730 641
7 2730 9
11 2730 102
51 2731
22 2731 635
11 2731 641
10 2731 2732
51 2733
22 2733 635
11 2733 641
10 2733 2734
10 2733 1084
10 2733 2735
10 2733 2736
11 2733 102
51 950
22 950 635
11 950 641
6 950 2737
10 950 2733
10 950 2738
10 950 2730
10 950 2739
10 950 214
51 2740
22 2740 635
11 2740 650
10 2740 2731
10 2740 2258
9 2740 8
8 2740 19
51 2715
22 2715 635
11 2715 641
10 2715 2741
51 2742
22 2742 635
11 2742 650
10 2742 2722
10 2742 2743
7 2742 73
8 2742 13
51 1865
22 1865 635
11 1865 641
10 1865 1269
10 1865 2744
10 1865 2745
10 1865 2718
10 1865 2746
7 1865 9
9 1865 19
7 1865 10
8 1865 67
8 1865 13
51 2747
22 2747 635
11 2747 650
10 2747 1308
10 2747 2748
4 2249
22 2249 635
11 2249 650
10 2249 1867
10 2249 2749
4 2750
22 2750 635
11 2750 650
10 2750 2751
10 2750 2752
10 2750 2753
9 2750 19
4 2754
22 2754 635
11 2754 641
10 2754 2184
10 2754 2755
8 2754 8
4 2756
22 2756 635
11 2756 650
10 2756 2757
10 2756 1963
10 2756 1534
10 2756 2758
10 2756 1154
8 2756 93
4 2759
22 2759 635
11 2759 641
11 2759 60
4 2760
22 2760 635
11 2760 641
10 2760 1276
9 2760 73
11 2760 32
11 2760 60
4 2761
22 2761 635
11 2761 650
10 2761 2762
8 2761 13
4 2763
22 2763 635
11 2763 650
6 2763 2764
10 2763 983
10 2763 2765
10 2763 2766
10 2763 2767
10 2763 2768
8 2763 88
8 2763 10
9 2763 13
7 2763 93
7 2763 8
4 2769
22 2769 635
11 2769 641
10 2769 1492
10 2769 1323
7 2769 8
4 1802
22 1802 635
11 1802 641
10 1802 2770
10 1802 1120
10 1802 2143
10 1802 2771
4 2772
22 2772 635
11 2772 641
10 2772 2773
10 2772 2774
4 1763
22 1763 635
11 1763 650
10 1763 2215
10 1763 2775
10 1763 2776
4 2777
22 2777 635
11 2777 641
6 2777 2778
10 2777 2779
8 2777 88
4 2780
22 2780 635
11 2780 650
4 2781
22 2781 635
11 2781 641
10 2781 1555
10 2781 1032
10 2781 2782
10 2781 261
10 2781 2783
11 2781 102
11 2781 361
4 2784
22 2784 635
11 2784 650
10 2784 2711
10 2784 2785
11 2784 348
4 825
22 825 635
11 825 641
10 825 2249
7 825 88
9 825 13
8 825 9
9 825 11
11 825 60
12 2786
2 2786 2
13 2787
14 2787 2786
10 2787 2788
8 2787 67
8 2787 13
8 2787 19
15 2789
14 2789 2786
11 2789 641
10 2789 2790
8 2789 19
8 2789 73
9 2789 67
11 2789 60
16 2789 2786
17 2789 643
18 2789 642
19 2789 643
20 2789 1203
20 2789 2791
20 2789 2792
20 2789 2793
21 2789 2794
15 2795
11 2795 650
10 2795 2796
10 2795 724
8 2795 88
8 2795 10
8 2795 93
11 2795 32
11 2795 60
16 2795 2786
17 2795 0
18 2795 643
19 2795 643
20 2795 2797
20 2795 2798
20 2795 2799
20 2795 2800
21 2795 2794
15 2796
11 2796 641
10 2796 672
10 2796 724
10 2796 1088
10 2796 2801
8 2796 8
22 2796 2786
17 2796 654
18 2796 0
19 2796 643
20 2796 2802
20 2796 2803
20 2796 2804
20 2796 2805
21 2796 2794
15 2806
11 2806 650
10 2806 2796
22 2806 2786
17 2806 654
18 2806 643
19 2806 653
20 2806 1897
20 2806 1785
20 2806 2807
21 2806 2794
15 2808
11 2808 641
10 2808 2809
10 2808 185
10 2808 731
10 2808 2810
22 2808 2786
17 2808 642
18 2808 643
19 2808 0
20 2808 2811
20 2808 2812
20 2808 2813
20 2808 2814
21 2808 2794
15 2815
11 2815 650
10 2815 2816
10 2815 79
8 2815 10
8 2815 73
16 2815 2786
17 2815 643
18 2815 653
19 2815 642
20 2815 2817
20 2815 2818
21 2815 2794
15 2819
11 2819 650
10 2819 2820
10 2819 731
10 2819 2810
16 2819 2786
17 2819 653
18 2819 653
19 2819 0
20 2819 2821
20 2819 2822
20 2819 1613
21 2819 2794
15 2823
11 2823 641
10 2823 2824
10 2823 2825
10 2823 393
10 2823 2808
7 2823 10
11 2823 102
11 2823 361
22 2823 2786
17 2823 642
18 2823 653
19 2823 653
20 2823 2826
20 2823 985
20 2823 2827
20 2823 2828
20 2823 2829
21 2823 2794
23 2830
11 2830 641
6 2830 2831
10 2830 2832
10 2830 2806
10 2830 571
10 2830 2833
10 2830 2834
8 2830 19
8 2830 88
16 2830 2786
17 2830 654
18 2830 654
19 2830 642
20 2830 2835
20 2830 2836
20 2830 2837
20 2830 2838
21 2830 2794
23 2839
11 2839 650
10 2839 724
10 2839 393
10 2839 2819
10 2839 2840
10 2839 2841
22 2839 2786
17 2839 643
18 2839 642
19 2839 642
20 2839 2842
20 2839 2843
20 2839 2844
20 2839 2334
20 2839 2845
21 2839 2794
23 2846
11 2846 650
6 2846 134
10 2846 2790
10 2846 2806
10 2846 2847
10 2846 2848
9 2846 67
11 2846 74
16 2846 2786
17 2846 0
18 2846 653
19 2846 0
20 2846 2849
20 2846 2850
20 2846 2851
20 2846 2852
21 2846 2794
23 2810
11 2810 650
10 2810 2853
10 2810 2854
10 2810 2815
10 2810 2848
10 2810 2806
7 2810 19
16 2810 2786
17 2810 643
18 2810 643
19 2810 0
20 2810 1919
20 2810 2855
20 2810 2856
20 2810 2857
21 2810 2794
23 2854
11 2854 641
10 2854 2858
10 2854 2859
11 2854 74
11 2854 348
22 2854 2786
17 2854 653
18 2854 653
19 2854 642
20 2854 2860
20 2854 2861
20 2854 2862
20 2854 2863
21 2854 2794
23 724
11 724 641
10 724 2864
10 724 2865
10 724 2866
11 724 60
16 724 2786
17 724 654
18 724 653
19 724 643
20 724 2867
20 724 2868
20 724 2869
21 724 2794
23 2864
11 2864 650
10 2864 2870
10 2864 2871
10 2864 2872
10 2864 2873
10 2864 2839
8 2864 93
8 2864 19
11 2864 348
16 2864 2786
17 2864 643
18 2864 653
19 2864 643
20 2864 2874
20 2864 2875
20 2864 2876
21 2864 2794
23 2877
11 2877 641
10 2877 2789
16 2877 2786
17 2877 642
18 2877 642
19 2877 643
20 2877 2878
20 2877 2879
20 2877 1644
20 2877 2880
20 2877 2881
21 2877 2794
23 2790
11 2790 650
10 2790 2882
10 2790 2883
10 2790 2884
10 2790 2885
10 2790 109
16 2790 2786
17 2790 654
18 2790 642
19 2790 643
20 2790 2886
20 2790 2887
20 2790 2888
20 2790 2889
21 2790 2794
23 2890
11 2890 650
6 2890 2891
10 2890 2892
10 2890 2893
16 2890 2786
17 2890 642
18 2890 643
19 2890 654
20 2890 2894
20 2890 2895
20 2890 2896
21 2890 2794
23 2859
11 2859 650
10 2859 2897
10 2859 2898
8 2859 11
8 2859 93
11 2859 20
11 2859 60
22 2859 2786
17 2859 0
18 2859 643
19 2859 653
20 2859 2899
20 2859 2900
20 2859 2901
21 2859 2794
23 2882
11 2882 650
10 2882 2902
10 2882 2839
16 2882 2786
17 2882 653
18 2882 642
19 2882 0
20 2882 2903
20 2882 2904
20 2882 2905
21 2882 2794
23 2906
11 2906 650
10 2906 2907
10 2906 2908
10 2906 2909
7 2906 93
9 2906 9
11 2906 32
22 2906 2786
17 2906 653
18 2906 653
19 2906 642
20 2906 2910
20 2906 2145
20 2906 2911
21 2906 2794
24 2848
11 2848 650
10 2848 2912
10 2848 2815
22 2848 2786
17 2848 0
18 2848 642
19 2848 654
20 2848 2913
20 2848 2914
20 2848 2915
20 2848 2916
21 2848 2794
24 2885
11 2885 641
10 2885 2848
10 2885 2917
10 2885 2918
10 2885 2883
10 2885 2919
8 2885 93
22 2885 2786
17 2885 653
18 2885 0
19 2885 654
20 2885 2920
20 2885 2921
20 2885 2922
20 2885 2923
21 2885 2794
24 2924
11 2924 650
6 2924 2925
10 2924 2926
10 2924 2927
10 2924 2928
10 2924 2929
10 2924 2839
16 2924 2786
17 2924 642
18 2924 654
19 2924 653
20 2924 2930
20 2924 1862
20 2924 1652
20 2924 2931
20 2924 2932
20 2924 2933
21 2924 2794
24 2934
11 2934 650
10 2934 652
10 2934 2935
10 2934 968
7 2934 11
7 2934 19
22 2934 2786
17 2934 653
18 2934 643
19 2934 653
20 2934 1040
20 2934 2936
20 2934 2937
20 2934 2938
21 2934 2794
24 2841
11 2841 650
6 2841 2939
10 2841 2864
10 2841 2806
10 2841 2815
10 2841 2940
16 2841 2786
17 2841 0
18 2841 642
19 2841 653
20 2841 2941
20 2841 2942
20 2841 2943
20 2841 2944
21 2841 2794
24 2871
11 2871 641
10 2871 2945
10 2871 2946
8 2871 19
8 2871 93
9 2871 88
7 2871 11
16 2871 2786
17 2871 654
18 2871 0
19 2871 654
20 2871 2947
20 2871 2948
21 2871 2794
24 2949
11 2949 641
7 2949 93
16 2949 2786
17 2949 0
18 2949 0
19 2949 653
20 2949 2950
20 2949 1407
20 2949 1475
20 2949 2951
21 2949 2794
25 2952
25 2953
26 393
11 393 641
11 393 135
11 393 60
16 393 2786
17 393 0
18 393 653
19 393 642
20 393 2954
20 393 1568
20 393 2955
20 393 2956
20 393 2957
26 2865
11 2865 650
16 2865 2786
17 2865 643
18 2865 653
19 2865 643
20 2865 2958
20 2865 2959
20 2865 2162
20 2865 2960
26 2961
11 2961 641
7 2961 13
22 2961 2786
17 2961 642
18 2961 642
19 2961 642
20 2961 2962
20 2961 2963
20 2961 2964
26 2883
11 2883 641
10 2883 2965
10 2883 2966
10 2883 2967
10 2883 2795
16 2883 2786
17 2883 653
18 2883 0
19 2883 642
20 2883 2968
20 2883 1580
20 2883 2969
26 2970
11 2970 641
6 2970 2971
10 2970 2830
10 2970 2871
10 2970 2273
10 2970 2972
10 2970 2973
16 2970 2786
17 2970 0
18 2970 642
19 2970 642
20 2970 921
20 2970 2974
20 2970 2975
20 2970 2976
20 2970 2977
20 2970 2978
26 2907
11 2907 650
10 2907 2819
10 2907 2815
9 2907 8
9 2907 93
8 2907 73
11 2907 102
11 2907 60
16 2907 2786
17 2907 643
18 2907 654
19 2907 653
20 2907 2979
20 2907 2980
20 2907 2981
26 731
11 731 650
10 731 2890
10 731 2982
10 731 2808
10 731 2846
10 731 2983
8 731 11
22 731 2786
17 731 653
18 731 643
19 731 642
20 731 2984
20 731 2985
20 731 2986
20 731 2987
27 2988
11 2988 650
6 2988 2989
10 2988 2990
28 2988 2786
29 2988 930
30 2988 2811
30 2988 2921
30 2988 1203
27 2991
11 2991 641
10 2991 2992
10 2991 2993
28 2991 2786
29 2991 832
30 2991 2826
30 2991 2867
30 2991 2964
30 2991 2920
27 2994
11 2994 641
6 2994 2995
10 2994 2996
10 2994 2997
10 2994 2998
10 2994 2999
10 2994 2988
8 2994 73
28 2994 2786
29 2994 908
30 2994 1407
30 2994 1652
30 2994 2874
30 2994 2905
27 3000
11 3000 650
10 3000 3001
9 3000 13
7 3000 9
8 3000 8
28 3000 2786
29 3000 1024
30 3000 2962
30 3000 3002
27 3003
11 3003 650
10 3003 3004
9 3003 13
7 3003 8
9 3003 11
28 3003 2786
29 3003 955
30 3003 2886
30 3003 3005
30 3003 2797
31 3003 2846
27 3006
11 3006 641
10 3006 3007
10 3006 3008
10 3006 3009
10 3006 3010
11 3006 60
11 3006 74
28 3006 2786
29 3006 1092
30 3006 3011
30 3006 2880
30 3006 2861
30 3006 2941
27 3012
11 3012 641
10 3012 3013
10 3012 3014
10 3012 3015
10 3012 3016
10 3012 3017
9 3012 19
8 3012 8
9 3012 88
7 3012 11
9 3012 93
28 3012 2786
29 3012 902
30 3012 2968
30 3012 2958
30 3012 985
30 3012 1652
27 3014
11 3014 650
8 3014 67
9 3014 9
8 3014 88
7 3014 93
8 3014 73
11 3014 20
28 3014 2786
29 3014 888
30 3014 2936
30 3014 1897
27 3018
11 3018 650
10 3018 3019
9 3018 73
9 3018 11
28 3018 2786
29 3018 853
30 3018 2968
30 3018 2974
30 3018 2850
27 3020
11 3020 641
10 3020 3021
10 3020 3022
10 3020 3023
7 3020 93
9 3020 67
7 3020 73
28 3020 2786
29 3020 840
30 3020 3024
30 3020 2821
27 3025
11 3025 641
10 3025 1343
10 3025 3026
9 3025 10
7 3025 8
8 3025 13
7 3025 19
28 3025 2786
29 3025 891
30 3025 2802
30 3025 3027
30 3025 2855
30 3025 2974
27 3028
11 3028 641
10 3028 1599
10 3028 3029
10 3028 3030
28 3028 2786
29 3028 908
30 3028 2962
30 3028 2861
30 3028 2920
27 3031
11 3031 641
6 3031 3032
10 3031 3033
10 3031 3034
10 3031 601
10 3031 3035
8 3031 11
8 3031 93
8 3031 73
8 3031 19
7 3031 13
28 3031 2786
29 3031 847
30 3031 2974
30 3031 1407
27 3036
11 3036 641
10 3036 3037
10 3036 3038
10 3036 3039
10 3036 3040
7 3036 19
8 3036 67
28 3036 2786
29 3036 843
30 3036 2849
30 3036 2879
30 3036 2798
30 3036 2836
27 3037
11 3037 650
10 3037 3041
10 3037 3042
10 3037 3043
7 3037 13
28 3037 2786
29 3037 998
30 3037 2811
30 3037 2804
30 3037 2817
30 3037 2930
27 3044
11 3044 650
10 3044 3045
10 3044 3046
10 3044 3047
10 3044 3048
10 3044 3049
8 3044 88
28 3044 2786
29 3044 984
30 3044 2821
30 3044 2856
30 3044 3050
27 1213
11 1213 641
6 1213 2114
10 1213 3051
10 1213 3052
10 1213 3053
10 1213 3054
10 1213 3055
11 1213 60
28 1213 2786
29 1213 926
30 1213 3056
30 1213 2875
30 1213 2941
30 1213 2874
27 3057
11 3057 641
10 3057 3058
10 3057 3059
10 3057 3060
8 3057 67
7 3057 11
7 3057 13
8 3057 9
8 3057 8
28 3057 2786
29 3057 871
30 3057 2975
30 3057 2958
30 3057 2944
27 3061
11 3061 641
28 3061 2786
29 3061 984
30 3061 2930
30 3061 2974
27 1434
11 1434 641
10 1434 3062
10 1434 2068
28 1434 2786
29 1434 1069
30 1434 1040
30 1434 2954
30 1434 1475
27 3063
11 3063 641
10 3063 3064
10 3063 3065
10 3063 1556
10 3063 3066
9 3063 93
7 3063 10
9 3063 19
7 3063 73
11 3063 135
11 3063 32
28 3063 2786
29 3063 847
30 3063 3067
30 3063 2835
30 3063 2923
30 3063 2849
27 3068
11 3068 641
10 3068 3069
10 3068 3070
11 3068 20
28 3068 2786
29 3068 847
30 3068 1203
30 3068 3071
30 3068 1645
27 3072
11 3072 650
11 3072 348
11 3072 21
28 3072 2786
29 3072 1017
30 3072 715
30 3072 2958
30 3072 2874
27 3073
11 3073 641
10 3073 3074
10 3073 3075
28 3073 2786
29 3073 1092
30 3073 2974
30 3073 2878
27 3076
11 3076 641
7 3076 13
11 3076 102
28 3076 2786
29 3076 1006
30 3076 1652
30 3076 2875
27 3077
11 3077 641
6 3077 3078
28 3077 2786
29 3077 1024
30 3077 767
30 3077 2889
27 3079
11 3079 641
6 3079 3080
10 3079 3081
10 3079 3082
10 3079 3083
10 3079 3084
28 3079 2786
29 3079 1119
30 3079 2936
30 3079 1644
27 3085
11 3085 650
10 3085 3086
10 3085 212
10 3085 3087
10 3085 3088
10 3085 3089
9 3085 9
8 3085 10
28 3085 2786
29 3085 853
30 3085 3090
30 3085 833
27 3091
11 3091 641
10 3091 3092
10 3091 3093
10 3091 3094
11 3091 20
11 3091 21
28 3091 2786
29 3091 1174
30 3091 2942
30 3091 2904
30 3091 3095
30 3091 2899
27 3033
11 3033 650
8 3033 9
7 3033 67
11 3033 60
28 3033 2786
29 3033 930
30 3033 2913
30 3033 2975
30 3033 2827
30 3033 2802
27 3096
11 3096 641
6 3096 3097
10 3096 3098
7 3096 93
9 3096 9
8 3096 11
28 3096 2786
29 3096 1219
30 3096 2875
30 3096 2947
30 3096 1203
27 3099
11 3099 650
10 3099 3100
10 3099 3101
10 3099 3102
8 3099 88
8 3099 11
11 3099 32
11 3099 135
28 3099 2786
29 3099 984
30 3099 2803
30 3099 1580
30 3099 1862
30 3099 1897
27 3045
11 3045 650
10 3045 1146
10 3045 3103
10 3045 3104
10 3045 3105
10 3045 3106
11 3045 74
28 3045 2786
29 3045 1119
30 3045 2828
30 3045 2979
30 3045 2835
27 3107
11 3107 641
10 3107 3108
10 3107 3109
10 3107 3110
10 3107 3111
8 3107 73
9 3107 11
9 3107 67
28 3107 2786
29 3107 1013
30 3107 2842
30 3107 1716
27 3112
11 3112 650
10 3112 3113
10 3112 3114
10 3112 3115
10 3112 3116
8 3112 10
28 3112 2786
29 3112 1006
30 3112 2875
30 3112 2879
30 3112 921
27 3117
11 3117 641
10 3117 3118
10 3117 3119
10 3117 1781
9 3117 93
7 3117 73
8 3117 88
8 3117 19
8 3117 9
11 3117 60
28 3117 2786
29 3117 1174
30 3117 2962
30 3117 2827
30 3117 2979
27 1744
11 1744 650
6 1744 3120
9 1744 19
9 1744 11
28 1744 2786
29 1744 840
30 1744 2962
30 1744 2894
30 1744 2975
30 1744 1040
27 3121
11 3121 641
6 3121 3122
10 3121 3123
10 3121 3124
10 3121 3125
10 3121 3126
8 3121 67
28 3121 2786
29 3121 860
30 3121 2974
30 3121 2963
27 3127
11 3127 650
9 3127 93
7 3127 13
11 3127 32
28 3127 2786
29 3127 902
30 3127 2811
30 3127 734
30 3127 2878
27 3128
11 3128 650
10 3128 3129
11 3128 348
28 3128 2786
29 3128 867
30 3128 921
30 3128 1040
30 3128 3130
31 3128 2970
27 3131
11 3131 650
6 3131 3132
10 3131 3133
10 3131 3134
10 3131 3135
10 3131 227
28 3131 2786
29 3131 939
30 3131 2963
30 3131 3136
30 3131 3090
30 3131 2797
27 3137
11 3137 641
9 3137 11
11 3137 60
28 3137 2786
29 3137 998
30 3137 2797
30 3137 2827
30 3137 2979
31 3137 2815
27 3138
11 3138 641
10 3138 466
10 3138 3139
10 3138 451
28 3138 2786
29 3138 908
30 3138 2894
30 3138 2899
27 3140
11 3140 650
10 3140 3141
10 3140 3142
10 3140 3064
10 3140 3143
10 3140 3144
28 3140 2786
29 3140 871
30 3140 2941
30 3140 3145
30 3140 2874
30 3140 1568
27 2328
11 2328 650
10 2328 2997
10 2328 3146
10 2328 3147
8 2328 10
8 2328 9
28 2328 2786
29 2328 1099
30 2328 2821
30 2328 2797
27 3017
11 3017 650
10 3017 3148
10 3017 3149
10 3017 3150
8 3017 67
11 3017 60
11 3017 32
28 3017 2786
29 3017 926
30 3017 2958
30 3017 2930
30 3017 2969
30 3017 2910
27 1981
11 1981 641
6 1981 3151
10 1981 3152
10 1981 3153
9 1981 13
11 1981 348
11 1981 21
28 1981 2786
29 1981 900
30 1981 2954
30 1981 2878
30 1981 1203
27 2099
11 2099 650
10 2099 3154
10 2099 3155
10 2099 3156
10 2099 3157
10 2099 3158
28 2099 2786
29 2099 902
30 2099 2921
30 2099 2947
30 2099 2860
27 3159
11 3159 650
10 3159 3160
10 3159 3161
10 3159 3162
10 3159 3163
28 3159 2786
29 3159 998
30 3159 2979
30 3159 2962
30 3159 2851
27 3164
11 3164 650
10 3164 3165
11 3164 21
28 3164 2786
29 3164 955
30 3164 2856
30 3164 2921
30 3164 2947
30 3164 3166
27 3167
11 3167 641
11 3167 102
11 3167 102
28 3167 2786
29 3167 1155
30 3167 2950
30 3167 2817
30 3167 2974
30 3167 2959
27 3168
11 3168 641
10 3168 3169
10 3168 3170
9 3168 88
28 3168 2786
29 3168 888
30 3168 1568
30 3168 1475
30 3168 2899
30 3168 2867
27 3171
11 3171 650
10 3171 3113
10 3171 3172
10 3171 3173
7 3171 88
7 3171 73
9 3171 19
7 3171 93
8 3171 67
28 3171 2786
29 3171 888
30 3171 2826
30 3171 2921
30 3171 1407
27 3174
11 3174 641
10 3174 140
10 3174 3175
10 3174 3176
10 3174 3177
10 3174 3178
28 3174 2786
29 3174 926
30 3174 2797
30 3174 3179
30 3174 2962
27 3180
11 3180 641
10 3180 3181
10 3180 2998
10 3180 1354
10 3180 3182
10 3180 3183
9 3180 67
8 3180 10
7 3180 13
9 3180 8
28 3180 2786
29 3180 1013
30 3180 2968
30 3180 2903
30 3180 2826
27 3170
11 3170 641
10 3170 3184
8 3170 67
7 3170 13
28 3170 2786
29 3170 1024
30 3170 1785
30 3170 2875
31 3170 2830
27 3185
11 3185 650
7 3185 11
11 3185 21
11 3185 74
28 3185 2786
29 3185 902
30 3185 3186
30 3185 2845
27 3046
11 3046 650
10 3046 2171
10 3046 3187
10 3046 3188
10 3046 3189
28 3046 2786
29 3046 843
30 3046 2886
30 3046 2856
30 3046 2835
30 3046 2874
31 3046 2815
27 3190
11 3190 641
10 3190 3191
10 3190 3129
28 3190 2786
29 3190 891
30 3190 2955
30 3190 1652
27 3192
11 3192 650
10 3192 2847
10 3192 3193
28 3192 2786
29 3192 908
30 3192 2826
30 3192 1897
30 3192 2811
27 3194
11 3194 641
8 3194 19
28 3194 2786
29 3194 1219
30 3194 2955
30 3194 2913
31 3194 2924
27 3195
11 3195 650
6 3195 3196
10 3195 3197
10 3195 3198
10 3195 3199
10 3195 3200
10 3195 3201
9 3195 73
28 3195 2786
29 3195 860
30 3195 2969
30 3195 3202
27 3203
11 3203 650
10 3203 3204
9 3203 8
9 3203 67
9 3203 13
8 3203 93
28 3203 2786
29 3203 1099
30 3203 2963
30 3203 1929
30 3203 2904
27 3205
11 3205 641
10 3205 3172
10 3205 3170
10 3205 3206
8 3205 93
7 3205 13
9 3205 67
9 3205 9
28 3205 2786
29 3205 1006
30 3205 3207
30 3205 1475
30 3205 2843
31 3205 2885
27 3208
11 3208 641
28 3208 2786
29 3208 947
30 3208 3209
30 3208 2855
30 3208 3210
30 3208 2954
27 3211
11 3211 641
10 3211 1969
28 3211 2786
29 3211 1069
30 3211 2962
30 3211 2931
30 3211 2941
27 3054
11 3054 641
10 3054 3212
10 3054 548
10 3054 3213
10 3054 3045
10 3054 3214
8 3054 88
28 3054 2786
29 3054 1155
30 3054 1203
30 3054 1644
30 3054 3215
27 3216
11 3216 641
10 3216 3217
8 3216 10
8 3216 13
8 3216 67
7 3216 73
8 3216 88
28 3216 2786
29 3216 902
30 3216 1407
30 3216 1862
27 3218
11 3218 650
10 3218 3219
10 3218 3220
10 3218 3221
28 3218 2786
29 3218 1099
30 3218 1568
30 3218 2836
30 3218 2813
30 3218 2797
27 3222
11 3222 641
10 3222 3223
10 3222 3224
10 3222 3225
28 3222 2786
29 3222 900
30 3222 2850
30 3222 3226
27 1087
11 1087 641
10 1087 3227
10 1087 3175
10 1087 3228
10 1087 3133
28 1087 2786
29 1087 959
30 1087 1919
30 1087 2894
27 3229
11 3229 641
10 3229 3230
11 3229 74
28 3229 2786
29 3229 1219
30 3229 2852
30 3229 2921
30 3229 1475
30 3229 2943
31 3229 393
27 3231
11 3231 650
10 3231 3187
9 3231 13
28 3231 2786
29 3231 959
30 3231 2950
30 3231 2803
30 3231 2869
30 3231 2958
27 1728
11 1728 641
10 1728 3232
10 1728 3233
10 1728 3234
8 1728 67
28 1728 2786
29 1728 832
30 1728 2958
30 1728 2812
30 1728 985
27 3235
11 3235 641
10 3235 3204
10 3235 3236
10 3235 3237
10 3235 3238
28 3235 2786
29 3235 1024
30 3235 2812
30 3235 2811
27 3239
11 3239 641
10 3239 1324
10 3239 2929
10 3239 3240
10 3239 3241
9 3239 10
8 3239 9
8 3239 88
28 3239 2786
29 3239 1388
30 3239 2826
30 3239 2974
31 3239 2890
27 3242
11 3242 650
10 3242 3243
10 3242 1261
10 3242 489
10 3242 3244
28 3242 2786
29 3242 881
30 3242 2878
30 3242 1568
31 3242 2877
27 3245
11 3245 650
10 3245 3246
10 3245 3247
10 3245 3248
10 3245 3249
8 3245 13
7 3245 11
28 3245 2786
29 3245 947
30 3245 2849
30 3245 2811
27 3250
11 3250 650
28 3250 2786
29 3250 847
30 3250 2974
30 3250 2904
30 3250 2921
27 3251
11 3251 650
10 3251 3252
8 3251 13
28 3251 2786
29 3251 849
30 3251 2942
30 3251 1407
30 3251 2878
30 3251 2962
31 3251 2848
27 3253
11 3253 641
28 3253 2786
29 3253 840
30 3253 3254
30 3253 2812
30 3253 2975
30 3253 2963
27 3255
11 3255 641
10 3255 3256
10 3255 2117
7 3255 9
8 3255 8
11 3255 32
11 3255 361
28 3255 2786
29 3255 1119
30 3255 2826
30 3255 2797
30 3255 2861
27 3257
11 3257 650
10 3257 3258
10 3257 3259
10 3257 3260
10 3257 3261
11 3257 21
28 3257 2786
29 3257 1092
30 3257 2936
30 3257 2811
27 3262
11 3262 641
6 3262 1706
10 3262 3263
11 3262 135
28 3262 2786
29 3262 918
30 3262 2826
30 3262 740
30 3262 2937
31 3262 2830
27 3264
11 3264 650
6 3264 2005
10 3264 3265
10 3264 3266
10 3264 3267
11 3264 348
28 3264 2786
29 3264 1036
30 3264 2958
30 3264 1652
30 3264 3268
30 3264 1040
27 3086
11 3086 650
8 3086 67
7 3086 93
7 3086 11
11 3086 135
28 3086 2786
29 3086 1219
30 3086 2962
30 3086 2894
30 3086 3269
30 3086 2817
31 3086 2823
27 3270
11 3270 641
28 3270 2786
29 3270 867
30 3270 2878
30 3270 2879
31 3270 2823
27 3271
11 3271 650
6 3271 3272
10 3271 3273
10 3271 3274
10 3271 3275
10 3271 3276
8 3271 88
11 3271 74
28 3271 2786
29 3271 832
30 3271 2817
30 3271 2802
30 3271 3277
27 3278
11 3278 650
28 3278 2786
29 3278 1013
30 3278 1475
30 3278 1897
27 3279
11 3279 641
28 3279 2786
29 3279 1155
30 3279 2958
30 3279 2894
30 3279 2975
30 3279 2867
27 3280
11 3280 641
10 3280 3281
10 3280 3282
10 3280 3283
10 3280 3284
11 3280 135
28 3280 2786
29 3280 843
30 3280 2821
30 3280 1644
30 3280 2904
27 3285
11 3285 641
10 3285 3286
10 3285 3287
10 3285 3288
10 3285 3167
10 3285 2929
9 3285 8
28 3285 2786
29 3285 902
30 3285 985
30 3285 2959
27 3289
11 3289 641
11 3289 20
28 3289 2786
29 3289 984
30 3289 2904
30 3289 2836
30 3289 3290
27 2847
11 2847 641
10 2847 3291
10 2847 3292
10 2847 2998
9 2847 67
28 2847 2786
29 2847 1092
30 2847 985
30 2847 2867
27 3293
11 3293 641
10 3293 3294
10 3293 3295
7 3293 88
11 3293 102
11 3293 32
28 3293 2786
29 3293 959
30 3293 2894
30 3293 2942
30 3293 2821
27 3296
11 3296 650
10 3296 3297
8 3296 88
28 3296 2786
29 3296 1155
30 3296 3298
30 3296 2959
30 3296 1613
27 3299
11 3299 650
10 3299 413
10 3299 3300
28 3299 2786
29 3299 902
30 3299 1040
30 3299 2958
30 3299 2886
27 413
11 413 650
10 413 3301
10 413 3302
28 413 2786
29 413 926
30 413 2798
30 413 2797
27 1209
11 1209 641
10 1209 3303
28 1209 2786
29 1209 902
30 1209 3304
30 1209 2962
30 1209 921
30 1209 1580
27 3305
11 3305 650
6 3305 3306
10 3305 3307
10 3305 3308
10 3305 3309
10 3305 3310
28 3305 2786
29 3305 1119
30 3305 2958
30 3305 1475
31 3305 2830
27 3311
11 3311 641
10 3311 3312
11 3311 60
28 3311 2786
29 3311 840
30 3311 2904
30 3311 2875
27 3313
11 3313 650
28 3313 2786
29 3313 1013
30 3313 1430
30 3313 2875
27 3314
11 3314 641
6 3314 3315
10 3314 3316
10 3314 3317
10 3314 3318
28 3314 2786
29 3314 955
30 3314 2962
30 3314 2812
27 3319
11 3319 641
10 3319 3320
10 3319 3163
10 3319 413
10 3319 3321
7 3319 19
28 3319 2786
29 3319 888
30 3319 2845
30 3319 2959
31 3319 393
27 2999
11 2999 641
10 2999 3322
10 2999 3323
11 2999 32
11 2999 74
28 2999 2786
29 2999 832
30 2999 2979
30 2999 2959
30 2999 2936
30 2999 2910
27 3324
11 3324 641
10 3324 3147
10 3324 3325
10 3324 3326
10 3324 3327
10 3324 3328
11 3324 20
28 3324 2786
29 3324 1231
30 3324 2850
30 3324 2835
27 3329
11 3329 641
9 3329 8
11 3329 60
11 3329 135
28 3329 2786
29 3329 891
30 3329 3330
30 3329 921
30 3329 2975
27 3331
11 3331 641
6 3331 3332
10 3331 3333
10 3331 3334
10 3331 3335
10 3331 3336
28 3331 2786
29 3331 881
30 3331 2968
30 3331 1644
27 3337
11 3337 641
10 3337 3338
10 3337 3339
10 3337 3340
10 3337 3341
10 3337 3342
8 3337 93
28 3337 2786
29 3337 918
30 3337 2856
30 3337 2817
30 3337 3298
30 3337 1862
27 3343
11 3343 650
10 3343 435
10 3343 70
10 3343 3344
10 3343 3224
11 3343 60
28 3343 2786
29 3343 888
30 3343 2900
30 3343 1652
30 3343 2334
27 3345
11 3345 650
10 3345 3026
9 3345 73
11 3345 102
28 3345 2786
29 3345 888
30 3345 2930
30 3345 2817
30 3345 1475
27 3346
11 3346 641
10 3346 945
10 3346 3347
28 3346 2786
29 3346 832
30 3346 2842
30 3346 3348
30 3346 2974
27 3349
11 3349 641
10 3349 3153
10 3349 1981
10 3349 1425
10 3349 3350
28 3349 2786
29 3349 930
30 3349 2985
30 3349 2974
30 3349 2875
27 3351
11 3351 650
10 3351 3352
8 3351 13
28 3351 2786
29 3351 1155
30 3351 2894
30 3351 2950
27 3353
11 3353 641
10 3353 3354
10 3353 3185
8 3353 8
8 3353 11
9 3353 10
11 3353 74
28 3353 2786
29 3353 902
30 3353 2799
30 3353 2968
30 3353 1045
30 3353 2941
27 3355
11 3355 641
10 3355 3356
28 3355 2786
29 3355 849
30 3355 2874
30 3355 2867
27 3026
11 3026 641
10 3026 1931
10 3026 3206
10 3026 3147
10 3026 3357
11 3026 20
11 3026 32
28 3026 2786
29 3026 891
30 3026 2954
30 3026 2958
30 3026 2879
27 3358
11 3358 650
10 3358 1256
8 3358 8
8 3358 11
28 3358 2786
29 3358 926
30 3358 2878
30 3358 1580
30 3358 1652
30 3358 2855
27 3359
11 3359 650
10 3359 3360
10 3359 3235
7 3359 93
8 3359 8
9 3359 67
8 3359 88
8 3359 13
28 3359 2786
29 3359 1174
30 3359 2984
30 3359 2812
30 3359 2974
30 3359 1568
27 3361
11 3361 650
10 3361 3362
10 3361 3363
10 3361 3364
10 3361 349
28 3361 2786
29 3361 1092
30 3361 1862
30 3361 1652
30 3361 2910
27 530
11 530 650
10 530 3365
10 530 1616
28 530 2786
29 530 1013
30 530 931
30 530 2817
31 530 2864
27 3366
11 3366 641
10 3366 3367
10 3366 3368
10 3366 3247
10 3366 3369
10 3366 3370
11 3366 32
28 3366 2786
29 3366 918
30 3366 2802
30 3366 1475
30 3366 3371
30 3366 2974
31 3366 2806
27 3372
11 3372 650
10 3372 3373
10 3372 290
10 3372 3183
28 3372 2786
29 3372 1069
30 3372 2849
30 3372 2899
31 3372 724
27 3374
11 3374 650
10 3374 3375
10 3374 3376
10 3374 3259
10 3374 3377
8 3374 73
28 3374 2786
29 3374 867
30 3374 2975
30 3374 3378
27 3379
11 3379 641
10 3379 3380
28 3379 2786
29 3379 1024
30 3379 3381
30 3379 3382
30 3379 2849
30 3379 2861
27 3383
11 3383 650
10 3383 3384
28 3383 2786
29 3383 918
30 3383 2920
30 3383 921
30 3383 3385
27 3386
11 3386 650
10 3386 1533
10 3386 3387
8 3386 93
28 3386 2786
29 3386 847
30 3386 1919
30 3386 1580
27 3388
11 3388 650
28 3388 2786
29 3388 984
30 3388 2842
30 3388 2930
27 3389
11 3389 650
6 3389 3390
10 3389 2286
10 3389 3391
28 3389 2786
29 3389 871
30 3389 985
30 3389 1580
30 3389 3392
30 3389 3393
31 3389 2819
27 3101
11 3101 650
10 3101 3394
11 3101 32
28 3101 2786
29 3101 847
30 3101 3395
30 3101 1040
30 3101 1203
30 3101 2910
27 3396
11 3396 641
10 3396 3397
10 3396 3398
10 3396 3399
10 3396 3400
10 3396 3178
8 3396 67
9 3396 93
28 3396 2786
29 3396 926
30 3396 2821
30 3396 1644
30 3396 2915
30 3396 2979
27 3401
11 3401 650
10 3401 3402
10 3401 3403
10 3401 3404
10 3401 1280
28 3401 2786
29 3401 959
30 3401 2802
30 3401 1475
30 3401 2950
31 3401 2865
27 3405
11 3405 641
10 3405 3406
10 3405 3407
10 3405 412
10 3405 3408
7 3405 11
9 3405 13
8 3405 88
8 3405 9
28 3405 2786
29 3405 1174
30 3405 3409
30 3405 3410
31 3405 2796
27 3058
11 3058 641
28 3058 2786
29 3058 1069
30 3058 2930
30 3058 1785
30 3058 3411
27 3412
11 3412 650
6 3412 1244
6 3412 3413
10 3412 3414
10 3412 3415
10 3412 3359
10 3412 3416
11 3412 21
28 3412 2786
29 3412 1036
30 3412 985
30 3412 3417
30 3412 2950
30 3412 2922
27 3178
11 3178 641
10 3178 3418
10 3178 3419
10 3178 3420
28 3178 2786
29 3178 902
30 3178 2933
30 3178 2878
27 2160
11 2160 641
10 2160 910
10 2160 516
10 2160 3421
10 2160 3422
10 2160 3423
28 2160 2786
29 2160 843
30 2160 2968
30 2160 3424
30 2160 2963
30 2160 1785
27 3425
11 3425 650
10 3425 3426
10 3425 3427
10 3425 508
10 3425 3428
10 3425 3429
28 3425 2786
29 3425 891
30 3425 675
30 3425 1580
27 3430
11 3430 641
10 3430 3172
10 3430 1973
10 3430 374
10 3430 3431
8 3430 67
7 3430 10
28 3430 2786
29 3430 843
30 3430 2942
30 3430 2930
27 3432
11 3432 641
10 3432 3433
10 3432 3434
8 3432 88
7 3432 8
7 3432 73
8 3432 10
8 3432 93
11 3432 20
11 3432 21
28 3432 2786
29 3432 1119
30 3432 2959
30 3432 1897
27 3435
11 3435 650
28 3435 2786
29 3435 1219
30 3435 3436
30 3435 2960
30 3435 2836
31 3435 2841
27 3326
11 3326 650
10 3326 3437
10 3326 3438
10 3326 1386
10 3326 3439
28 3326 2786
29 3326 959
30 3326 1203
30 3326 3440
27 3441
11 3441 641
8 3441 13
9 3441 93
8 3441 19
8 3441 73
8 3441 67
28 3441 2786
29 3441 1069
30 3441 1862
30 3441 2856
27 3418
11 3418 641
10 3418 1292
10 3418 3076
10 3418 3442
10 3418 3350
7 3418 10
9 3418 88
8 3418 13
9 3418 67
28 3418 2786
29 3418 1219
30 3418 2835
30 3418 2804
30 3418 2802
31 3418 731
27 3443
11 3443 641
10 3443 3444
10 3443 3133
28 3443 2786
29 3443 1013
30 3443 2987
30 3443 2803
30 3443 2812
27 3445
11 3445 650
10 3445 607
10 3445 1287
28 3445 2786
29 3445 849
30 3445 2914
30 3445 2867
30 3445 2910
27 3303
11 3303 641
10 3303 3446
10 3303 3447
10 3303 3001
10 3303 3448
8 3303 67
11 3303 20
28 3303 2786
29 3303 891
30 3303 2979
30 3303 2874
27 3260
11 3260 641
10 3260 3172
10 3260 3449
10 3260 3450
10 3260 3451
11 3260 135
28 3260 2786
29 3260 843
30 3260 2942
30 3260 2911
27 3040
11 3040 641
9 3040 73
8 3040 9
11 3040 102
28 3040 2786
29 3040 1312
30 3040 2941
30 3040 2963
30 3040 2843
27 3377
11 3377 641
10 3377 3452
10 3377 3248
10 3377 3437
11 3377 20
28 3377 2786
29 3377 1099
30 3377 2950
30 3377 2905
27 1928
11 1928 650
10 1928 3453
10 1928 3428
10 1928 3031
28 1928 2786
29 1928 1013
30 1928 2975
30 1928 2849
30 1928 2828
27 3454
11 3454 650
10 3454 3455
10 3454 3456
10 3454 602
7 3454 88
11 3454 20
28 3454 2786
29 3454 947
30 3454 2821
30 3454 2886
30 3454 2827
30 3454 2797
31 3454 2810
27 3457
11 3457 650
7 3457 9
28 3457 2786
29 3457 1036
30 3457 1785
30 3457 2822
30 3457 985
27 3458
11 3458 650
10 3458 508
10 3458 3459
10 3458 3408
10 3458 3460
28 3458 2786
29 3458 1017
30 3458 2910
30 3458 2860
30 3458 2954
27 3461
11 3461 641
10 3461 3462
10 3461 3018
9 3461 13
11 3461 348
28 3461 2786
29 3461 959
30 3461 2797
30 3461 2943
30 3461 2950
27 3009
11 3009 650
10 3009 2893
10 3009 3463
10 3009 3464
10 3009 3465
10 3009 3466
28 3009 2786
29 3009 902
30 3009 3467
30 3009 2942
30 3009 2903
30 3009 2850
31 3009 2864
27 3468
11 3468 650
10 3468 435
11 3468 102
28 3468 2786
29 3468 939
30 3468 1652
30 3468 2910
30 3468 985
30 3468 2941
27 3469
11 3469 650
10 3469 3470
10 3469 3471
9 3469 93
7 3469 88
7 3469 13
11 3469 74
28 3469 2786
29 3469 832
30 3469 2937
30 3469 2827
30 3469 2899
31 3469 2839
27 3472
11 3472 650
10 3472 3142
10 3472 280
10 3472 3473
10 3472 3474
11 3472 60
28 3472 2786
29 3472 1036
30 3472 1644
30 3472 3475
27 3476
11 3476 650
10 3476 3300
10 3476 3477
10 3476 3478
7 3476 11
28 3476 2786
29 3476 900
30 3476 1897
30 3476 3479
30 3476 2959
30 3476 1475
27 3480
11 3480 650
10 3480 3363
8 3480 11
28 3480 2786
29 3480 1024
30 3480 2886
30 3480 1568
27 3481
11 3481 641
10 3481 3149
10 3481 3482
28 3481 2786
29 3481 1119
30 3481 2941
30 3481 2850
31 3481 2808
27 3483
11 3483 650
10 3483 3180
10 3483 508
10 3483 952
10 3483 3484
11 3483 135
28 3483 2786
29 3483 902
30 3483 2974
30 3483 3485
30 3483 2811
27 3486
11 3486 650
10 3486 3487
10 3486 3119
10 3486 427
28 3486 2786
29 3486 984
30 3486 2880
30 3486 2904
27 3488
11 3488 650
10 3488 3468
10 3488 3489
10 3488 3490
10 3488 1149
10 3488 3491
11 3488 135
28 3488 2786
29 3488 1069
30 3488 2979
30 3488 1919
27 3113
11 3113 650
10 3113 3492
28 3113 2786
29 3113 1119
30 3113 2798
30 3113 985
27 3493
11 3493 641
28 3493 2786
29 3493 1024
30 3493 1568
30 3493 2827
30 3493 1615
30 3493 3494
27 3070
11 3070 641
10 3070 3468
10 3070 3495
10 3070 2806
10 3070 3183
28 3070 2786
29 3070 955
30 3070 2879
30 3070 2954
27 3273
11 3273 641
10 3273 3496
10 3273 89
10 3273 246
28 3273 2786
29 3273 1099
30 3273 2797
30 3273 2879
30 3273 2975
31 3273 2846
27 3497
11 3497 650
10 3497 3498
10 3497 3499
28 3497 2786
29 3497 881
30 3497 2962
30 3497 2910
27 3500
11 3500 650
10 3500 3244
7 3500 67
8 3500 11
7 3500 19
11 3500 32
28 3500 2786
29 3500 853
30 3500 2811
30 3500 3501
27 3502
11 3502 650
10 3502 1149
10 3502 3061
10 3502 1366
10 3502 979
10 3502 3503
7 3502 8
7 3502 9
11 3502 348
28 3502 2786
29 3502 1174
30 3502 2880
30 3502 2930
27 3504
11 3504 641
10 3504 3505
8 3504 19
28 3504 2786
29 3504 860
30 3504 2930
30 3504 1407
27 3506
11 3506 650
10 3506 3507
10 3506 3508
28 3506 2786
29 3506 955
30 3506 1475
30 3506 1568
30 3506 2950
27 3204
11 3204 650
28 3204 2786
29 3204 1006
30 3204 921
30 3204 2941
31 3204 2841
27 3509
11 3509 650
10 3509 3510
10 3509 3511
10 3509 3512
10 3509 2906
10 3509 3513
28 3509 2786
29 3509 913
30 3509 2930
30 3509 2863
30 3509 2827
30 3509 1580
27 3021
11 3021 641
6 3021 3514
10 3021 3515
8 3021 13
9 3021 10
8 3021 88
28 3021 2786
29 3021 891
30 3021 1785
30 3021 2903
27 3516
11 3516 641
28 3516 2786
29 3516 1024
30 3516 751
30 3516 2947
31 3516 2961
27 3517
11 3517 641
10 3517 3518
10 3517 3519
10 3517 3350
28 3517 2786
29 3517 1006
30 3517 2811
30 3517 2860
27 3520
11 3520 650
10 3520 3282
10 3520 3521
10 3520 3522
10 3520 1289
10 3520 518
28 3520 2786
29 3520 847
30 3520 1508
30 3520 2797
27 3449
11 3449 641
10 3449 3523
8 3449 10
9 3449 73
28 3449 2786
29 3449 832
30 3449 3524
30 3449 2886
27 3213
11 3213 641
6 3213 3525
10 3213 3526
7 3213 11
8 3213 93
8 3213 8
8 3213 19
11 3213 102
11 3213 60
28 3213 2786
29 3213 1219
30 3213 2856
30 3213 2818
31 3213 2934
27 3527
11 3527 650
6 3527 3528
10 3527 3529
10 3527 3530
10 3527 3531
10 3527 3532
11 3527 32
28 3527 2786
29 3527 984
30 3527 2947
30 3527 2894
30 3527 2843
30 3527 2860
27 3533
11 3533 641
10 3533 3229
10 3533 3534
10 3533 3535
11 3533 21
28 3533 2786
29 3533 1092
30 3533 707
30 3533 2920
30 3533 2930
30 3533 2962
27 3536
11 3536 650
6 3536 3537
10 3536 3468
10 3536 3458
10 3536 3065
28 3536 2786
29 3536 1312
30 3536 2975
30 3536 2812
30 3536 3538
27 3049
11 3049 641
10 3049 3539
28 3049 2786
29 3049 853
30 3049 2879
30 3049 2849
30 3049 2975
27 3540
11 3540 641
10 3540 3541
11 3540 361
28 3540 2786
29 3540 930
30 3540 1407
30 3540 2942
31 3540 2907
27 3542
11 3542 650
10 3542 3543
10 3542 3544
28 3542 2786
29 3542 849
30 3542 1389
30 3542 2987
30 3542 3545
30 3542 1897
31 3542 2883
27 3546
11 3546 641
10 3546 434
8 3546 11
8 3546 67
8 3546 13
28 3546 2786
29 3546 998
30 3546 2963
30 3546 3547
30 3546 2904
30 3546 2950
27 3548
11 3548 641
10 3548 3021
10 3548 3060
10 3548 3549
10 3548 3389
11 3548 348
28 3548 2786
29 3548 998
30 3548 2879
30 3548 2930
27 3550
11 3550 641
10 3550 3094
10 3550 3551
10 3550 3018
28 3550 2786
29 3550 959
30 3550 1841
30 3550 1919
30 3550 2867
27 3552
11 3552 641
10 3552 3553
10 3552 3170
8 3552 67
7 3552 11
28 3552 2786
29 3552 1069
30 3552 2851
30 3552 2849
27 3554
11 3554 641
10 3554 3555
10 3554 3309
10 3554 3556
7 3554 9
8 3554 88
9 3554 10
8 3554 8
9 3554 11
11 3554 361
28 3554 2786
29 3554 832
30 3554 2843
30 3554 2827
30 3554 2911
30 3554 3557
31 3554 2907
27 3104
11 3104 641
10 3104 3558
10 3104 3559
10 3104 3560
11 3104 348
28 3104 2786
29 3104 926
30 3104 2984
30 3104 2875
30 3104 2878
27 3551
11 3551 650
6 3551 3561
10 3551 2994
10 3551 3562
10 3551 3563
28 3551 2786
29 3551 930
30 3551 2958
30 3551 2829
27 3564
11 3564 641
10 3564 1137
11 3564 21
11 3564 32
28 3564 2786
29 3564 1312
30 3564 2913
30 3564 2963
30 3564 2791
27 3565
11 3565 650
10 3565 3566
10 3565 3567
10 3565 3568
28 3565 2786
29 3565 832
30 3565 3569
30 3565 2958
30 3565 2963
30 3565 2817
27 1149
11 1149 641
11 1149 20
11 1149 32
28 1149 2786
29 1149 1036
30 1149 2797
30 1149 2899
30 1149 985
31 1149 2830
27 3570
11 3570 641
8 3570 10
8 3570 88
9 3570 8
7 3570 9
9 3570 73
28 3570 2786
29 3570 888
30 3570 1785
30 3570 2979
27 3081
11 3081 641
10 3081 3388
10 3081 3571
10 3081 3035
10 3081 3572
11 3081 20
11 3081 135
28 3081 2786
29 3081 1219
30 3081 3573
30 3081 2984
30 3081 2145
30 3081 2803
27 3574
11 3574 641
10 3574 3418
10 3574 3575
9 3574 11
9 3574 10
28 3574 2786
29 3574 832
30 3574 2921
30 3574 2913
30 3574 1407
30 3574 2812
27 3576
11 3576 641
10 3576 3577
10 3576 3540
10 3576 3578
10 3576 3579
28 3576 2786
29 3576 947
30 3576 2856
30 3576 2910
27 3580
11 3580 641
10 3580 3006
10 3580 3581
10 3580 3582
10 3580 3583
10 3580 3584
11 3580 102
28 3580 2786
29 3580 918
30 3580 3585
30 3580 2861
30 3580 3586
31 3580 2906
27 2992
11 2992 641
9 2992 13
11 2992 60
11 2992 74
28 2992 2786
29 2992 840
30 2992 2977
30 2992 2947
30 2992 2826
30 2992 2960
27 3587
11 3587 641
10 3587 3588
10 3587 3589
10 3587 2998
10 3587 3016
10 3587 2250
28 3587 2786
29 3587 908
30 3587 2802
30 3587 2920
27 3287
11 3287 641
10 3287 3357
10 3287 3590
10 3287 532
10 3287 3591
7 3287 9
8 3287 67
28 3287 2786
29 3287 1155
30 3287 2937
30 3287 2797
30 3287 1568
30 3287 2979
27 3592
11 3592 641
9 3592 73
8 3592 67
8 3592 10
8 3592 93
28 3592 2786
29 3592 1174
30 3592 921
30 3592 2959
30 3592 2334
30 3592 2867
27 3263
11 3263 641
10 3263 3575
10 3263 3518
28 3263 2786
29 3263 881
30 3263 1862
30 3263 3593
30 3263 2798
30 3263 2821
27 3594
11 3594 641
10 3594 504
10 3594 3595
10 3594 3596
8 3594 93
28 3594 2786
29 3594 860
30 3594 2984
30 3594 2920
30 3594 2879
30 3594 1644
27 3597
11 3597 641
10 3597 3451
10 3597 3598
10 3597 3599
9 3597 8
7 3597 88
9 3597 19
28 3597 2786
29 3597 908
30 3597 1919
30 3597 3600
30 3597 2826
27 3248
11 3248 650
10 3248 3133
10 3248 3223
10 3248 1928
10 3248 3601
28 3248 2786
29 3248 1219
30 3248 1475
30 3248 1040
31 3248 2882
27 838
11 838 650
7 838 11
7 838 88
28 838 2786
29 838 1119
30 838 2921
30 838 2879
30 838 3602
30 838 2974
27 3075
11 3075 650
10 3075 3603
10 3075 3604
10 3075 3605
28 3075 2786
29 3075 1013
30 3075 2842
30 3075 2921
30 3075 2947
30 3075 850
27 3606
11 3606 641
8 3606 13
7 3606 8
28 3606 2786
29 3606 891
30 3606 2797
30 3606 2837
30 3606 1568
30 3606 921
27 3607
11 3607 641
10 3607 3464
10 3607 191
10 3607 3608
28 3607 2786
29 3607 881
30 3607 1040
30 3607 2904
30 3607 3609
30 3607 2941
27 3610
11 3610 650
10 3610 3611
10 3610 3612
10 3610 3613
10 3610 3352
10 3610 3614
28 3610 2786
29 3610 832
30 3610 2947
30 3610 3615
30 3610 2850
30 3610 2886
27 3616
11 3616 641
10 3616 3057
10 3616 3617
10 3616 3074
8 3616 10
9 3616 8
9 3616 88
11 3616 32
11 3616 135
28 3616 2786
29 3616 881
30 3616 1407
30 3616 2950
30 3616 1203
27 3618
11 3618 641
10 3618 3619
9 3618 8
28 3618 2786
29 3618 843
30 3618 2963
30 3618 3620
27 3621
11 3621 650
10 3621 3622
10 3621 3486
10 3621 3623
10 3621 3502
28 3621 2786
29 3621 908
30 3621 2942
30 3621 2894
30 3621 2843
30 3621 2913
31 3621 2924
27 3223
11 3223 650
10 3223 3624
10 3223 1721
10 3223 3625
9 3223 11
7 3223 19
7 3223 67
11 3223 74
11 3223 20
28 3223 2786
29 3223 908
30 3223 2959
30 3223 2968
30 3223 2797
27 3626
11 3626 641
11 3626 361
11 3626 74
28 3626 2786
29 3626 840
30 3626 2979
30 3626 2959
27 3627
11 3627 641
10 3627 3087
10 3627 3628
28 3627 2786
29 3627 1174
30 3627 3629
30 3627 3630
30 3627 2920
30 3627 2843
27 3187
11 3187 641
10 3187 3631
10 3187 3072
28 3187 2786
29 3187 891
30 3187 2804
30 3187 2821
31 3187 2961
27 3567
11 3567 641
10 3567 3632
10 3567 3633
10 3567 3634
9 3567 93
28 3567 2786
29 3567 871
30 3567 3635
30 3567 2817
27 3510
11 3510 650
10 3510 3636
10 3510 3637
10 3510 3638
10 3510 3639
10 3510 3640
28 3510 2786
29 3510 930
30 3510 2868
30 3510 3641
30 3510 1407
27 3632
11 3632 641
11 3632 20
28 3632 2786
29 3632 832
30 3632 2850
30 3632 2936
30 3632 1919
30 3632 2962
27 3316
11 3316 650
10 3316 3642
10 3316 3643
10 3316 3644
10 3316 3645
7 3316 19
9 3316 13
7 3316 9
28 3316 2786
29 3316 930
30 3316 2947
30 3316 2802
27 3646
11 3646 641
6 3646 2287
10 3646 3647
10 3646 3169
10 3646 3648
10 3646 3365
10 3646 3649
8 3646 10
28 3646 2786
29 3646 1174
30 3646 2958
30 3646 1475
27 2061
11 2061 650
10 2061 3650
10 2061 3088
10 2061 3651
28 2061 2786
29 2061 849
30 2061 2867
30 2061 2942
30 2061 921
30 2061 1040
27 3652
11 3652 650
10 3652 3165
10 3652 2831
28 3652 2786
29 3652 853
30 3652 2875
30 3652 2963
30 3652 3653
30 3652 2899
27 3163
11 3163 641
6 3163 3654
10 3163 3655
7 3163 8
28 3163 2786
29 3163 1219
30 3163 2812
30 3163 2904
30 3163 2903
27 3477
11 3477 641
10 3477 3656
28 3477 2786
29 3477 900
30 3477 1040
30 3477 1897
30 3477 2974
30 3477 2930
31 3477 2810
27 3657
11 3657 650
10 3657 2834
10 3657 3001
10 3657 3658
10 3657 3659
28 3657 2786
29 3657 918
30 3657 2959
30 3657 2910
30 3657 1579
27 3176
11 3176 650
10 3176 3085
10 3176 3660
10 3176 1981
10 3176 3661
10 3176 3346
28 3176 2786
29 3176 1099
30 3176 3662
30 3176 2836
27 3663
11 3663 641
10 3663 3664
10 3663 3665
10 3663 3074
10 3663 328
28 3663 2786
29 3663 984
30 3663 1475
30 3663 2803
30 3663 2962
30 3663 2979
31 3663 2882
27 3666
11 3666 641
10 3666 3667
28 3666 2786
29 3666 1155
30 3666 2947
30 3666 2857
30 3666 1568
31 3666 2961
27 3668
11 3668 650
6 3668 3669
6 3668 3670
10 3668 3374
10 3668 1177
10 3668 3356
10 3668 3671
28 3668 2786
29 3668 871
30 3668 1407
30 3668 1897
27 3672
11 3672 641
28 3672 2786
29 3672 918
30 3672 2942
30 3672 1785
30 3672 1475
31 3672 393
27 3052
11 3052 641
10 3052 206
8 3052 13
11 3052 102
28 3052 2786
29 3052 1312
30 3052 1568
30 3052 2974
27 3427
11 3427 641
10 3427 3673
10 3427 3674
10 3427 3172
10 3427 3299
8 3427 11
8 3427 8
7 3427 88
8 3427 19
11 3427 135
28 3427 2786
29 3427 926
30 3427 2849
30 3427 2860
30 3427 2828
31 3427 2796
27 3675
11 3675 650
7 3675 93
28 3675 2786
29 3675 891
30 3675 2867
30 3675 1897
30 3675 2849
27 3676
11 3676 641
6 3676 3677
8 3676 9
8 3676 11
11 3676 60
28 3676 2786
29 3676 849
30 3676 2855
30 3676 2802
27 435
11 435 641
10 435 3034
10 435 3678
10 435 3679
10 435 3020
10 435 3035
9 435 9
28 435 2786
29 435 860
30 435 2869
30 435 2843
27 3628
11 3628 650
6 3628 3680
10 3628 3361
10 3628 3372
10 3628 3681
10 3628 3026
9 3628 9
8 3628 73
11 3628 32
28 3628 2786
29 3628 881
30 3628 2903
30 3628 3682
30 3628 2861
30 3628 2930
27 3683
11 3683 650
10 3683 3684
10 3683 3685
10 3683 3686
10 3683 3000
10 3683 3624
28 3683 2786
29 3683 871
30 3683 2975
30 3683 2963
27 3687
11 3687 650
10 3687 3017
10 3687 3575
28 3687 2786
29 3687 1036
30 3687 2856
30 3687 2052
30 3687 2913
30 3687 985
27 1167
11 1167 650
10 1167 3688
8 1167 73
8 1167 13
28 1167 2786
29 1167 1174
30 1167 2910
30 1167 2855
30 1167 1040
27 3689
11 3689 650
10 3689 3690
10 3689 3691
8 3689 11
28 3689 2786
29 3689 998
30 3689 2855
30 3689 3692
30 3689 2791
27 3693
11 3693 641
10 3693 3262
10 3693 3694
10 3693 3695
10 3693 3578
28 3693 2786
29 3693 1069
30 3693 1652
30 3693 2867
30 3693 1785
30 3693 1644
27 3696
11 3696 641
10 3696 3697
10 3696 1710
10 3696 3054
10 3696 3521
8 3696 8
28 3696 2786
29 3696 1006
30 3696 3698
30 3696 1897
30 3696 1644
30 3696 1568
31 3696 2924
27 3699
11 3699 641
10 3699 3700
10 3699 3701
10 3699 3702
10 3699 3610
9 3699 8
11 3699 32
28 3699 2786
29 3699 900
30 3699 2910
30 3699 3703
27 3704
11 3704 650
10 3704 3248
10 3704 3705
10 3704 3706
10 3704 3343
10 3704 3707
28 3704 2786
29 3704 1312
30 3704 1580
30 3704 2791
30 3704 3708
27 561
11 561 641
9 561 13
9 561 9
28 561 2786
29 561 867
30 561 1644
30 561 3709
30 561 2984
30 561 2886
31 561 2795
27 3710
11 3710 641
10 3710 3711
10 3710 3712
10 3710 3713
10 3710 3714
10 3710 3715
8 3710 67
8 3710 93
28 3710 2786
29 3710 930
30 3710 2817
30 3710 2875
30 3710 2930
31 3710 724
27 3716
11 3716 641
6 3716 3717
28 3716 2786
29 3716 1006
30 3716 2910
30 3716 2886
30 3716 1568
30 3716 2878
31 3716 2907
27 1088
11 1088 650
10 1088 3646
10 1088 3712
28 1088 2786
29 1088 939
30 1088 2811
30 1088 921
30 1088 1862
30 1088 2797
27 3421
11 3421 641
6 3421 3718
10 3421 3719
10 3421 3720
10 3421 561
10 3421 575
28 3421 2786
29 3421 860
30 3421 2802
30 3421 1407
30 3421 2791
31 3421 2970
27 3451
11 3451 650
10 3451 3352
8 3451 13
28 3451 2786
29 3451 853
30 3451 921
30 3451 2821
27 3465
11 3465 641
10 3465 3721
10 3465 3511
9 3465 19
28 3465 2786
29 3465 939
30 3465 2979
30 3465 2836
30 3465 3722
30 3465 2974
27 3723
11 3723 641
10 3723 1500
8 3723 13
28 3723 2786
29 3723 1231
30 3723 3724
30 3723 2910
27 3060
11 3060 641
10 3060 1088
8 3060 19
28 3060 2786
29 3060 1231
30 3060 2903
30 3060 2944
30 3060 2936
30 3060 2855
27 3364
11 3364 650
7 3364 67
9 3364 9
8 3364 11
28 3364 2786
29 3364 918
30 3364 2797
30 3364 3725
31 3364 2846
27 3726
11 3726 641
10 3726 3273
8 3726 67
28 3726 2786
29 3726 1174
30 3726 2936
30 3726 3727
27 3566
11 3566 650
10 3566 3017
10 3566 3728
10 3566 3729
10 3566 3730
10 3566 3731
28 3566 2786
29 3566 849
30 3566 1919
30 3566 2899
30 3566 1475
27 3732
11 3732 650
10 3732 3733
10 3732 3081
8 3732 8
8 3732 73
9 3732 88
11 3732 361
28 3732 2786
29 3732 847
30 3732 3734
30 3732 3735
30 3732 2861
30 3732 2874
27 3736
11 3736 650
10 3736 936
10 3736 3737
10 3736 3738
10 3736 3739
28 3736 2786
29 3736 1099
30 3736 2956
30 3736 2827
27 3740
11 3740 641
10 3740 3741
7 3740 93
8 3740 10
11 3740 102
28 3740 2786
29 3740 908
30 3740 2835
30 3740 1897
27 3336
11 3336 641
10 3336 3701
10 3336 3742
10 3336 3482
10 3336 3726
11 3336 21
11 3336 102
28 3336 2786
29 3336 881
30 3336 2826
30 3336 2875
27 3288
11 3288 650
10 3288 2720
10 3288 3743
10 3288 3744
10 3288 3530
11 3288 74
28 3288 2786
29 3288 1388
30 3288 2985
30 3288 2855
27 3745
11 3745 641
28 3745 2786
29 3745 1155
30 3745 3746
30 3745 3747
30 3745 2913
30 3745 3748
27 3749
11 3749 641
10 3749 3750
10 3749 3216
10 3749 3408
10 3749 2099
10 3749 3275
7 3749 10
8 3749 8
28 3749 2786
29 3749 867
30 3749 2879
30 3749 2878
30 3749 2921
30 3749 985
27 3751
11 3751 650
10 3751 3621
10 3751 3510
10 3751 3414
10 3751 3752
28 3751 2786
29 3751 1231
30 3751 829
30 3751 1580
30 3751 1568
30 3751 1203
27 3701
11 3701 650
10 3701 3753
10 3701 3437
10 3701 376
10 3701 3754
28 3701 2786
29 3701 1099
30 3701 985
30 3701 1862
30 3701 2878
27 3755
11 3755 641
10 3755 3756
10 3755 3757
10 3755 805
10 3755 3758
10 3755 3759
7 3755 88
11 3755 102
28 3755 2786
29 3755 891
30 3755 2812
30 3755 2958
30 3755 3760
30 3755 2903
27 3761
11 3761 641
6 3761 3762
8 3761 11
7 3761 10
28 3761 2786
29 3761 1006
30 3761 2954
30 3761 1897
30 3761 2888
30 3761 3763
27 3764
11 3764 641
28 3764 2786
29 3764 908
30 3764 2941
30 3764 2886
30 3764 2798
27 3765
11 3765 650
10 3765 3766
10 3765 3767
10 3765 3736
11 3765 348
28 3765 2786
29 3765 1006
30 3765 2963
30 3765 2899
27 3414
11 3414 650
10 3414 3768
10 3414 3262
10 3414 1924
10 3414 3073
10 3414 3769
8 3414 88
9 3414 13
8 3414 8
8 3414 67
11 3414 102
28 3414 2786
29 3414 867
30 3414 2913
30 3414 2856
27 1379
11 1379 641
28 1379 2786
29 1379 867
30 1379 2968
30 1379 1203
30 1379 2954
30 1379 2821
27 3521
11 3521 641
6 3521 3770
10 3521 3771
10 3521 2885
28 3521 2786
29 3521 860
30 3521 663
30 3521 2913
30 3521 691
27 3700
11 3700 650
9 3700 13
28 3700 2786
29 3700 1092
30 3700 1040
30 3700 2821
30 3700 2886
31 3700 2882
27 3772
11 3772 650
6 3772 3773
8 3772 11
7 3772 13
9 3772 73
11 3772 348
28 3772 2786
29 3772 902
30 3772 2922
30 3772 2826
30 3772 3774
27 602
11 602 641
9 602 13
28 602 2786
29 602 843
30 602 2855
30 602 2904
30 602 2978
30 602 1841
27 3775
11 3775 650
11 3775 102
28 3775 2786
29 3775 860
30 3775 2920
30 3775 2802
30 3775 2958
30 3775 2910
27 3776
11 3776 641
8 3776 13
28 3776 2786
29 3776 908
30 3776 2334
30 3776 2985
30 3776 3777
27 3778
11 3778 641
8 3778 73
8 3778 8
28 3778 2786
29 3778 913
30 3778 1785
30 3778 2903
30 3778 1652
30 3778 2954
27 3779
11 3779 650
10 3779 3780
10 3779 2934
10 3779 3278
10 3779 3781
28 3779 2786
29 3779 984
30 3779 1412
30 3779 2817
30 3779 2849
27 3782
11 3782 650
10 3782 3072
7 3782 67
28 3782 2786
29 3782 881
30 3782 2894
30 3782 2913
30 3782 3783
30 3782 2797
31 3782 2890
27 3784
11 3784 650
10 3784 3001
10 3784 3785
28 3784 2786
29 3784 881
30 3784 1897
30 3784 2936
30 3784 2910
27 3786
11 3786 650
10 3786 3211
10 3786 69
10 3786 3787
10 3786 3788
10 3786 3177
28 3786 2786
29 3786 930
30 3786 2899
30 3786 1954
30 3786 1785
30 3786 2812
27 3789
11 3789 650
10 3789 2830
10 3789 1387
10 3789 3790
10 3789 2032
10 3789 2136
9 3789 13
9 3789 67
11 3789 74
28 3789 2786
29 3789 939
30 3789 2974
30 3789 2941
30 3789 2849
30 3789 2817
27 3433
11 3433 641
10 3433 3791
10 3433 3093
10 3433 3648
10 3433 487
10 3433 3792
28 3433 2786
29 3433 888
30 3433 985
30 3433 2821
30 3433 2903
27 1280
11 1280 641
6 1280 3793
10 1280 3093
10 1280 3794
10 1280 3795
10 1280 1769
28 1280 2786
29 1280 860
30 1280 2947
30 1280 2878
30 1280 921
27 3796
11 3796 641
10 3796 3797
10 3796 3691
10 3796 3798
10 3796 3012
10 3796 3799
28 3796 2786
29 3796 891
30 3796 1407
30 3796 2867
27 3800
11 3800 641
10 3800 3264
8 3800 13
7 3800 11
7 3800 93
8 3800 67
28 3800 2786
29 3800 843
30 3800 2903
30 3800 2958
30 3800 2860
30 3800 2979
27 3281
11 3281 641
10 3281 3801
9 3281 9
28 3281 2786
29 3281 1069
30 3281 2874
30 3281 2942
30 3281 2930
27 3802
11 3802 641
10 3802 3803
10 3802 2093
11 3802 32
28 3802 2786
29 3802 926
30 3802 2962
30 3802 2921
30 3802 2979
30 3802 3804
27 3805
11 3805 650
10 3805 3806
10 3805 3807
10 3805 3808
10 3805 3809
28 3805 2786
29 3805 939
30 3805 1493
30 3805 3810
30 3805 2817
30 3805 2844
27 3811
11 3811 641
10 3811 3812
10 3811 3091
7 3811 93
28 3811 2786
29 3811 867
30 3811 2959
30 3811 2984
30 3811 1897
27 3813
11 3813 641
10 3813 3550
10 3813 3113
28 3813 2786
29 3813 1092
30 3813 1203
30 3813 2797
27 3814
11 3814 650
10 3814 3815
10 3814 3816
10 3814 3092
10 3814 3817
11 3814 20
28 3814 2786
29 3814 918
30 3814 2835
30 3814 2811
30 3814 3818
27 3733
11 3733 641
10 3733 3648
10 3733 3819
10 3733 3177
10 3733 3820
8 3733 67
8 3733 8
28 3733 2786
29 3733 843
30 3733 2861
30 3733 1568
30 3733 2874
30 3733 2798
31 3733 2924
27 3821
11 3821 650
28 3821 2786
29 3821 918
30 3821 1919
30 3821 2930
30 3821 2915
30 3821 2954
31 3821 2883
27 3822
11 3822 641
8 3822 73
8 3822 13
28 3822 2786
29 3822 860
30 3822 2867
30 3822 2963
30 3822 2821
30 3822 2959
27 3823
11 3823 641
8 3823 67
8 3823 93
9 3823 11
28 3823 2786
29 3823 1017
30 3823 1916
30 3823 1652
30 3823 2974
27 1384
11 1384 641
10 1384 3824
10 1384 3333
9 1384 93
28 1384 2786
29 1384 1119
30 1384 2835
30 1384 2874
30 1384 2894
27 3825
11 3825 650
10 3825 3826
10 3825 3827
10 3825 3828
10 3825 1701
28 3825 2786
29 3825 1388
30 3825 2803
30 3825 2962
30 3825 2942
30 3825 2947
27 3154
11 3154 650
10 3154 3829
28 3154 2786
29 3154 1155
30 3154 2867
30 3154 3830
30 3154 2860
27 3831
11 3831 641
10 3831 3683
10 3831 3832
10 3831 3817
9 3831 67
28 3831 2786
29 3831 918
30 3831 2856
30 3831 2822
30 3831 2851
30 3831 2889
27 3833
11 3833 641
6 3833 669
28 3833 2786
29 3833 891
30 3833 2822
30 3833 2874
31 3833 2970
27 3834
11 3834 641
10 3834 3835
8 3834 93
8 3834 88
9 3834 73
8 3834 11
11 3834 20
28 3834 2786
29 3834 1119
30 3834 2957
30 3834 2842
30 3834 778
30 3834 1475
31 3834 2823
27 3836
11 3836 650
10 3836 3837
10 3836 3838
8 3836 13
9 3836 11
9 3836 19
28 3836 2786
29 3836 939
30 3836 2963
30 3836 1568
27 3839
11 3839 650
10 3839 3840
11 3839 348
28 3839 2786
29 3839 1219
30 3839 2942
30 3839 2936
30 3839 2879
30 3839 2803
27 3841
11 3841 641
10 3841 3531
10 3841 3842
10 3841 3696
10 3841 2808
10 3841 3843
28 3841 2786
29 3841 947
30 3841 2827
30 3841 3844
30 3841 1919
30 3841 3845
31 3841 2961
27 3846
11 3846 650
6 3846 3847
6 3846 3848
10 3846 1561
8 3846 9
28 3846 2786
29 3846 955
30 3846 1919
30 3846 2954
30 3846 1580
27 3819
11 3819 641
10 3819 3540
10 3819 3849
28 3819 2786
29 3819 1092
30 3819 3850
30 3819 2812
30 3819 2826
31 3819 2789
27 3851
11 3851 641
10 3851 3329
10 3851 3852
10 3851 3853
10 3851 3854
10 3851 3433
7 3851 73
8 3851 9
7 3851 13
7 3851 8
28 3851 2786
29 3851 1174
30 3851 3855
30 3851 2968
30 3851 2932
27 3478
11 3478 641
10 3478 3856
10 3478 1088
10 3478 2858
9 3478 13
28 3478 2786
29 3478 1119
30 3478 2802
30 3478 2879
30 3478 2856
31 3478 2796
27 3857
11 3857 650
10 3857 3057
10 3857 3858
10 3857 3859
10 3857 3860
10 3857 3169
28 3857 2786
29 3857 1017
30 3857 2954
30 3857 2968
30 3857 3861
30 3857 2821
27 3622
11 3622 641
10 3622 3862
10 3622 1679
10 3622 3863
10 3622 3031
9 3622 13
8 3622 9
8 3622 8
28 3622 2786
29 3622 939
30 3622 2942
30 3622 2827
27 3864
11 3864 650
10 3864 3439
10 3864 896
8 3864 11
8 3864 9
28 3864 2786
29 3864 947
30 3864 2821
30 3864 1652
27 3743
11 3743 641
28 3743 2786
29 3743 998
30 3743 2894
30 3743 1919
27 3865
11 3865 650
10 3865 3666
7 3865 9
8 3865 88
28 3865 2786
29 3865 860
30 3865 2811
30 3865 1040
27 3010
11 3010 650
10 3010 3866
10 3010 3488
7 3010 8
7 3010 10
7 3010 73
8 3010 13
9 3010 11
28 3010 2786
29 3010 926
30 3010 2874
30 3010 2963
30 3010 2867
31 3010 2877
27 2213
11 2213 650
28 2213 2786
29 2213 1013
30 2213 2821
30 2213 2798
30 2213 2827
27 3867
11 3867 650
28 3867 2786
29 3867 871
30 3867 2850
30 3867 2802
30 3867 2941
30 3867 2879
31 3867 2854
27 3236
11 3236 641
10 3236 3444
10 3236 3868
10 3236 3217
9 3236 11
8 3236 93
28 3236 2786
29 3236 926
30 3236 3869
30 3236 2899
30 3236 2954
27 3870
11 3870 650
10 3870 3445
10 3870 3121
10 3870 3723
10 3870 3871
10 3870 1600
8 3870 73
8 3870 9
8 3870 8
8 3870 93
8 3870 19
11 3870 21
28 3870 2786
29 3870 959
30 3870 2975
30 3870 3872
30 3870 3873
27 1739
11 1739 641
10 1739 3874
10 1739 3513
28 1739 2786
29 1739 840
30 1739 2951
30 1739 2987
30 1739 2984
27 3875
11 3875 641
9 3875 11
28 3875 2786
29 3875 1231
30 3875 2969
30 3875 1203
30 3875 1040
27 3129
11 3129 641
10 3129 3169
28 3129 2786
29 3129 843
30 3129 2954
30 3129 2811
27 3876
11 3876 650
10 3876 3736
10 3876 3877
10 3876 3396
28 3876 2786
29 3876 959
30 3876 2821
30 3876 2968
27 3450
11 3450 650
28 3450 2786
29 3450 847
30 3450 1568
30 3450 2888
30 3450 2899
27 3878
11 3878 650
10 3878 3879
10 3878 3880
10 3878 278
10 3878 1434
28 3878 2786
29 3878 955
30 3878 2963
30 3878 2936
27 3881
11 3881 641
10 3881 2233
10 3881 3882
28 3881 2786
29 3881 1036
30 3881 2942
30 3881 2936
30 3881 2930
30 3881 3810
27 3224
11 3224 641
10 3224 3346
10 3224 3883
28 3224 2786
29 3224 1219
30 3224 2828
30 3224 2811
30 3224 1644
27 3884
11 3884 641
6 3884 3885
10 3884 3253
10 3884 3886
10 3884 3887
10 3884 3888
10 3884 3889
28 3884 2786
29 3884 900
30 3884 2948
30 3884 2867
30 3884 2920
27 3116
11 3116 641
10 3116 724
10 3116 3192
10 3116 3890
10 3116 3891
9 3116 19
28 3116 2786
29 3116 840
30 3116 2950
30 3116 2899
30 3116 2954
27 3598
11 3598 641
10 3598 1464
10 3598 3892
10 3598 620
9 3598 9
28 3598 2786
29 3598 860
30 3598 2849
30 3598 3893
30 3598 2797
27 3894
11 3894 650
10 3894 3817
9 3894 67
28 3894 2786
29 3894 902
30 3894 2904
30 3894 3895
30 3894 2975
30 3894 2959
27 3896
11 3896 650
10 3896 3897
10 3896 1535
10 3896 2996
8 3896 73
28 3896 2786
29 3896 1388
30 3896 2968
30 3896 2851
30 3896 1919
30 3896 1306
27 3898
11 3898 650
10 3898 3899
8 3898 11
8 3898 67
7 3898 8
28 3898 2786
29 3898 984
30 3898 2974
30 3898 3900
27 3901
11 3901 641
6 3901 3902
11 3901 74
28 3901 2786
29 3901 1219
30 3901 2802
30 3901 2879
27 1335
11 1335 650
10 1335 3903
10 1335 3904
10 1335 3905
10 1335 3906
10 1335 3907
8 1335 93
7 1335 73
8 1335 13
8 1335 11
11 1335 74
28 1335 2786
29 1335 959
30 1335 2802
30 1335 2941
30 1335 3908
30 1335 2910
27 3909
11 3909 650
10 3909 3070
11 3909 102
28 3909 2786
29 3909 888
30 3909 2862
30 3909 2974
27 3815
11 3815 641
10 3815 3480
10 3815 616
10 3815 3910
10 3815 964
10 3815 3911
7 3815 10
7 3815 73
7 3815 93
9 3815 9
28 3815 2786
29 3815 1174
30 3815 2798
30 3815 2979
30 3815 3830
30 3815 2899
31 3815 2906
27 3605
11 3605 650
10 3605 3912
10 3605 3181
10 3605 3913
9 3605 88
9 3605 11
9 3605 10
7 3605 73
9 3605 19
28 3605 2786
29 3605 1388
30 3605 2881
30 3605 2886
27 3914
11 3914 650
10 3914 1904
11 3914 32
11 3914 32
28 3914 2786
29 3914 881
30 3914 2979
30 3914 2896
27 3915
11 3915 641
10 3915 3273
9 3915 9
8 3915 13
28 3915 2786
29 3915 1069
30 3915 2812
30 3915 1897
30 3915 1040
30 3915 2968
27 3916
11 3916 641
10 3916 2988
10 3916 3060
9 3916 8
9 3916 10
11 3916 135
28 3916 2786
29 3916 860
30 3916 2798
30 3916 1247
30 3916 1040
31 3916 2846
27 1520
11 1520 641
10 1520 3917
10 1520 3918
10 1520 3919
11 1520 361
28 1520 2786
29 1520 908
30 1520 1580
30 1520 3920
30 1520 2811
30 1520 3921
27 2893
11 2893 641
10 2893 3922
10 2893 3923
10 2893 3316
7 2893 13
9 2893 73
7 2893 9
28 2893 2786
29 2893 918
30 2893 2984
30 2893 2812
30 2893 2910
30 2893 2904
31 2893 2795
27 3924
11 3924 650
10 3924 3028
10 3924 561
10 3924 284
10 3924 3925
10 3924 3181
9 3924 73
11 3924 102
28 3924 2786
29 3924 1388
30 3924 1652
30 3924 2921
30 3924 1644
30 3924 2879
27 3437
11 3437 650
10 3437 3926
10 3437 3605
10 3437 3927
9 3437 88
8 3437 10
7 3437 93
9 3437 73
9 3437 8
28 3437 2786
29 3437 930
30 3437 2798
30 3437 2975
30 3437 2803
27 3928
11 3928 641
10 3928 3049
10 3928 3020
10 3928 3929
28 3928 2786
29 3928 902
30 3928 1040
30 3928 3930
30 3928 1652
30 3928 2954
31 3928 2795
27 3890
11 3890 641
10 3890 3931
10 3890 3649
10 3890 3932
10 3890 3633
28 3890 2786
29 3890 867
30 3890 2850
30 3890 2950
31 3890 2865
27 3933
11 3933 650
28 3933 2786
29 3933 1036
30 3933 2052
30 3933 2947
30 3933 2894
27 532
11 532 641
9 532 8
9 532 93
11 532 361
28 532 2786
29 532 1119
30 532 2963
30 532 2903
30 532 2875
31 532 2848
27 3934
11 3934 641
10 3934 3935
10 3934 3936
28 3934 2786
29 3934 1155
30 3934 2922
30 3934 2035
30 3934 2903
30 3934 2861
27 3937
11 3937 641
10 3937 3938
10 3937 3939
10 3937 3940
10 3937 3539
10 3937 3941
8 3937 13
11 3937 21
11 3937 20
28 3937 2786
29 3937 930
30 3937 2861
30 3937 2836
30 3937 3942
30 3937 2812
27 3943
11 3943 650
10 3943 3944
10 3943 3945
10 3943 3946
10 3943 3782
10 3943 297
28 3943 2786
29 3943 1017
30 3943 2941
30 3943 2894
30 3943 2921
27 3947
11 3947 650
8 3947 88
28 3947 2786
29 3947 1388
30 3947 3948
30 3947 2874
30 3947 2942
27 3649
11 3649 650
10 3649 3618
10 3649 3888
10 3649 3949
10 3649 3950
10 3649 2274
8 3649 19
8 3649 13
8 3649 73
28 3649 2786
29 3649 1006
30 3649 2799
30 3649 2874
30 3649 3951
30 3649 3952
27 3953
11 3953 650
10 3953 1143
10 3953 3427
28 3953 2786
29 3953 1024
30 3953 3954
30 3953 3955
30 3953 2947
31 3953 393
27 3956
11 3956 641
6 3956 3957
10 3956 3281
10 3956 3119
10 3956 3958
10 3956 3192
10 3956 1993
28 3956 2786
29 3956 867
30 3956 2881
30 3956 3959
30 3956 1732
27 3082
11 3082 650
10 3082 3960
10 3082 3864
10 3082 3125
7 3082 93
8 3082 88
28 3082 2786
29 3082 888
30 3082 2797
30 3082 725
30 3082 2936
30 3082 2849
27 3084
11 3084 641
10 3084 2961
10 3084 3961
10 3084 3962
10 3084 3627
10 3084 3963
28 3084 2786
29 3084 853
30 3084 3964
30 3084 1040
30 3084 3965
30 3084 2843
27 70
11 70 650
10 70 3966
10 70 1164
8 70 19
11 70 361
28 70 2786
29 70 832
30 70 2856
30 70 2803
30 70 2979
30 70 2817
27 3967
11 3967 641
6 3967 3699
10 3967 3968
10 3967 3969
10 3967 3970
10 3967 3971
10 3967 3972
8 3967 67
8 3967 11
8 3967 13
9 3967 73
28 3967 2786
29 3967 871
30 3967 2963
30 3967 2947
30 3967 2827
30 3967 2941
27 3973
11 3973 641
10 3973 3974
10 3973 3182
10 3973 3975
10 3973 3976
28 3973 2786
29 3973 853
30 3973 2910
30 3973 2878
30 3973 3977
30 3973 1862
27 3978
11 3978 650
10 3978 3979
10 3978 3685
10 3978 1484
28 3978 2786
29 3978 1174
30 3978 3682
30 3978 2963
30 3978 1919
30 3978 2920
31 3978 2819
27 3034
11 3034 650
7 3034 11
28 3034 2786
29 3034 853
30 3034 2867
30 3034 2861
30 3034 3980
30 3034 1407
31 3034 2796
27 3562
11 3562 641
6 3562 3981
10 3562 3982
10 3562 1706
10 3562 3983
9 3562 8
28 3562 2786
29 3562 888
30 3562 2984
30 3562 1785
30 3562 2855
27 3035
11 3035 650
10 3035 3647
8 3035 9
8 3035 73
8 3035 19
9 3035 10
8 3035 67
28 3035 2786
29 3035 902
30 3035 2894
30 3035 2975
30 3035 2951
30 3035 2959
31 3035 2961
27 3161
11 3161 641
10 3161 3984
10 3161 3985
8 3161 73
11 3161 60
11 3161 102
28 3161 2786
29 3161 1155
30 3161 993
30 3161 2842
27 3986
11 3986 650
10 3986 1209
10 3986 3987
10 3986 1786
10 3986 3337
11 3986 32
28 3986 2786
29 3986 1219
30 3986 1580
30 3986 2963
27 3988
11 3988 650
10 3988 3989
10 3988 3990
8 3988 10
11 3988 135
28 3988 2786
29 3988 1036
30 3988 2842
30 3988 3991
30 3988 2799
27 2140
11 2140 641
10 2140 3992
10 2140 1143
9 2140 93
28 2140 2786
29 2140 1017
30 2140 2974
30 2140 2842
30 2140 985
30 2140 2920
27 3993
11 3993 650
10 3993 3994
28 3993 2786
29 3993 959
30 3993 3995
30 3993 3996
30 3993 2978
31 3993 2885
27 3147
11 3147 641
10 3147 3997
9 3147 88
8 3147 11
9 3147 19
28 3147 2786
29 3147 849
30 3147 2875
30 3147 2987
27 3165
11 3165 641
6 3165 3998
10 3165 3963
10 3165 3999
11 3165 74
11 3165 32
28 3165 2786
29 3165 955
30 3165 2850
30 3165 2860
30 3165 4000
30 3165 4001
27 3522
11 3522 641
10 3522 4002
10 3522 4003
28 3522 2786
29 3522 840
30 3522 2849
30 3522 2986
30 3522 985
30 3522 2836
27 3817
11 3817 641
10 3817 4004
28 3817 2786
29 3817 984
30 3817 2802
30 3817 2954
31 3817 731
27 4005
11 4005 650
7 4005 93
9 4005 88
28 4005 2786
29 4005 1006
30 4005 2975
30 4005 985
30 4005 2836
30 4005 2861
27 3177
11 3177 641
10 3177 3814
10 3177 3229
28 3177 2786
29 3177 1174
30 3177 2913
30 3177 921
27 4006
11 4006 641
10 4006 1167
11 4006 21
28 4006 2786
29 4006 860
30 4006 2835
30 4006 2843
31 4006 2790
27 3507
11 3507 650
10 3507 4007
8 3507 11
8 3507 9
11 3507 32
28 3507 2786
29 3507 1092
30 3507 4008
30 3507 2861
30 3507 1919
27 3320
11 3320 641
10 3320 172
10 3320 3915
10 3320 3814
10 3320 4009
8 3320 8
11 3320 20
28 3320 2786
29 3320 891
30 3320 2879
30 3320 2836
31 3320 2882
27 4010
11 4010 650
6 4010 248
10 4010 3464
10 4010 4011
11 4010 102
28 4010 2786
29 4010 1013
30 4010 1897
30 4010 4012
30 4010 1862
27 3065
11 3065 650
10 3065 3205
10 3065 4013
28 3065 2786
29 3065 913
30 3065 1389
30 3065 2797
27 4014
11 4014 650
10 4014 4015
10 4014 4016
11 4014 60
28 4014 2786
29 4014 881
30 4014 2850
30 4014 2879
27 4017
11 4017 650
10 4017 4018
10 4017 4019
10 4017 3299
10 4017 1728
10 4017 3764
7 4017 9
7 4017 10
8 4017 93
8 4017 8
11 4017 32
11 4017 60
28 4017 2786
29 4017 1069
30 4017 2836
30 4017 1862
30 4017 2826
27 4020
11 4020 641
28 4020 2786
29 4020 1092
30 4020 2904
30 4020 2803
30 4020 2861
30 4020 4021
27 4022
11 4022 650
10 4022 4023
10 4022 4024
10 4022 1739
10 4022 4025
10 4022 4026
8 4022 93
7 4022 9
8 4022 10
8 4022 13
11 4022 102
11 4022 20
28 4022 2786
29 4022 1174
30 4022 2947
30 4022 2881
30 4022 2817
30 4022 2807
27 3463
11 3463 650
10 3463 3012
10 3463 3217
8 3463 19
28 3463 2786
29 3463 939
30 3463 985
30 3463 2960
30 3463 2958
27 3188
11 3188 641
10 3188 3785
10 3188 4027
9 3188 11
28 3188 2786
29 3188 1119
30 3188 2910
30 3188 2903
30 3188 2827
27 3913
11 3913 650
10 3913 4028
10 3913 3966
10 3913 3343
10 3913 4029
8 3913 9
28 3913 2786
29 3913 1006
30 3913 2849
30 3913 2867
30 3913 2936
30 3913 2959
27 3124
11 3124 641
10 3124 3833
8 3124 93
28 3124 2786
29 3124 939
30 3124 2849
30 3124 2826
31 3124 2865
27 3333
11 3333 650
10 3333 3519
10 3333 4030
10 3333 4031
10 3333 3121
10 3333 1975
8 3333 73
28 3333 2786
29 3333 984
30 3333 2145
30 3333 2868
30 3333 2874
31 3333 2961
27 3354
11 3354 641
6 3354 4032
10 3354 4033
10 3354 2847
10 3354 4034
10 3354 4035
10 3354 3359
9 3354 8
8 3354 93
7 3354 9
11 3354 361
11 3354 32
28 3354 2786
29 3354 913
30 3354 1040
30 3354 1919
27 4036
11 4036 641
10 4036 3732
10 4036 996
10 4036 4037
10 4036 3542
10 4036 3092
28 4036 2786
29 4036 1119
30 4036 2968
30 4036 2821
27 4038
11 4038 641
10 4038 2999
8 4038 13
7 4038 93
28 4038 2786
29 4038 926
30 4038 2811
30 4038 1203
30 4038 2937
31 4038 2795
27 4039
11 4039 650
10 4039 3168
10 4039 2940
10 4039 4040
10 4039 3079
10 4039 4041
9 4039 19
28 4039 2786
29 4039 1017
30 4039 999
30 4039 2959
30 4039 2984
30 4039 2879
31 4039 724
27 4042
11 4042 641
10 4042 3507
10 4042 1542
10 4042 4043
11 4042 60
28 4042 2786
29 4042 939
30 4042 2867
30 4042 2979
30 4042 2800
31 4042 2823
27 3496
11 3496 641
28 3496 2786
29 3496 847
30 3496 2802
30 3496 2968
30 3496 2851
27 4044
11 4044 650
10 4044 3766
10 4044 4045
10 4044 4046
10 4044 2907
28 4044 2786
29 4044 1099
30 4044 2889
30 4044 2860
31 4044 2806
27 4047
11 4047 650
10 4047 4048
10 4047 3107
28 4047 2786
29 4047 1219
30 4047 2812
30 4047 2821
27 4049
11 4049 650
10 4049 4050
28 4049 2786
29 4049 984
30 4049 2850
30 4049 4051
30 4049 2958
30 4049 2968
27 3148
11 3148 641
10 3148 278
10 3148 4052
28 3148 2786
29 3148 998
30 3148 2879
30 3148 2899
30 3148 2978
30 3148 2903
27 4053
11 4053 650
9 4053 9
9 4053 73
9 4053 67
8 4053 11
28 4053 2786
29 4053 871
30 4053 2903
30 4053 2802
27 3370
11 3370 650
10 3370 4054
28 3370 2786
29 3370 867
30 3370 1568
30 3370 2942
30 3370 2913
30 3370 2887
27 4055
11 4055 650
10 4055 3010
10 4055 4056
11 4055 74
28 4055 2786
29 4055 888
30 4055 782
30 4055 2964
30 4055 2874
30 4055 2941
27 4057
11 4057 641
10 4057 4058
11 4057 361
28 4057 2786
29 4057 853
30 4057 2886
30 4057 2958
30 4057 2875
31 4057 2819
27 3871
11 3871 650
10 3871 3468
28 3871 2786
29 3871 926
30 3871 2860
30 3871 2835
30 3871 4059
27 3384
11 3384 641
10 3384 3388
10 3384 4060
10 3384 4061
28 3384 2786
29 3384 1219
30 3384 2878
30 3384 663
30 3384 4062
27 4063
11 4063 641
10 4063 3751
10 4063 461
28 4063 2786
29 4063 930
30 4063 1652
30 4063 1475
27 4064
11 4064 641
10 4064 3578
10 4064 3086
28 4064 2786
29 4064 1006
30 4064 1897
30 4064 2984
30 4064 2878
27 3019
11 3019 650
10 3019 4065
10 3019 4066
9 3019 67
7 3019 19
28 3019 2786
29 3019 843
30 3019 2821
30 3019 2805
30 3019 2947
30 3019 2802
27 3125
11 3125 650
10 3125 4067
10 3125 3510
10 3125 4068
10 3125 4069
10 3125 4070
8 3125 8
9 3125 67
8 3125 88
28 3125 2786
29 3125 840
30 3125 4071
30 3125 4072
30 3125 2930
27 4073
11 4073 650
6 4073 4074
11 4073 60
28 4073 2786
29 4073 930
30 4073 2951
30 4073 2886
27 3888
11 3888 650
6 3888 4075
10 3888 3165
28 3888 2786
29 3888 1155
30 3888 2867
30 3888 2792
30 3888 2904
27 3083
11 3083 641
8 3083 10
8 3083 9
9 3083 19
8 3083 93
8 3083 67
11 3083 102
28 3083 2786
29 3083 902
30 3083 2979
30 3083 1580
27 3992
11 3992 650
10 3992 4076
10 3992 3915
10 3992 3563
10 3992 3978
28 3992 2786
29 3992 984
30 3992 2878
30 3992 4077
30 3992 2802
31 3992 2924
27 4078
11 4078 641
7 4078 67
7 4078 9
7 4078 93
28 4078 2786
29 4078 900
30 4078 4079
30 4078 4080
31 4078 2815
27 3695
11 3695 650
10 3695 3510
10 3695 3690
10 3695 3696
9 3695 93
28 3695 2786
29 3695 1231
30 3695 2805
30 3695 2948
27 3275
11 3275 650
10 3275 4081
10 3275 3564
10 3275 4082
28 3275 2786
29 3275 843
30 3275 4083
30 3275 4084
27 3328
11 3328 650
6 3328 4085
10 3328 4086
10 3328 3695
10 3328 3263
10 3328 3913
8 3328 11
11 3328 74
28 3328 2786
29 3328 1006
30 3328 2860
30 3328 2798
27 3531
11 3531 641
10 3531 3121
10 3531 3914
10 3531 4087
28 3531 2786
29 3531 1231
30 3531 2849
30 3531 4088
27 3854
11 3854 641
10 3854 4089
28 3854 2786
29 3854 1017
30 3854 1644
30 3854 2903
30 3854 2826
30 3854 2827
27 3650
11 3650 641
10 3650 3144
28 3650 2786
29 3650 860
30 3650 2861
30 3650 2802
27 3321
11 3321 650
28 3321 2786
29 3321 1024
30 3321 2811
30 3321 2968
30 3321 2849
27 4090
11 4090 650
8 4090 11
28 4090 2786
29 4090 902
30 4090 4091
30 4090 1644
30 4090 2827
27 4092
11 4092 641
10 4092 3704
10 4092 4093
11 4092 60
28 4092 2786
29 4092 1312
30 4092 2811
30 4092 2803
30 4092 1615
27 3482
11 3482 641
10 3482 2999
28 3482 2786
29 3482 1119
30 3482 3964
30 3482 2950
27 3182
11 3182 650
10 3182 4094
10 3182 4095
10 3182 3749
10 3182 3354
28 3182 2786
29 3182 1024
30 3182 2950
30 3182 2878
30 3182 2812
30 3182 2835
27 3639
11 3639 641
10 3639 4096
10 3639 3668
10 3639 3846
10 3639 1520
10 3639 1434
8 3639 11
7 3639 8
28 3639 2786
29 3639 1013
30 3639 2836
30 3639 2911
27 3438
11 3438 641
10 3438 1744
8 3438 93
8 3438 10
8 3438 9
8 3438 8
28 3438 2786
29 3438 902
30 3438 1603
30 3438 1919
30 3438 2913
30 3438 2886
27 3397
11 3397 641
10 3397 3461
10 3397 4097
10 3397 3175
9 3397 11
28 3397 2786
29 3397 926
30 3397 2936
30 3397 2931
30 3397 2849
30 3397 1475
27 4098
11 4098 641
8 4098 8
28 4098 2786
29 4098 1017
30 4098 2843
30 4098 2797
30 4098 2903
27 3968
11 3968 641
10 3968 4099
10 3968 3361
10 3968 4100
11 3968 135
28 3968 2786
29 3968 1069
30 3968 2886
30 3968 2799
30 3968 4101
30 3968 2975
27 3291
11 3291 641
10 3291 3468
10 3291 3552
28 3291 2786
29 3291 959
30 3291 2903
30 3291 2963
30 3291 2947
27 3961
11 3961 641
11 3961 361
28 3961 2786
29 3961 926
30 3961 1919
30 3961 2942
30 3961 2861
27 3423
11 3423 650
10 3423 1811
10 3423 4102
10 3423 4103
10 3423 4104
10 3423 4105
8 3423 10
28 3423 2786
29 3423 888
30 3423 2798
30 3423 2836
30 3423 2835
27 3300
11 3300 641
10 3300 4106
10 3300 4107
10 3300 4089
28 3300 2786
29 3300 955
30 3300 2984
30 3300 985
27 3712
11 3712 650
10 3712 3464
10 3712 862
10 3712 4108
10 3712 4109
10 3712 4110
28 3712 2786
29 3712 867
30 3712 4111
30 3712 4112
27 4113
11 4113 641
10 4113 4114
28 4113 2786
29 4113 881
30 4113 2923
30 4113 2963
30 4113 2850
27 4115
11 4115 641
10 4115 4116
28 4115 2786
29 4115 1006
30 4115 2963
30 4115 2962
30 4115 921
30 4115 1897
27 1720
11 1720 641
10 1720 3691
10 1720 4117
10 1720 1027
10 1720 4118
10 1720 4119
28 1720 2786
29 1720 955
30 1720 1919
30 1720 4120
27 3220
11 3220 650
10 3220 4121
7 3220 11
28 3220 2786
29 3220 1006
30 3220 2849
30 3220 2842
30 3220 2878
27 4122
11 4122 650
9 4122 67
8 4122 88
7 4122 10
28 4122 2786
29 4122 959
30 4122 2957
30 4122 2903
30 4122 2821
30 4122 4123
27 3518
11 3518 650
8 3518 93
8 3518 9
11 3518 32
11 3518 135
28 3518 2786
29 3518 1388
30 3518 2849
30 3518 2867
30 3518 921
27 116
11 116 650
10 116 4124
10 116 4125
10 116 3177
10 116 4126
28 116 2786
29 116 1388
30 116 2951
30 116 4127
27 3464
11 3464 650
10 3464 3412
10 3464 1460
10 3464 4128
10 3464 4129
10 3464 4130
7 3464 9
9 3464 11
28 3464 2786
29 3464 1231
30 3464 2886
30 3464 2867
30 3464 1407
27 4131
11 4131 650
9 4131 88
8 4131 93
11 4131 135
28 4131 2786
29 4131 867
30 4131 2821
30 4131 2957
30 4131 2843
27 4046
11 4046 641
10 4046 4132
10 4046 4133
10 4046 4092
10 4046 2988
11 4046 60
11 4046 102
28 4046 2786
29 4046 832
30 4046 2979
30 4046 2855
30 4046 2950
27 3987
11 3987 641
10 3987 3834
10 3987 3161
10 3987 4134
8 3987 88
28 3987 2786
29 3987 871
30 3987 2802
30 3987 2899
30 3987 2855
27 3697
11 3697 641
10 3697 3025
10 3697 3655
9 3697 93
8 3697 9
28 3697 2786
29 3697 908
30 3697 921
30 3697 2942
27 3490
11 3490 641
10 3490 3566
9 3490 11
8 3490 93
8 3490 73
7 3490 9
28 3490 2786
29 3490 1099
30 3490 921
30 3490 2850
30 3490 4135
31 3490 2830
27 4136
11 4136 650
10 4136 315
10 4136 3019
10 4136 4137
10 4136 3576
10 4136 3574
28 4136 2786
29 4136 1069
30 4136 1475
30 4136 2843
31 4136 2810
27 3365
11 3365 650
10 3365 449
8 3365 13
8 3365 19
28 3365 2786
29 3365 984
30 3365 2850
30 3365 2879
27 4138
11 4138 650
10 4138 4139
8 4138 73
28 4138 2786
29 4138 891
30 4138 2803
30 4138 4140
27 3153
11 3153 641
10 3153 4141
28 3153 2786
29 3153 871
30 3153 4142
30 3153 2879
27 4143
11 4143 650
10 4143 4144
10 4143 4145
10 4143 1195
10 4143 1728
10 4143 4146
8 4143 9
9 4143 93
11 4143 102
28 4143 2786
29 4143 840
30 4143 2886
30 4143 2978
30 4143 2963
27 4147
11 4147 641
10 4147 3755
10 4147 3650
10 4147 4148
10 4147 3451
10 4147 278
9 4147 73
11 4147 361
28 4147 2786
29 4147 947
30 4147 2974
30 4147 1644
30 4147 921
30 4147 2849
27 3041
11 3041 641
10 3041 4149
10 3041 4150
10 3041 587
10 3041 4151
28 3041 2786
29 3041 918
30 3041 4152
30 3041 2947
27 3759
11 3759 650
10 3759 4115
10 3759 4153
8 3759 8
11 3759 20
28 3759 2786
29 3759 1231
30 3759 4154
30 3759 2921
30 3759 2899
30 3759 2867
27 4155
11 4155 641
10 4155 4156
10 4155 4157
10 4155 4057
10 4155 4158
10 4155 4159
28 4155 2786
29 4155 1013
30 4155 2936
30 4155 1580
27 2982
11 2982 641
10 2982 3165
10 2982 1574
8 2982 8
9 2982 10
28 2982 2786
29 2982 1119
30 2982 2942
30 2982 2798
27 4160
11 4160 641
6 4160 4161
10 4160 3211
10 4160 3639
8 4160 10
8 4160 19
7 4160 88
28 4160 2786
29 4160 847
30 4160 2894
30 4160 2962
30 4160 2979
27 3611
11 3611 641
6 3611 1317
10 3611 2274
10 3611 3961
10 3611 3319
10 3611 3509
10 3611 3761
28 3611 2786
29 3611 1155
30 3611 2807
30 3611 2797
27 3039
11 3039 641
8 3039 67
11 3039 361
11 3039 60
28 3039 2786
29 3039 1388
30 3039 2849
30 3039 1203
30 3039 2899
30 3039 2894
27 3645
11 3645 641
10 3645 4162
10 3645 2995
28 3645 2786
29 3645 1092
30 3645 2899
30 3645 2954
27 4163
11 4163 641
10 4163 4164
10 4163 3506
10 4163 4165
28 4163 2786
29 4163 1006
30 4163 4166
30 4163 675
27 2135
11 2135 650
10 2135 4167
10 2135 3598
10 2135 3530
11 2135 32
28 2135 2786
29 2135 1312
30 2135 2812
30 2135 1897
27 4168
11 4168 641
10 4168 4169
10 4168 3448
10 4168 1346
28 4168 2786
29 4168 1069
30 4168 2979
30 4168 2968
27 4170
11 4170 641
10 4170 4171
10 4170 4168
9 4170 10
28 4170 2786
29 4170 867
30 4170 4172
30 4170 4173
30 4170 2835
30 4170 2843
27 3511
11 3511 650
10 3511 2906
10 3511 4174
10 3511 3281
10 3511 3478
28 3511 2786
29 3511 891
30 3511 2943
30 3511 2984
27 4175
11 4175 650
10 4175 3888
11 4175 74
11 4175 348
28 4175 2786
29 4175 1219
30 4175 2951
30 4175 2022
30 4175 1475
27 4176
11 4176 641
6 4176 4177
10 4176 3402
28 4176 2786
29 4176 1024
30 4176 1580
30 4176 2835
30 4176 1629
27 1392
11 1392 641
10 1392 3299
10 1392 3834
10 1392 3036
9 1392 88
11 1392 60
28 1392 2786
29 1392 998
30 1392 2879
30 1392 2887
30 1392 1862
30 1392 2826
27 227
11 227 650
10 227 3170
10 227 4178
10 227 4179
10 227 4180
8 227 88
28 227 2786
29 227 888
30 227 2986
30 227 2843
30 227 2974
30 227 4181
27 4182
11 4182 650
10 4182 4183
10 4182 3683
10 4182 3296
10 4182 4017
10 4182 4184
11 4182 32
11 4182 135
28 4182 2786
29 4182 871
30 4182 2979
30 4182 2899
30 4182 2875
31 4182 2848
27 4114
11 4114 641
10 4114 4185
10 4114 4186
10 4114 3029
10 4114 4187
10 4114 3432
8 4114 19
9 4114 88
7 4114 9
8 4114 11
8 4114 8
28 4114 2786
29 4114 947
30 4114 2850
30 4114 4188
27 4189
11 4189 641
10 4189 4190
10 4189 4191
8 4189 13
7 4189 93
11 4189 135
11 4189 102
28 4189 2786
29 4189 1013
30 4189 2930
30 4189 2856
30 4189 2821
27 4192
11 4192 641
10 4192 3639
10 4192 3779
10 4192 4193
10 4192 3820
7 4192 88
8 4192 13
7 4192 8
28 4192 2786
29 4192 1174
30 4192 2843
30 4192 2836
30 4192 2904
27 4194
11 4194 641
10 4194 3299
10 4194 4178
28 4194 2786
29 4194 860
30 4194 985
30 4194 2798
30 4194 2860
30 4194 2821
31 4194 731
27 4066
11 4066 641
10 4066 3116
10 4066 4195
10 4066 3978
10 4066 3909
8 4066 93
11 4066 74
11 4066 135
28 4066 2786
29 4066 1219
30 4066 2867
30 4066 2797
27 4196
11 4196 650
10 4196 4197
9 4196 13
11 4196 60
28 4196 2786
29 4196 1013
30 4196 2962
30 4196 2875
30 4196 1475
30 4196 2843
31 4196 2883
27 4198
11 4198 641
10 4198 3776
8 4198 8
28 4198 2786
29 4198 1174
30 4198 1897
30 4198 2942
30 4198 2860
27 3252
11 3252 641
10 3252 4199
10 3252 4200
10 3252 983
10 3252 4201
10 3252 63
8 3252 19
11 3252 32
28 3252 2786
29 3252 840
30 3252 2867
30 3252 2969
30 3252 2827
30 3252 2812
27 4202
11 4202 650
9 4202 88
11 4202 102
28 4202 2786
29 4202 1013
30 4202 1475
30 4202 2921
30 4202 2975
27 4203
11 4203 650
10 4203 3488
10 4203 3287
10 4203 4163
8 4203 13
8 4203 10
28 4203 2786
29 4203 1174
30 4203 1919
30 4203 921
30 4203 2936
30 4203 2797
27 3575
11 3575 650
10 3575 3924
10 3575 3046
10 3575 3527
8 3575 10
28 3575 2786
29 3575 860
30 3575 2948
30 3575 4204
30 3575 1407
27 2998
11 2998 641
6 2998 4205
10 2998 4206
10 2998 3652
10 2998 4207
10 2998 4044
28 2998 2786
29 2998 1174
30 2998 2812
30 2998 2804
30 2998 1652
30 2998 2921
27 3887
11 3887 641
10 3887 4208
10 3887 3622
10 3887 339
10 3887 4209
8 3887 93
8 3887 8
7 3887 73
8 3887 10
9 3887 11
28 3887 2786
29 3887 1017
30 3887 2860
30 3887 3050
27 3530
11 3530 650
10 3530 3131
10 3530 4210
9 3530 67
9 3530 73
28 3530 2786
29 3530 1092
30 3530 2954
30 3530 1203
30 3530 2802
27 3352
11 3352 650
10 3352 4211
10 3352 3963
10 3352 3204
9 3352 11
28 3352 2786
29 3352 918
30 3352 2874
30 3352 4212
27 4213
11 4213 641
10 4213 4214
7 4213 9
8 4213 11
28 4213 2786
29 4213 849
30 4213 2959
30 4213 1580
27 3149
11 3149 641
10 3149 3675
10 3149 3594
10 3149 4215
10 3149 4216
9 3149 13
28 3149 2786
29 3149 984
30 3149 1919
30 3149 1580
30 3149 2904
30 3149 2936
27 4217
11 4217 650
7 4217 13
7 4217 93
28 4217 2786
29 4217 1069
30 4217 985
30 4217 2930
30 4217 2803
27 4218
11 4218 641
28 4218 2786
29 4218 1036
30 4218 2827
30 4218 2850
30 4218 2802
30 4218 2791
27 3999
11 3999 650
8 3999 10
8 3999 9
7 3999 19
28 3999 2786
29 3999 871
30 3999 1668
30 3999 2802
30 3999 4219
27 4220
11 4220 650
10 4220 3259
10 4220 3044
28 4220 2786
29 4220 1017
30 4220 1475
30 4220 2980
27 3029
11 3029 650
10 3029 3928
10 3029 3276
11 3029 60
28 3029 2786
29 3029 847
30 3029 2974
30 3029 2860
27 4221
11 4221 641
10 4221 3637
10 4221 3031
8 4221 88
9 4221 13
28 4221 2786
29 4221 840
30 4221 2921
30 4221 2976
27 3074
11 3074 641
10 3074 4222
10 3074 4223
10 3074 4090
7 3074 19
11 3074 74
28 3074 2786
29 3074 891
30 3074 2979
30 3074 2861
30 3074 2843
27 4224
11 4224 650
10 4224 4225
10 4224 4226
10 4224 4227
28 4224 2786
29 4224 1174
30 4224 1568
30 4224 1862
30 4224 2984
30 4224 2947
27 3342
11 3342 650
9 3342 67
11 3342 20
28 3342 2786
29 3342 1119
30 3342 1919
30 3342 1203
30 3342 2942
27 3976
11 3976 650
28 3976 2786
29 3976 939
30 3976 2920
30 3976 2798
30 3976 4228
30 3976 2958
27 3408
11 3408 641
10 3408 4229
28 3408 2786
29 3408 1024
30 3408 4230
30 3408 2947
30 3408 2920
30 3408 2980
27 3092
11 3092 641
10 3092 4231
10 3092 3987
10 3092 4232
10 3092 1180
10 3092 3518
7 3092 10
9 3092 8
9 3092 67
9 3092 13
11 3092 74
28 3092 2786
29 3092 1036
30 3092 2957
30 3092 1475
30 3092 1897
30 3092 2875
27 3247
11 3247 650
10 3247 3137
10 3247 3079
10 3247 3149
7 3247 11
7 3247 67
28 3247 2786
29 3247 888
30 3247 2894
30 3247 2962
30 3247 2975
27 3243
11 3243 641
10 3243 4233
10 3243 4234
10 3243 4113
11 3243 348
28 3243 2786
29 3243 900
30 3243 1093
30 3243 1785
31 3243 2823
27 4235
11 4235 650
10 4235 2099
10 4235 3044
10 4235 4236
10 4235 4237
9 4235 88
9 4235 9
8 4235 93
11 4235 32
11 4235 74
28 4235 2786
29 4235 849
30 4235 2921
30 4235 1644
30 4235 2936
30 4235 2879
27 4238
11 4238 650
8 4238 9
28 4238 2786
29 4238 930
30 4238 2861
30 4238 2936
27 3539
11 3539 650
7 3539 10
11 3539 102
28 3539 2786
29 3539 947
30 3539 4239
30 3539 4240
30 3539 2980
30 3539 2867
31 3539 2864
27 3356
11 3356 641
10 3356 4241
10 3356 3913
10 3356 4242
9 3356 67
28 3356 2786
29 3356 1099
30 3356 2979
30 3356 2941
30 3356 2861
30 3356 2942
27 3984
11 3984 650
6 3984 1029
10 3984 4243
10 3984 3535
10 3984 3639
10 3984 1848
10 3984 4244
8 3984 11
8 3984 9
9 3984 73
7 3984 93
28 3984 2786
29 3984 955
30 3984 2958
30 3984 2868
30 3984 4245
27 4210
11 4210 650
10 4210 515
28 4210 2786
29 4210 832
30 4210 1568
30 4210 2850
30 4210 2979
30 4210 1203
27 3820
11 3820 641
10 3820 4246
10 3820 4247
10 3820 4248
8 3820 73
11 3820 361
28 3820 2786
29 3820 984
30 3820 4249
30 3820 2836
27 4250
11 4250 641
10 4250 2317
10 4250 4251
10 4250 3185
10 4250 550
28 4250 2786
29 4250 843
30 4250 2921
30 4250 2947
27 4252
11 4252 650
10 4252 3242
10 4252 1303
28 4252 2786
29 4252 888
30 4252 2821
30 4252 2959
27 4253
11 4253 650
10 4253 1394
8 4253 9
28 4253 2786
29 4253 998
30 4253 1580
30 4253 772
30 4253 2802
30 4253 2944
31 4253 2789
27 4254
11 4254 641
10 4254 2213
10 4254 3562
10 4254 4255
8 4254 10
28 4254 2786
29 4254 853
30 4254 2821
30 4254 2803
27 3325
11 3325 641
10 3325 3896
10 3325 4256
10 3325 4257
8 3325 9
11 3325 361
28 3325 2786
29 3325 881
30 3325 2913
30 3325 1407
27 3655
11 3655 650
6 3655 4258
10 3655 4259
10 3655 4260
10 3655 4261
10 3655 4262
10 3655 4263
28 3655 2786
29 3655 918
30 3655 2838
30 3655 4264
27 3139
11 3139 641
10 3139 2823
10 3139 3044
10 3139 3520
10 3139 127
10 3139 4265
7 3139 8
28 3139 2786
29 3139 871
30 3139 1897
30 3139 2879
30 3139 2894
30 3139 2878
27 4266
11 4266 650
10 4266 1809
10 4266 4267
10 4266 4198
10 4266 4268
10 4266 4269
28 4266 2786
29 4266 1092
30 4266 1919
30 4266 2920
30 4266 2874
30 4266 2942
27 1147
11 1147 641
8 1147 88
7 1147 10
28 1147 2786
29 1147 947
30 1147 2963
30 1147 4270
30 1147 2958
30 1147 1862
27 4190
11 4190 641
10 4190 4271
10 4190 2291
10 4190 4192
9 4190 93
28 4190 2786
29 4190 1312
30 4190 1407
30 4190 2947
27 3142
11 3142 641
28 3142 2786
29 3142 1013
30 3142 2920
30 3142 2894
30 3142 2792
30 3142 2936
27 3350
11 3350 641
28 3350 2786
29 3350 881
30 3350 2849
30 3350 761
30 3350 1407
27 3459
11 3459 641
10 3459 4272
10 3459 4273
10 3459 4018
10 3459 3775
8 3459 11
7 3459 9
28 3459 2786
29 3459 1388
30 3459 2861
30 3459 2875
27 4274
11 4274 650
10 4274 4275
7 4274 73
9 4274 13
28 4274 2786
29 4274 913
30 4274 2951
30 4274 2843
30 4274 2944
30 4274 2894
27 3053
11 3053 641
10 3053 3430
28 3053 2786
29 3053 918
30 3053 2968
30 3053 4276
27 3087
11 3087 650
28 3087 2786
29 3087 902
30 3087 2861
30 3087 1862
30 3087 2903
30 3087 4277
27 3843
11 3843 650
10 3843 414
10 3843 4278
10 3843 4279
10 3843 3852
7 3843 73
28 3843 2786
29 3843 891
30 3843 2942
30 3843 2802
30 3843 2843
31 3843 2906
27 4280
11 4280 650
10 4280 4281
10 4280 2012
7 4280 73
8 4280 88
28 4280 2786
29 4280 1119
30 4280 2879
30 4280 4282
27 3181
11 3181 650
10 3181 4283
10 3181 4284
28 3181 2786
29 3181 1069
30 3181 2964
30 3181 2894
30 3181 2879
30 3181 2921
27 4285
11 4285 650
6 4285 4286
10 4285 1392
10 4285 3976
10 4285 3483
8 4285 93
28 4285 2786
29 4285 1036
30 4285 2827
30 4285 2861
30 4285 2903
30 4285 2968
27 3794
11 3794 641
10 3794 2890
10 3794 4287
10 3794 3421
28 3794 2786
29 3794 900
30 3794 2875
30 3794 2974
32 4284
11 4284 650
10 4284 1010
10 4284 4288
10 4284 4289
10 4284 3264
10 4284 3668
8 4284 9
9 4284 13
8 4284 10
7 4284 11
8 4284 88
28 4284 2786
29 4284 843
17 4284 653
30 4284 2980
30 4284 2804
30 4284 2915
31 4284 2864
32 3276
11 3276 650
10 3276 4290
10 3276 3430
28 3276 2786
29 3276 849
17 3276 654
30 3276 2937
30 3276 2960
31 3276 393
32 2927
11 2927 641
8 2927 67
28 2927 2786
29 2927 891
17 2927 643
30 2927 2804
30 2927 2805
31 2927 2790
32 4291
11 4291 650
6 4291 4292
10 4291 4293
10 4291 4250
10 4291 459
10 4291 3435
28 4291 2786
29 4291 1069
17 4291 654
30 4291 2799
30 4291 2923
30 4291 2932
31 4291 2890
32 3563
11 3563 650
10 3563 3350
10 3563 4294
10 3563 4057
10 3563 4295
28 3563 2786
29 3563 881
17 3563 643
30 3563 1613
30 3563 2957
30 3563 2951
31 3563 2808
32 3429
11 3429 641
7 3429 11
9 3429 10
28 3429 2786
29 3429 849
17 3429 654
30 3429 2813
30 3429 2976
30 3429 2838
31 3429 2859
32 4296
11 4296 650
6 4296 3923
7 4296 10
28 4296 2786
29 4296 853
17 4296 642
30 4296 2951
30 4296 2931
30 4296 2868
31 4296 393
32 3439
11 3439 641
28 3439 2786
29 3439 959
17 3439 0
30 3439 2987
30 3439 2901
30 3439 4297
31 3439 393
32 2858
11 2858 641
6 2858 4298
10 2858 4299
28 2858 2786
29 2858 1099
17 2858 0
30 2858 2944
30 2858 2828
31 2858 2846
32 3175
11 3175 641
7 3175 67
11 3175 361
28 3175 2786
29 3175 900
17 3175 643
30 3175 2896
30 3175 4300
31 3175 2808
32 4301
11 4301 650
10 4301 3497
10 4301 4302
9 4301 93
11 4301 74
28 4301 2786
29 4301 1024
17 4301 643
30 4301 4303
30 4301 4304
31 4301 2864
32 3648
11 3648 650
10 3648 4305
10 3648 3235
10 3648 4155
10 3648 3099
28 3648 2786
29 3648 1069
17 3648 643
30 3648 2943
30 3648 2792
30 3648 2852
31 3648 2789
32 3100
11 3100 650
10 3100 4306
10 3100 4036
8 3100 11
28 3100 2786
29 3100 860
17 3100 653
30 3100 2828
30 3100 2986
31 3100 2865
32 4307
11 4307 650
10 4307 3257
10 4307 4308
10 4307 4309
28 4307 2786
29 4307 1174
17 4307 654
30 4307 2976
30 4307 2951
30 4307 2857
31 4307 731
32 3172
11 3172 650
10 3172 1250
10 3172 4310
10 3172 4311
10 3172 4312
28 3172 2786
29 3172 891
17 3172 653
30 3172 2987
30 3172 2901
31 3172 2796
32 3402
11 3402 650
10 3402 4313
10 3402 3244
10 3402 4268
10 3402 4314
28 3402 2786
29 3402 939
17 3402 642
30 3402 2888
30 3402 2807
31 3402 724
32 4315
11 4315 650
8 4315 8
8 4315 19
8 4315 13
28 4315 2786
29 4315 939
17 4315 642
30 4315 4316
30 4315 2951
30 4315 2837
31 4315 2815
32 3519
11 3519 650
10 3519 4317
10 3519 3326
10 3519 4318
10 3519 3220
10 3519 4319
8 3519 19
28 3519 2786
29 3519 849
17 3519 642
30 3519 4297
30 3519 2985
31 3519 2808
32 3244
11 3244 641
10 3244 4320
10 3244 4321
10 3244 4322
10 3244 4323
7 3244 8
28 3244 2786
29 3244 1219
17 3244 653
30 3244 2162
30 3244 2845
31 3244 2890
32 3474
11 3474 650
10 3474 4073
28 3474 2786
29 3474 1006
17 3474 0
30 3474 2957
30 3474 2813
31 3474 2864
32 4018
11 4018 641
10 4018 4324
10 4018 4325
10 4018 3280
10 4018 4042
8 4018 88
7 4018 11
11 4018 32
11 4018 20
28 4018 2786
29 4018 947
17 4018 654
30 4018 2800
30 4018 2922
30 4018 2805
31 4018 2795
32 2996
11 2996 641
28 2996 2786
29 2996 840
17 2996 654
30 2996 2887
30 2996 4326
31 2996 2795
32 4183
11 4183 641
10 4183 3182
10 4183 3999
10 4183 4327
10 4183 4328
9 4183 67
28 4183 2786
29 4183 959
17 4183 654
30 4183 2862
30 4183 2981
31 4183 2823
32 3690
11 3690 650
10 3690 1209
10 3690 3607
10 3690 3383
10 3690 3924
10 3690 3817
28 3690 2786
29 3690 871
17 3690 642
30 3690 2944
30 3690 2896
30 3690 2933
31 3690 2806
32 3637
11 3637 650
10 3637 3282
10 3637 4329
10 3637 4163
28 3637 2786
29 3637 1099
17 3637 653
30 3637 2791
30 3637 2976
30 3637 2931
31 3637 2806
32 4027
11 4027 650
10 4027 838
10 4027 4014
11 4027 74
28 4027 2786
29 4027 926
17 4027 0
30 4027 2863
30 4027 4330
31 4027 2808
32 3624
11 3624 650
11 3624 60
28 3624 2786
29 3624 1219
17 3624 642
30 3624 4331
30 3624 2923
30 3624 2916
31 3624 724
32 4332
11 4332 641
10 4332 4250
10 4332 2135
10 4332 2252
9 4332 93
8 4332 73
9 4332 11
8 4332 88
11 4332 102
28 4332 2786
29 4332 871
17 4332 643
30 4332 2948
30 4332 2857
31 4332 2885
32 4333
11 4333 641
10 4333 2999
10 4333 3231
10 4333 4334
10 4333 4335
28 4333 2786
29 4333 1006
17 4333 642
30 4333 2922
30 4333 2162
30 4333 2931
31 4333 2806
32 1261
11 1261 650
8 1261 13
8 1261 88
8 1261 19
7 1261 10
8 1261 73
11 1261 20
11 1261 60
28 1261 2786
29 1261 1036
17 1261 654
30 1261 4336
30 1261 4337
30 1261 2976
31 1261 731
32 3785
11 3785 641
10 3785 4338
28 3785 2786
29 3785 1174
17 3785 0
30 3785 2932
30 3785 2851
30 3785 2828
31 3785 2796
32 3448
11 3448 650
10 3448 3026
10 3448 4339
28 3448 2786
29 3448 1219
17 3448 0
30 3448 4340
30 3448 2905
30 3448 2837
31 3448 2949
32 3647
11 3647 650
28 3647 2786
29 3647 867
17 3647 642
30 3647 4341
30 3647 2822
31 3647 2830
32 1769
11 1769 650
10 1769 1384
10 1769 3296
10 1769 4342
10 1769 3745
11 1769 60
11 1769 21
28 1769 2786
29 1769 1388
17 1769 653
30 1769 2986
30 1769 2804
30 1769 4343
31 1769 2815
32 4344
11 4344 641
10 4344 3278
10 4344 3220
10 4344 4345
10 4344 3825
11 4344 60
28 4344 2786
29 4344 984
17 4344 0
30 4344 2852
30 4344 2896
30 4344 2791
31 4344 2823
32 4346
11 4346 650
8 4346 9
8 4346 93
7 4346 88
8 4346 11
28 4346 2786
29 4346 871
17 4346 0
30 4346 2869
30 4346 2800
31 4346 2970
32 3828
11 3828 641
10 3828 4347
10 3828 1280
10 3828 4348
9 3828 93
9 3828 73
8 3828 9
8 3828 8
7 3828 13
28 3828 2786
29 3828 900
17 3828 0
30 3828 2863
30 3828 2944
31 3828 393
32 4349
11 4349 641
10 4349 3628
10 4349 4350
10 4349 4351
7 4349 13
11 4349 32
11 4349 20
28 4349 2786
29 4349 1155
17 4349 654
30 4349 2931
30 4349 2914
30 4349 2978
31 4349 2871
32 3990
11 3990 641
6 3990 4352
10 3990 4235
10 3990 3881
10 3990 4353
10 3990 4354
9 3990 9
8 3990 88
11 3990 60
28 3990 2786
29 3990 1219
17 3990 653
30 3990 2969
30 3990 2895
30 3990 2805
31 3990 2806
32 3508
11 3508 641
10 3508 3235
8 3508 19
7 3508 67
28 3508 2786
29 3508 930
17 3508 654
30 3508 2818
30 3508 2852
31 3508 2970
32 3903
11 3903 650
7 3903 19
28 3903 2786
29 3903 1006
17 3903 654
30 3903 2937
30 3903 4355
30 3903 2915
31 3903 2934
32 3975
11 3975 650
10 3975 3003
10 3975 1434
10 3975 4356
10 3975 4357
10 3975 3153
11 3975 21
11 3975 32
28 3975 2786
29 3975 881
17 3975 643
30 3975 2955
30 3975 2829
31 3975 2871
32 3513
11 3513 641
10 3513 4358
10 3513 4359
10 3513 4360
10 3513 3351
10 3513 3281
9 3513 67
7 3513 13
28 3513 2786
29 3513 930
17 3513 643
30 3513 824
30 3513 2955
31 3513 2883
32 4361
11 4361 650
10 4361 3313
10 4361 3287
8 4361 9
28 4361 2786
29 4361 840
17 4361 643
30 4361 2933
30 4361 2937
31 4361 2859
32 3308
11 3308 641
10 3308 3352
28 3308 2786
29 3308 891
17 3308 654
30 3308 2948
30 3308 2964
30 3308 2931
31 3308 2848
32 374
11 374 650
28 374 2786
29 374 888
17 374 654
30 374 2978
30 374 2837
31 374 2877
32 3093
11 3093 641
10 3093 4362
10 3093 4363
10 3093 4044
9 3093 11
8 3093 88
28 3093 2786
29 3093 1092
17 3093 643
30 3093 2978
30 3093 1613
30 3093 2852
31 3093 2810
32 4364
11 4364 641
10 4364 4365
10 4364 3211
10 4364 1175
10 4364 4366
8 4364 8
28 4364 2786
29 4364 1092
17 4364 654
30 4364 4367
30 4364 2807
30 4364 2969
31 4364 2864
32 4368
11 4368 650
10 4368 4369
10 4368 941
10 4368 4370
28 4368 2786
29 4368 930
17 4368 642
30 4368 4371
30 4368 2869
30 4368 2844
31 4368 393
32 4372
11 4372 641
10 4372 4373
10 4372 3263
8 4372 93
7 4372 73
9 4372 9
7 4372 8
28 4372 2786
29 4372 1036
17 4372 653
30 4372 2869
30 4372 2829
31 4372 2841
32 4374
11 4374 650
10 4374 1720
10 4374 442
10 4374 4375
28 4374 2786
29 4374 959
17 4374 642
30 4374 2896
30 4374 2955
31 4374 2883
32 4376
11 4376 641
28 4376 2786
29 4376 1024
17 4376 0
30 4376 2914
30 4376 4377
30 4376 2977
31 4376 724
32 3963
11 3963 641
6 3963 4378
10 3963 4379
10 3963 3414
10 3963 4380
8 3963 73
11 3963 102
28 3963 2786
29 3963 1036
17 3963 0
30 3963 2791
30 3963 2964
31 3963 2841
32 4381
11 4381 641
10 4381 4382
10 4381 2847
10 4381 3901
7 4381 13
28 4381 2786
29 4381 1013
17 4381 642
30 4381 2987
30 4381 2931
31 4381 2815
32 4169
11 4169 641
6 4169 4383
10 4169 3909
10 4169 3096
10 4169 4384
10 4169 4385
11 4169 32
28 4169 2786
29 4169 908
17 4169 0
30 4169 2960
30 4169 2905
31 4169 2924
32 4110
11 4110 641
10 4110 3252
10 4110 4109
11 4110 135
28 4110 2786
29 4110 913
17 4110 643
30 4110 2868
30 4110 2951
31 4110 2924
32 3656
11 3656 650
10 3656 3603
7 3656 88
28 3656 2786
29 3656 918
17 3656 654
30 3656 2805
30 3656 2951
31 3656 2819
32 3640
11 3640 650
10 3640 3438
10 3640 3521
7 3640 13
28 3640 2786
29 3640 1231
17 3640 0
30 3640 2938
30 3640 2932
30 3640 2863
31 3640 2810
32 487
11 487 650
28 487 2786
29 487 1388
17 487 642
30 487 2987
30 487 4386
30 487 2813
31 487 2859
32 3259
11 3259 650
10 3259 4036
10 3259 3839
10 3259 3592
8 3259 13
28 3259 2786
29 3259 1388
17 3259 653
30 3259 2162
30 3259 2987
30 3259 2937
31 3259 2882
32 4387
11 4387 641
10 4387 4388
10 4387 3875
10 4387 4156
10 4387 3116
28 4387 2786
29 4387 1231
17 4387 0
30 4387 2800
30 4387 2981
31 4387 2790
32 4389
11 4389 641
10 4389 4390
10 4389 3326
10 4389 4391
10 4389 1540
28 4389 2786
29 4389 998
17 4389 653
30 4389 2915
30 4389 2799
31 4389 2865
32 328
11 328 641
10 328 3751
8 328 13
8 328 67
28 328 2786
29 328 1069
17 328 642
30 328 2863
30 328 2987
30 328 2938
31 328 731
32 3407
11 3407 650
10 3407 4392
10 3407 4393
10 3407 3624
10 3407 4394
28 3407 2786
29 3407 1219
17 3407 643
30 3407 2888
30 3407 2162
31 3407 2795
32 2831
11 2831 641
10 2831 4395
10 2831 4396
10 2831 3353
28 2831 2786
29 2831 926
17 2831 653
30 2831 2915
30 2831 2813
30 2831 2960
31 2831 2970
32 4302
11 4302 641
10 4302 4397
8 4302 13
28 4302 2786
29 4302 1036
17 4302 654
30 4302 2981
30 4302 2978
31 4302 2848
32 4398
11 4398 650
10 4398 4399
10 4398 4400
10 4398 3279
10 4398 4401
8 4398 19
11 4398 20
28 4398 2786
29 4398 867
17 4398 0
30 4398 2976
30 4398 2948
30 4398 2932
31 4398 2907
32 3665
11 3665 641
10 3665 3749
8 3665 13
8 3665 11
11 3665 74
28 3665 2786
29 3665 1024
17 3665 642
30 3665 2793
30 3665 4402
30 3665 2829
31 3665 2877
32 4403
11 4403 641
10 4403 3784
10 4403 4404
10 4403 864
8 4403 19
8 4403 13
7 4403 11
8 4403 67
28 4403 2786
29 4403 930
17 4403 643
30 4403 2948
30 4403 2980
31 4403 2882
32 4405
11 4405 641
10 4405 3710
8 4405 73
8 4405 11
9 4405 9
8 4405 88
28 4405 2786
29 4405 888
17 4405 0
30 4405 2888
30 4405 2977
31 4405 2815
32 4406
11 4406 650
10 4406 4407
10 4406 4408
10 4406 3357
10 4406 407
10 4406 3149
28 4406 2786
29 4406 1219
17 4406 653
30 4406 2951
30 4406 2888
31 4406 2790
32 4409
11 4409 650
10 4409 3976
10 4409 3216
10 4409 3281
10 4409 3428
28 4409 2786
29 4409 1155
17 4409 0
30 4409 2876
30 4409 4410
30 4409 2957
31 4409 2789
32 3221
11 3221 650
10 3221 4411
10 3221 3437
10 3221 4412
10 3221 4413
28 3221 2786
29 3221 939
17 3221 642
30 3221 2985
30 3221 2915
31 3221 2790
32 1782
11 1782 650
10 1782 2328
10 1782 4414
10 1782 3831
10 1782 4415
11 1782 348
28 1782 2786
29 1782 998
17 1782 642
30 1782 4416
30 1782 2162
31 1782 2795
32 3217
11 3217 650
6 3217 4417
10 3217 4418
28 3217 2786
29 3217 832
17 3217 653
30 3217 2800
30 3217 2851
30 3217 2931
31 3217 2839
32 3363
11 3363 641
8 3363 73
8 3363 19
28 3363 2786
29 3363 998
17 3363 0
30 3363 2828
30 3363 2916
31 3363 2859
32 3788
11 3788 650
10 3788 3811
10 3788 4419
10 3788 4073
10 3788 3211
7 3788 93
7 3788 8
8 3788 19
8 3788 13
28 3788 2786
29 3788 1231
17 3788 654
30 3788 2895
30 3788 2978
31 3788 2970
32 3016
11 3016 650
10 3016 3112
10 3016 4420
10 3016 1956
10 3016 4421
11 3016 74
28 3016 2786
29 3016 871
17 3016 642
30 3016 2807
30 3016 2828
31 3016 724
32 4422
11 4422 650
10 4422 3755
10 4422 3031
10 4422 1379
10 4422 4423
28 4422 2786
29 4422 832
17 4422 643
30 4422 2792
30 4422 1613
30 4422 4424
31 4422 2796
32 3644
11 3644 650
10 3644 1087
10 3644 4425
10 3644 4426
11 3644 74
28 3644 2786
29 3644 1312
17 3644 642
30 3644 2837
30 3644 2145
31 3644 393
32 4427
11 4427 641
11 4427 21
11 4427 74
28 4427 2786
29 4427 1155
17 4427 643
30 4427 2805
30 4427 2933
30 4427 2852
31 4427 2810
32 4428
11 4428 650
10 4428 3332
10 4428 4429
10 4428 3119
10 4428 4430
8 4428 8
11 4428 102
28 4428 2786
29 4428 832
17 4428 653
30 4428 2805
30 4428 2792
30 4428 2162
31 4428 2854
32 4004
11 4004 650
10 4004 4115
10 4004 3235
10 4004 92
28 4004 2786
29 4004 1231
17 4004 642
30 4004 2838
30 4004 2818
30 4004 2943
31 4004 2871
32 4431
11 4431 650
10 4431 4432
10 4431 3407
8 4431 93
28 4431 2786
29 4431 1312
17 4431 653
30 4431 2869
30 4431 2863
31 4431 2796
32 4433
11 4433 641
10 4433 3074
10 4433 151
10 4433 4434
28 4433 2786
29 4433 1036
17 4433 642
30 4433 2807
30 4433 4435
30 4433 2980
31 4433 2823
32 4093
11 4093 641
10 4093 3244
10 4093 4436
10 4093 4437
10 4093 4438
10 4093 4439
28 4093 2786
29 4093 1219
17 4093 653
30 4093 2814
30 4093 2334
30 4093 2804
31 4093 2795
32 3428
11 3428 650
10 3428 1554
10 3428 1261
10 3428 2988
11 3428 32
28 3428 2786
29 3428 918
17 3428 654
30 3428 2868
30 3428 2900
30 3428 2957
31 3428 2883
32 3790
11 3790 641
6 3790 4440
11 3790 135
28 3790 2786
29 3790 843
17 3790 642
30 3790 2807
30 3790 2799
31 3790 2906
32 3394
11 3394 641
10 3394 4376
10 3394 4441
10 3394 2323
10 3394 3822
10 3394 3412
8 3394 8
9 3394 93
28 3394 2786
29 3394 847
17 3394 642
30 3394 2911
30 3394 2969
30 3394 2851
31 3394 2864
32 3169
11 3169 641
10 3169 4442
8 3169 9
8 3169 88
28 3169 2786
29 3169 959
17 3169 654
30 3169 2932
30 3169 2916
30 3169 2837
31 3169 2865
32 3183
11 3183 641
10 3183 4443
10 3183 3963
10 3183 1563
10 3183 3174
9 3183 73
9 3183 8
28 3183 2786
29 3183 881
17 3183 653
30 3183 4444
30 3183 2948
31 3183 2877
32 3357
11 3357 641
10 3357 3053
10 3357 4203
10 3357 4445
8 3357 13
28 3357 2786
29 3357 1006
17 3357 642
30 3357 2937
30 3357 4446
31 3357 2790
32 4167
11 4167 641
10 4167 4447
10 4167 554
10 4167 3500
28 4167 2786
29 4167 1119
17 4167 642
30 4167 2887
30 4167 2852
30 4167 2814
31 4167 2906
32 4448
11 4448 650
10 4448 4449
28 4448 2786
29 4448 891
17 4448 0
30 4448 2805
30 4448 4450
30 4448 2852
31 4448 2815
32 3201
11 3201 641
10 3201 3657
10 3201 3271
10 3201 1769
10 3201 4448
8 3201 67
28 3201 2786
29 3201 913
17 3201 642
30 3201 2986
30 3201 2900
31 3201 2877
32 4451
11 4451 641
10 4451 4452
28 4451 2786
29 4451 860
17 4451 653
30 4451 2978
30 4451 4453
30 4451 2145
31 4451 2806
32 4116
11 4116 650
10 4116 4296
10 4116 4454
9 4116 73
28 4116 2786
29 4116 867
17 4116 653
30 4116 1613
30 4116 2814
31 4116 2890
32 3282
11 3282 650
10 3282 4455
10 3282 3943
10 3282 4428
10 3282 4456
10 3282 4457
8 3282 9
8 3282 10
28 3282 2786
29 3282 881
17 3282 653
30 3282 4458
30 3282 2818
30 3282 2969
31 3282 2859
32 4459
11 4459 650
10 4459 3312
10 4459 2140
10 4459 3976
28 4459 2786
29 4459 891
17 4459 653
30 4459 2869
30 4459 2986
30 4459 2900
31 4459 724
32 3123
11 3123 650
6 3123 4460
10 3123 4448
10 3123 3170
10 3123 3618
10 3123 2949
10 3123 2847
28 3123 2786
29 3123 984
17 3123 642
30 3123 2900
30 3123 2805
30 3123 2948
31 3123 2907
32 4461
11 4461 650
9 4461 19
8 4461 93
7 4461 8
8 4461 10
11 4461 20
28 4461 2786
29 4461 984
17 4461 0
30 4461 4462
30 4461 2931
30 4461 2914
31 4461 2789
32 4395
11 4395 641
10 4395 4236
10 4395 3530
28 4395 2786
29 4395 1036
17 4395 642
30 4395 2956
30 4395 2960
30 4395 2793
31 4395 2819
32 3144
11 3144 641
10 3144 4463
10 3144 4464
10 3144 4110
9 3144 10
28 3144 2786
29 3144 1388
17 3144 643
30 3144 2145
30 3144 4465
31 3144 2865
32 3684
11 3684 641
10 3684 4466
10 3684 4467
10 3684 4468
10 3684 4041
9 3684 13
9 3684 11
28 3684 2786
29 3684 853
17 3684 643
30 3684 2978
30 3684 2896
31 3684 724
32 4469
11 4469 650
10 4469 4470
28 4469 2786
29 4469 1231
17 4469 0
30 4469 2799
30 4469 2896
30 4469 2804
31 4469 2841
32 4471
11 4471 641
6 4471 4472
10 4471 4039
28 4471 2786
29 4471 843
17 4471 642
30 4471 2956
30 4471 2813
31 4471 2877
32 4473
11 4473 641
10 4473 4258
10 4473 4474
10 4473 3320
10 4473 3523
7 4473 67
28 4473 2786
29 4473 1312
17 4473 654
30 4473 1613
30 4473 2844
30 4473 2969
31 4473 2848
32 4475
11 4475 650
10 4475 2099
10 4475 3788
10 4475 3978
28 4475 2786
29 4475 867
17 4475 0
30 4475 2799
30 4475 2887
31 4475 2789
32 3985
11 3985 650
10 3985 4476
10 3985 3782
10 3985 4477
10 3985 3695
8 3985 73
7 3985 10
28 3985 2786
29 3985 902
17 3985 642
30 3985 2799
30 3985 2800
31 3985 2924
32 3404
11 3404 650
10 3404 3230
9 3404 67
8 3404 93
11 3404 135
28 3404 2786
29 3404 871
17 3404 0
30 3404 2937
30 3404 2914
30 3404 2868
31 3404 2934
32 4478
11 4478 650
7 4478 93
8 4478 67
28 4478 2786
29 4478 867
17 4478 654
30 4478 2957
30 4478 2863
31 4478 2885
32 4479
11 4479 641
10 4479 4480
10 4479 4481
10 4479 1795
10 4479 838
9 4479 73
8 4479 19
28 4479 2786
29 4479 908
17 4479 0
30 4479 4482
30 4479 2944
30 4479 4483
31 4479 2839
32 4050
11 4050 650
10 4050 4484
10 4050 1026
10 4050 3363
28 4050 2786
29 4050 947
17 4050 654
30 4050 2932
30 4050 2933
30 4050 2145
31 4050 2906
32 4434
11 4434 650
10 4434 4160
10 4434 4374
10 4434 4485
10 4434 4486
8 4434 67
28 4434 2786
29 4434 930
17 4434 643
30 4434 2960
30 4434 2943
31 4434 2906
32 2274
11 2274 641
10 2274 3535
10 2274 4487
10 2274 1925
10 2274 4488
28 2274 2786
29 2274 1155
17 2274 0
30 2274 4489
30 2274 2923
30 2274 2793
31 2274 2882
32 4490
11 4490 650
10 4490 532
10 4490 4020
7 4490 13
8 4490 8
28 4490 2786
29 4490 1099
17 4490 654
30 4490 2804
30 4490 2792
30 4490 2932
31 4490 2906
32 4491
11 4491 650
10 4491 4492
8 4491 10
28 4491 2786
29 4491 853
17 4491 654
30 4491 2837
30 4491 2324
31 4491 2848
32 321
11 321 650
10 321 2991
10 321 4493
10 321 4494
11 321 361
28 321 2786
29 321 888
17 321 653
30 321 2791
30 321 2888
31 321 2877
32 3064
11 3064 641
10 3064 3112
8 3064 11
9 3064 88
8 3064 93
28 3064 2786
29 3064 926
17 3064 642
30 3064 2792
30 3064 2981
30 3064 2957
31 3064 2882
32 3766
11 3766 650
10 3766 3985
10 3766 4495
10 3766 3478
10 3766 4496
10 3766 4497
11 3766 74
28 3766 2786
29 3766 939
17 3766 653
30 3766 2960
30 3766 2915
31 3766 2882
32 924
11 924 641
10 924 3540
10 924 3508
10 924 4374
10 924 4296
28 924 2786
29 924 891
17 924 654
30 924 4498
30 924 2334
31 924 2819
32 3931
11 3931 650
10 3931 3961
11 3931 348
11 3931 74
28 3931 2786
29 3931 832
17 3931 0
30 3931 2937
30 3931 4499
30 3931 2985
31 3931 2815
32 3495
11 3495 641
6 3495 4500
10 3495 3695
10 3495 4501
10 3495 4502
10 3495 1248
10 3495 4503
8 3495 8
8 3495 9
7 3495 19
28 3495 2786
29 3495 849
17 3495 653
30 3495 2792
30 3495 2851
31 3495 2864
32 3705
11 3705 650
10 3705 3345
10 3705 4504
7 3705 88
28 3705 2786
29 3705 1219
17 3705 0
30 3705 2948
30 3705 2986
30 3705 2916
31 3705 2846
32 4505
11 4505 650
10 4505 3273
10 4505 4063
28 4505 2786
29 4505 860
17 4505 642
30 4505 2868
30 4505 2792
30 4505 2895
31 4505 2885
32 4231
11 4231 641
6 4231 4506
10 4231 4507
7 4231 11
11 4231 60
28 4231 2786
29 4231 902
17 4231 653
30 4231 4508
30 4231 2937
31 4231 2839
32 3674
11 3674 650
10 3674 3212
10 3674 3374
28 3674 2786
29 3674 1013
17 3674 0
30 3674 2805
30 3674 2818
30 3674 2938
31 3674 2877
32 3591
11 3591 650
10 3591 1384
10 3591 4509
10 3591 3017
10 3591 3726
28 3591 2786
29 3591 900
17 3591 643
30 3591 2955
30 3591 2869
30 3591 2976
31 3591 393
32 3297
11 3297 641
10 3297 4510
10 3297 3480
10 3297 3666
10 3297 4176
28 3297 2786
29 3297 1099
17 3297 654
30 3297 2889
30 3297 2792
31 3297 2846
32 3691
11 3691 641
10 3691 4511
28 3691 2786
29 3691 871
17 3691 0
30 3691 2852
30 3691 4512
30 3691 2922
31 3691 2890
32 4513
11 4513 641
10 4513 4039
10 4513 3439
10 4513 3356
10 4513 3465
10 4513 924
8 4513 19
8 4513 73
8 4513 13
28 4513 2786
29 4513 1069
17 4513 642
30 4513 2887
30 4513 2895
30 4513 2024
31 4513 2907
32 4514
11 4514 650
28 4514 2786
29 4514 1092
17 4514 654
30 4514 2960
30 4514 2955
30 4514 2837
31 4514 2819
32 4515
11 4515 641
8 4515 10
9 4515 8
28 4515 2786
29 4515 888
17 4515 642
30 4515 2931
30 4515 2888
30 4515 2938
31 4515 2796
32 2929
11 2929 650
10 2929 514
7 2929 8
8 2929 88
11 2929 60
28 2929 2786
29 2929 1024
17 2929 0
30 2929 2933
30 2929 2807
31 2929 2796
32 3603
11 3603 650
9 3603 9
28 3603 2786
29 3603 1312
17 3603 653
30 3603 2931
30 3603 2857
30 3603 2862
31 3603 2924
32 278
11 278 650
10 278 4516
10 278 2859
9 278 88
11 278 102
28 278 2786
29 278 926
17 278 0
30 278 2956
30 278 2822
31 278 2841
32 4517
11 4517 650
10 4517 4122
10 4517 3821
10 4517 3397
7 4517 8
9 4517 13
28 4517 2786
29 4517 955
17 4517 642
30 4517 2951
30 4517 2829
31 4517 2789
32 3001
11 3001 650
10 3001 3566
28 3001 2786
29 3001 847
17 3001 642
30 3001 2932
30 3001 2869
30 3001 2977
31 3001 2806
32 3966
11 3966 650
6 3966 3281
10 3966 4301
10 3966 1385
28 3966 2786
29 3966 1388
17 3966 654
30 3966 2888
30 3966 2828
31 3966 2815
32 3852
11 3852 650
10 3852 4518
10 3852 4519
10 3852 4520
10 3852 4521
9 3852 93
11 3852 135
11 3852 74
28 3852 2786
29 3852 1155
17 3852 654
30 3852 2923
30 3852 2876
31 3852 2819
32 3133
11 3133 650
10 3133 3916
10 3133 3878
10 3133 4522
10 3133 91
10 3133 4523
28 3133 2786
29 3133 832
17 3133 643
30 3133 4524
30 3133 2863
30 3133 4525
31 3133 2854
32 4526
11 4526 650
10 4526 3943
10 4526 75
28 4526 2786
29 4526 881
17 4526 653
30 4526 1613
30 4526 2791
31 4526 393
32 4281
11 4281 650
10 4281 3480
10 4281 4527
8 4281 93
7 4281 19
8 4281 9
9 4281 67
8 4281 11
28 4281 2786
29 4281 1174
17 4281 0
30 4281 2814
30 4281 2900
30 4281 2985
31 4281 2907
32 4528
11 4528 650
10 4528 3081
10 4528 3236
10 4528 3397
10 4528 3814
10 4528 4529
28 4528 2786
29 4528 1017
17 4528 643
30 4528 2923
30 4528 2793
31 4528 2806
32 508
11 508 641
6 508 4530
10 508 4531
10 508 3111
10 508 4532
7 508 93
8 508 8
8 508 73
28 508 2786
29 508 984
17 508 643
30 508 2162
30 508 2793
30 508 2791
31 508 731
32 4268
11 4268 650
10 4268 2160
10 4268 3195
10 4268 3014
10 4268 3182
10 4268 3019
28 4268 2786
29 4268 1013
17 4268 654
30 4268 4435
30 4268 2985
30 4268 2900
31 4268 2795
32 3578
11 3578 641
10 3578 4190
10 3578 4533
10 3578 4534
10 3578 3480
7 3578 93
9 3578 73
9 3578 8
8 3578 88
28 3578 2786
29 3578 1231
17 3578 654
30 3578 2916
30 3578 2868
31 3578 2890
32 4535
11 4535 641
6 4535 4536
6 4535 4537
10 4535 3359
28 4535 2786
29 4535 1231
17 4535 0
30 4535 2791
30 4535 2931
31 4535 724
32 4538
11 4538 641
10 4538 2992
10 4538 3464
10 4538 508
10 4538 1641
28 4538 2786
29 4538 902
17 4538 654
30 4538 2838
30 4538 2937
31 4538 2961
32 3212
11 3212 641
10 3212 4528
10 3212 4136
10 3212 3031
10 3212 4539
10 3212 4540
11 3212 20
28 3212 2786
29 3212 888
17 3212 642
30 3212 2828
30 3212 2837
31 3212 2906
32 4541
11 4541 641
10 4541 4542
10 4541 4543
10 4541 1261
10 4541 3311
7 4541 11
8 4541 19
8 4541 8
9 4541 9
7 4541 13
28 4541 2786
29 4541 1024
17 4541 0
30 4541 2938
30 4541 2986
30 4541 2911
31 4541 2841
32 3535
11 3535 650
10 3535 4544
10 3535 4545
10 3535 3168
10 3535 3786
10 3535 4546
28 3535 2786
29 3535 955
17 3535 0
30 3535 2960
30 3535 2948
31 3535 2885
32 4547
11 4547 641
10 4547 2331
10 4547 3029
28 4547 2786
29 4547 1024
17 4547 653
30 4547 2805
30 4547 2828
31 4547 2877
32 3119
11 3119 650
10 3119 4548
10 3119 3457
10 3119 4549
10 3119 4550
9 3119 67
11 3119 135
28 3119 2786
29 3119 1312
17 3119 643
30 3119 2887
30 3119 2914
31 3119 2795
32 4551
11 4551 641
10 4551 3448
7 4551 9
8 4551 93
9 4551 11
8 4551 88
8 4551 19
28 4551 2786
29 4551 1017
17 4551 0
30 4551 2880
30 4551 2978
31 4551 731
33 1203
33 2797
33 2798
33 2802
33 2803
33 1897
33 1785
33 2811
33 2812
33 2817
33 2821
33 2826
33 985
33 2827
33 2835
33 2836
33 2842
33 2843
33 2849
33 2850
33 1919
33 2855
33 2856
33 2860
33 2861
33 2867
33 2874
33 2875
33 2878
33 2879
33 1644
33 2886
33 2894
33 2899
33 2903
33 2904
33 2910
33 2913
33 2920
33 2921
33 2930
33 1862
33 1652
33 1040
33 2936
33 2941
33 2942
33 2947
33 2950
33 1407
33 1475
33 2954
33 1568
33 2958
33 2959
33 2962
33 2963
33 2968
33 1580
33 921
33 2974
33 2975
33 2979
33 2984
33 2791
33 2792
33 2793
33 2799
33 2800
33 2804
33 2805
33 2807
33 2813
33 2814
33 2818
33 2822
33 1613
33 2828
33 2829
33 2837
33 2838
33 2844
33 2334
33 2845
33 2851
33 2852
33 2857
33 2862
33 2863
33 2868
33 2869
33 2876
33 2880
33 2881
33 2887
33 2888
33 2889
33 2895
33 2896
33 2900
33 2901
33 2905
33 2145
33 2911
33 2914
33 2915
33 2916
33 2922
33 2923
33 2931
33 2932
33 2933
33 2937
33 2938
33 2943
33 2944
33 2948
33 2951
33 2955
33 2956
33 2957
33 2162
33 2960
33 2964
33 2969
33 2976
33 2977
33 2978
33 2980
34 2980 4552
4 4552
10 4552 4553
10 4552 372
10 4552 3319
10 4552 2830
10 4552 2883
33 2981
33 2985
33 2986
33 2987
42 4554
36 4554 2789
36 4554 3217
37 4555
36 4555 2789
36 4555 2839
43 4556
36 4556 2789
36 4556 2859
36 4556 4332
36 4556 2970
36 4556 3144
38 4557
36 4557 2789
36 4557 4302
36 4557 3705
44 4558
36 4558 2789
36 4558 4281
36 4558 3852
36 4558 3212
36 4558 3282
41 4559
36 4559 2789
36 4559 4475
43 4560
36 4560 2789
36 4560 4526
36 4560 2808
42 4561
36 4561 2789
36 4561 2906
36 4561 4448
40 4562
36 4562 2789
36 4562 4169
36 4562 3519
42 4563
36 4563 2789
36 4563 4381
39 4564
36 4564 2789
36 4564 393
45 4565
36 4565 2789
36 4565 3990
39 4566
36 4566 2789
36 4566 2927
36 4566 3990
39 4567
36 4567 2795
36 4567 3644
36 4567 4387
36 4567 731
44 4568
36 4568 2795
36 4568 3001
36 4568 3297
36 4568 3563
44 4569
36 4569 2795
36 4569 4389
45 4570
36 4570 2795
36 4570 3975
36 4570 4473
36 4570 3985
36 4570 4528
35 4571
36 4571 2795
36 4571 3100
36 4571 4409
36 4571 3788
35 4572
36 4572 2795
36 4572 3016
41 4573
36 4573 2795
36 4573 3665
40 4574
36 4574 2795
36 4574 2858
36 4574 2907
36 4574 2789
41 4575
36 4575 2795
36 4575 3828
36 4575 2890
36 4575 321
45 4576
36 4576 2795
36 4576 3985
36 4576 3439
36 4576 2274
41 4577
36 4577 2795
36 4577 3535
45 4578
36 4578 2795
36 4578 3357
36 4578 3513
38 4579
36 4579 2795
36 4579 4517
36 4579 3001
36 4579 3474
43 4580
36 4580 2796
36 4580 4505
36 4580 4422
41 4581
36 4581 2796
36 4581 1769
41 4582
36 4582 2796
36 4582 3637
36 4582 3297
42 4583
36 4583 2796
36 4583 4427
38 4584
36 4584 2796
36 4584 2890
36 4584 3297
36 4584 4505
38 4585
36 4585 2796
36 4585 4422
36 4585 2877
36 4585 2906
38 4586
36 4586 2796
36 4586 731
36 4586 3282
42 4587
36 4587 2796
36 4587 3766
36 4587 4332
36 4587 2795
35 4588
36 4588 2796
36 4588 4526
36 4588 4551
36 4588 2885
42 4589
36 4589 2796
36 4589 4395
36 4589 2996
36 4589 4406
36 4589 3175
37 4590
36 4590 2796
36 4590 4471
36 4590 4301
35 4591
36 4591 2796
36 4591 3357
43 4592
36 4592 2806
36 4592 3535
36 4592 1782
35 4593
36 4593 2806
36 4593 2871
36 4593 4513
36 4593 3691
36 4593 508
45 4594
36 4594 2806
36 4594 4551
40 4595
36 4595 2806
36 4595 3144
36 4595 3093
35 4596
36 4596 2806
36 4596 2815
36 4596 2882
36 4596 3439
36 4596 3474
43 4597
36 4597 2806
36 4597 4381
36 4597 4346
36 4597 4514
42 4598
36 4598 2806
36 4598 2877
36 4598 3016
36 4598 4349
36 4598 4409
40 4599
36 4599 2806
36 4599 3975
36 4599 3016
36 4599 2839
40 4600
36 4600 2806
36 4600 4368
36 4600 4514
36 4600 4296
41 4601
36 4601 2806
36 4601 4431
36 4601 3691
41 4602
36 4602 2806
36 4602 3407
36 4602 3563
36 4602 2819
36 4602 2823
38 4603
36 4603 2806
36 4603 4451
41 4604
36 4604 2806
36 4604 2831
36 4604 3985
44 4605
36 4605 2808
36 4605 4409
36 4605 3201
36 4605 3297
43 4606
36 4606 2808
36 4606 2924
36 4606 4302
36 4606 1261
40 4607
36 4607 2808
36 4607 2906
36 4607 3931
38 4608
36 4608 2808
36 4608 4307
36 4608 3644
36 4608 4451
36 4608 4422
35 4609
36 4609 2808
36 4609 4475
37 4610
36 4610 2808
36 4610 3119
36 4610 4403
42 4611
36 4611 2808
36 4611 4434
36 4611 2864
36 4611 4471
44 4612
36 4612 2808
36 4612 3133
43 4613
36 4613 2808
36 4613 4515
38 4614
36 4614 2808
36 4614 4004
36 4614 4541
36 4614 4478
36 4614 4538
41 4615
36 4615 2808
36 4615 2970
36 4615 2830
36 4615 4291
36 4615 3563
44 4616
36 4616 2808
36 4616 2790
36 4616 724
43 4617
36 4617 2808
36 4617 2882
36 4617 2864
36 4617 4281
43 4618
36 4618 2815
36 4618 4451
36 4618 2906
43 4619
36 4619 2815
36 4619 2858
37 4620
36 4620 2815
36 4620 2890
36 4620 3259
36 4620 2864
36 4620 2924
40 4621
36 4621 2815
36 4621 3966
38 4622
36 4622 2815
36 4622 3603
36 4622 4364
37 4623
36 4623 2815
36 4623 3828
36 4623 4479
36 4623 4381
36 4623 3297
43 4624
36 4624 2815
36 4624 508
36 4624 4116
38 4625
36 4625 2815
36 4625 4374
36 4625 4551
36 4625 4515
38 4626
36 4626 2815
36 4626 2831
40 4627
36 4627 2815
36 4627 4479
36 4627 4301
38 4628
36 4628 2815
36 4628 321
36 4628 3172
40 4629
36 4629 2815
36 4629 3640
43 4630
36 4630 2815
36 4630 2846
36 4630 3705
36 4630 3169
36 4630 4364
38 4631
36 4631 2815
36 4631 4475
36 4631 3259
36 4631 2274
36 4631 4505
37 4632
36 4632 2819
36 4632 4364
36 4632 2864
36 4632 4050
41 4633
36 4633 2819
36 4633 4431
39 4634
36 4634 2819
36 4634 724
36 4634 3297
40 4635
36 4635 2819
36 4635 2961
36 4635 3394
39 4636
36 4636 2819
36 4636 2890
36 4636 4513
36 4636 2970
35 4637
36 4637 2819
36 4637 4461
36 4637 4451
36 4637 4406
36 4637 3244
37 4638
36 4638 2819
36 4638 3684
38 4639
36 4639 2819
36 4639 4535
36 4639 3064
43 4640
36 4640 2819
36 4640 3852
36 4640 3428
36 4640 3578
36 4640 3119
43 4641
36 4641 2819
36 4641 4302
44 4642
36 4642 2819
36 4642 4291
44 4643
36 4643 2819
36 4643 4301
36 4643 3100
36 4643 4332
44 4644
36 4644 2823
36 4644 2274
36 4644 3439
35 4645
36 4645 2823
36 4645 4491
36 4645 4398
36 4645 4461
42 4646
36 4646 2823
36 4646 3474
36 4646 3495
36 4646 4513
36 4646 4505
43 4647
36 4647 2823
36 4647 3259
41 4648
36 4648 2823
36 4648 4538
36 4648 3963
36 4648 2796
36 4648 3828
38 4649
36 4649 2823
36 4649 3093
35 4650
36 4650 2823
36 4650 3407
37 4651
36 4651 2823
36 4651 3665
36 4651 3363
43 4652
36 4652 2823
36 4652 3640
40 4653
36 4653 2823
36 4653 4307
36 4653 1261
36 4653 2831
35 4654
36 4654 2823
36 4654 4448
36 4654 4364
36 4654 3690
36 4654 3990
44 4655
36 4655 2823
36 4655 4448
36 4655 2927
37 4656
36 4656 2830
36 4656 3903
36 4656 3674
36 4656 4018
36 4656 4346
38 4657
36 4657 2830
36 4657 2795
36 4657 4473
36 4657 4403
36 4657 4491
39 4658
36 4658 2830
36 4658 4004
43 4659
36 4659 2830
36 4659 2883
36 4659 4110
36 4659 4398
43 4660
36 4660 2830
36 4660 4431
36 4660 2970
44 4661
36 4661 2830
36 4661 1261
36 4661 724
41 4662
36 4662 2830
36 4662 2882
36 4662 3495
42 4663
36 4663 2830
36 4663 3175
36 4663 3439
36 4663 4169
36 4663 374
38 4664
36 4664 2830
36 4664 2929
36 4664 4451
36 4664 4333
40 4665
36 4665 2839
36 4665 4346
36 4665 2949
37 4666
36 4666 2839
36 4666 2823
36 4666 3644
36 4666 4349
44 4667
36 4667 2839
36 4667 3133
36 4667 3217
41 4668
36 4668 2839
36 4668 3259
36 4668 4027
36 4668 4528
36 4668 3963
45 4669
36 4669 2839
36 4669 4183
45 4670
36 4670 2839
36 4670 4374
36 4670 3212
36 4670 4475
45 4671
36 4671 2839
36 4671 4459
35 4672
36 4672 2839
36 4672 4448
36 4672 1261
36 4672 4018
36 4672 3144
41 4673
36 4673 2839
36 4673 731
36 4673 4513
36 4673 3637
36 4673 3394
35 4674
36 4674 2839
36 4674 328
36 4674 321
37 4675
36 4675 2846
36 4675 4526
42 4676
36 4676 2846
36 4676 4307
40 4677
36 4677 2846
36 4677 4374
36 4677 3591
36 4677 3212
40 4678
36 4678 2846
36 4678 4403
36 4678 3578
36 4678 3429
35 4679
36 4679 2846
36 4679 2859
36 4679 4183
36 4679 4409
40 4680
36 4680 2846
36 4680 4398
36 4680 4368
36 4680 3474
45 4681
36 4681 2846
36 4681 3519
36 4681 3603
36 4681 4505
36 4681 3648
38 4682
36 4682 2846
36 4682 4541
36 4682 3429
36 4682 3828
39 4683
36 4683 2846
36 4683 3016
36 4683 3788
35 4684
36 4684 2846
36 4684 4538
36 4684 4333
36 4684 2806
42 4685
36 4685 2810
36 4685 3705
36 4685 4344
40 4686
36 4686 2810
36 4686 3183
36 4686 3439
35 4687
36 4687 2810
36 4687 3495
41 4688
36 4688 2810
36 4688 4398
36 4688 731
36 4688 2865
39 4689
36 4689 2810
36 4689 2907
36 4689 4431
36 4689 3357
36 4689 2859
43 4690
36 4690 2810
36 4690 4093
36 4690 3852
36 4690 3674
36 4690 3495
39 4691
36 4691 2810
36 4691 2859
37 4692
36 4692 2810
36 4692 508
36 4692 4349
36 4692 3201
36 4692 3016
37 4693
36 4693 2854
36 4693 3093
36 4693 4475
36 4693 1261
45 4694
36 4694 2854
36 4694 4448
36 4694 4469
40 4695
36 4695 2854
36 4695 3931
38 4696
36 4696 2854
36 4696 2796
43 4697
36 4697 2854
36 4697 3963
36 4697 3201
43 4698
36 4698 2854
36 4698 4364
36 4698 3966
36 4698 3985
40 4699
36 4699 2854
36 4699 3788
36 4699 3647
36 4699 4301
36 4699 3297
44 4700
36 4700 2854
36 4700 4541
36 4700 2858
36 4700 3282
36 4700 4027
38 4701
36 4701 2854
36 4701 3123
38 4702
36 4702 2854
36 4702 321
36 4702 724
36 4702 3624
36 4702 2907
42 4703
36 4703 2854
36 4703 4284
36 4703 3519
36 4703 2806
36 4703 3172
38 4704
36 4704 724
36 4704 4381
43 4705
36 4705 724
36 4705 3429
36 4705 4381
36 4705 2274
37 4706
36 4706 724
36 4706 2890
36 4706 3963
37 4707
36 4707 724
36 4707 508
41 4708
36 4708 724
36 4708 4368
36 4708 4406
35 4709
36 4709 724
36 4709 3790
36 4709 2949
36 4709 4475
36 4709 3172
43 4710
36 4710 724
36 4710 3519
36 4710 3407
36 4710 4528
36 4710 4374
44 4711
36 4711 724
36 4711 3966
36 4711 2927
36 4711 4547
36 4711 2907
42 4712
36 4712 724
36 4712 374
36 4712 2883
36 4712 4381
36 4712 4110
44 4713
36 4713 724
36 4713 3563
36 4713 3578
36 4713 3828
38 4714
36 4714 2864
36 4714 2790
36 4714 328
36 4714 3684
36 4714 4183
45 4715
36 4715 2864
36 4715 3175
36 4715 4528
36 4715 4315
36 4715 3123
37 4716
36 4716 2864
36 4716 4475
36 4716 393
36 4716 4231
40 4717
36 4717 2864
36 4717 3402
36 4717 3404
36 4717 4387
37 4718
36 4718 2864
36 4718 4427
36 4718 2934
36 4718 3016
36 4718 1782
38 4719
36 4719 2864
36 4719 374
36 4719 4551
36 4719 724
36 4719 4301
37 4720
36 4720 2864
36 4720 2823
36 4720 1769
36 4720 3640
39 4721
36 4721 2864
36 4721 3217
36 4721 3308
39 4722
36 4722 2864
36 4722 4291
36 4722 4374
36 4722 328
42 4723
36 4723 2877
36 4723 3169
36 4723 2810
45 4724
36 4724 2877
36 4724 4478
36 4724 4403
36 4724 4479
43 4725
36 4725 2877
36 4725 4517
36 4725 3093
35 4726
36 4726 2877
36 4726 3407
42 4727
36 4727 2877
36 4727 1782
36 4727 2815
36 4727 4409
36 4727 3640
40 4728
36 4728 2877
36 4728 3495
35 4729
36 4729 2877
36 4729 4301
41 4730
36 4730 2877
36 4730 3001
36 4730 3394
36 4730 1769
36 4730 3966
42 4731
36 4731 2790
36 4731 4514
43 4732
36 4732 2790
36 4732 1769
36 4732 4368
42 4733
36 4733 2790
36 4733 4004
36 4733 4301
40 4734
36 4734 2790
36 4734 3276
36 4734 4333
36 4734 4475
39 4735
36 4735 2790
36 4735 3495
40 4736
36 4736 2790
36 4736 3001
43 4737
36 4737 2790
36 4737 2864
36 4737 3363
36 4737 4541
44 4738
36 4738 2790
36 4738 4389
36 4738 2841
36 4738 3093
39 4739
36 4739 2790
36 4739 2929
35 4740
36 4740 2790
36 4740 4403
37 4741
36 4741 2890
36 4741 2970
36 4741 4422
36 4741 4361
37 4742
36 4742 2890
36 4742 2864
40 4743
36 4743 2890
36 4743 4538
36 4743 3001
37 4744
36 4744 2890
36 4744 3212
36 4744 3656
36 4744 2907
42 4745
36 4745 2890
36 4745 4281
44 4746
36 4746 2890
36 4746 4471
42 4747
36 4747 2890
36 4747 4406
36 4747 3985
40 4748
36 4748 2890
36 4748 3123
36 4748 4475
36 4748 487
36 4748 4434
35 4749
36 4749 2890
36 4749 2934
41 4750
36 4750 2890
36 4750 3828
43 4751
36 4751 2859
36 4751 4284
36 4751 3474
36 4751 4514
36 4751 321
45 4752
36 4752 2859
36 4752 3357
36 4752 2790
38 4753
36 4753 2859
36 4753 4389
41 4754
36 4754 2859
36 4754 3276
36 4754 4514
36 4754 4433
36 4754 4027
41 4755
36 4755 2859
36 4755 2883
36 4755 3448
39 4756
36 4756 2859
36 4756 4361
36 4756 3985
36 4756 2877
42 4757
36 4757 2859
36 4757 3931
36 4757 4018
36 4757 278
36 4757 4169
44 4758
36 4758 2859
36 4758 3990
38 4759
36 4759 2859
36 4759 3474
36 4759 1782
36 4759 4381
40 4760
36 4760 2859
36 4760 2906
36 4760 3439
36 4760 2970
43 4761
36 4761 2859
36 4761 4428
44 4762
36 4762 2882
36 4762 3535
36 4762 3931
36 4762 2789
42 4763
36 4763 2882
36 4763 2859
36 4763 2274
36 4763 4284
41 4764
36 4764 2882
36 4764 3357
36 4764 2970
35 4765
36 4765 2882
36 4765 2924
36 4765 3640
39 4766
36 4766 2882
36 4766 2859
44 4767
36 4767 2882
36 4767 3100
41 4768
36 4768 2882
36 4768 3591
36 4768 4517
36 4768 4491
40 4769
36 4769 2882
36 4769 3985
36 4769 4538
42 4770
36 4770 2882
36 4770 3788
39 4771
36 4771 2882
36 4771 2810
36 4771 4284
36 4771 4381
36 4771 2934
41 4772
36 4772 2906
36 4772 4405
36 4772 2795
36 4772 4307
41 4773
36 4773 2906
36 4773 3297
36 4773 1769
36 4773 4376
36 4773 2795
37 4774
36 4774 2906
36 4774 4491
36 4774 4050
37 4775
36 4775 2906
36 4775 3790
36 4775 3495
36 4775 3183
36 4775 3691
44 4776
36 4776 2906
36 4776 3259
36 4776 3276
36 4776 4291
37 4777
36 4777 2906
36 4777 2806
38 4778
36 4778 2906
36 4778 4541
37 4779
36 4779 2906
36 4779 4268
36 4779 4291
36 4779 3439
36 4779 3691
42 4780
36 4780 2848
36 4780 3785
36 4780 3429
36 4780 4387
36 4780 4551
42 4781
36 4781 2848
36 4781 4409
36 4781 4376
36 4781 3513
36 4781 4291
38 4782
36 4782 2848
36 4782 4332
36 4782 2795
36 4782 4167
36 4782 3282
38 4783
36 4783 2848
36 4783 4491
35 4784
36 4784 2848
36 4784 4403
36 4784 4268
36 4784 2864
44 4785
36 4785 2848
36 4785 3640
44 4786
36 4786 2885
36 4786 4535
35 4787
36 4787 2885
36 4787 4461
36 4787 3535
41 4788
36 4788 2885
36 4788 3429
39 4789
36 4789 2885
36 4789 3428
36 4789 4364
36 4789 4538
35 4790
36 4790 2924
36 4790 4469
37 4791
36 4791 2924
36 4791 4405
36 4791 2882
36 4791 2796
35 4792
36 4792 2924
36 4792 3402
40 4793
36 4793 2924
36 4793 4459
36 4793 2929
36 4793 4050
36 4793 2808
40 4794
36 4794 2924
36 4794 4291
36 4794 3985
45 4795
36 4795 2924
36 4795 4346
36 4795 2846
43 4796
36 4796 2934
36 4796 4551
36 4796 3591
36 4796 2846
43 4797
36 4797 2934
36 4797 2796
44 4798
36 4798 2934
36 4798 4389
36 4798 3308
41 4799
36 4799 2934
36 4799 3123
38 4800
36 4800 2841
36 4800 4459
36 4800 4167
36 4800 4422
36 4800 1769
38 4801
36 4801 2841
36 4801 4231
36 4801 4409
36 4801 3603
36 4801 4307
43 4802
36 4802 2841
36 4802 4459
36 4802 4547
36 4802 4346
36 4802 924
40 4803
36 4803 2841
36 4803 3674
36 4803 4389
36 4803 2274
41 4804
36 4804 2841
36 4804 3212
36 4804 4361
39 4805
36 4805 2841
36 4805 4395
36 4805 1261
36 4805 4535
39 4806
36 4806 2871
36 4806 3766
36 4806 4389
36 4806 4431
36 4806 2790
43 4807
36 4807 2871
36 4807 4535
36 4807 4541
36 4807 4291
36 4807 4434
39 4808
36 4808 2871
36 4808 3123
44 4809
36 4809 2871
36 4809 3975
36 4809 3788
36 4809 3439
40 4810
36 4810 2871
36 4810 2795
36 4810 3591
36 4810 2790
36 4810 3133
41 4811
36 4811 2949
36 4811 2796
39 4812
36 4812 2949
36 4812 4307
40 4813
36 4813 2949
36 4813 4461
36 4813 2883
36 4813 3217
36 4813 2864
45 4814
36 4814 2949
36 4814 4374
36 4814 2934
35 4815
36 4815 2949
36 4815 3963
36 4815 4513
40 4816
36 4816 393
36 4816 3429
36 4816 2865
42 4817
36 4817 393
36 4817 4315
36 4817 4389
36 4817 4428
42 4818
36 4818 2865
36 4818 4387
44 4819
36 4819 2883
36 4819 3975
36 4819 3175
39 4820
36 4820 2970
36 4820 3357
36 4820 4376
45 4821
36 4821 2970
36 4821 3448
37 4822
36 4822 731
36 4822 3123
37 4823
36 4823 4284
36 4823 2882
36 4823 4515
36 4823 4387
39 4824
36 4824 4284
36 4824 2907
36 4824 1261
36 4824 3133
38 4825
36 4825 3276
36 4825 3183
36 4825 3766
41 4826
36 4826 2927
36 4826 3276
42 4827
36 4827 3429
36 4827 3100
39 4828
36 4828 3429
36 4828 4050
36 4828 4513
40 4829
36 4829 4296
36 4829 2810
36 4829 4389
36 4829 1782
36 4829 3788
43 4830
36 4830 4296
36 4830 2871
36 4830 3016
40 4831
36 4831 2858
36 4831 2808
36 4831 4332
36 4831 4547
36 4831 4361
43 4832
36 4832 2858
36 4832 2961
36 4832 2839
44 4833
36 4833 3175
36 4833 3212
39 4834
36 4834 4301
36 4834 3221
36 4834 3790
35 4835
36 4835 3172
36 4835 3144
36 4835 4349
42 4836
36 4836 4315
36 4836 4395
43 4837
36 4837 4315
36 4837 4018
36 4837 3665
36 4837 2819
42 4838
36 4838 3519
36 4838 4490
42 4839
36 4839 3244
36 4839 4167
36 4839 3169
41 4840
36 4840 3474
36 4840 4551
36 4840 2882
36 4840 4268
36 4840 3644
37 4841
36 4841 2996
36 4841 3640
36 4841 508
36 4841 4376
36 4841 3591
35 4842
36 4842 2996
36 4842 4346
36 4842 4307
39 4843
36 4843 4183
36 4843 4505
36 4843 4433
44 4844
36 4844 3690
36 4844 2864
40 4845
36 4845 3690
36 4845 2859
36 4845 2864
36 4845 2885
36 4845 2831
41 4846
36 4846 3637
36 4846 4018
36 4846 3648
36 4846 3402
42 4847
36 4847 4027
36 4847 4528
36 4847 4451
36 4847 2831
36 4847 1782
37 4848
36 4848 3624
36 4848 3201
41 4849
36 4849 4333
36 4849 4027
36 4849 3276
36 4849 2871
45 4850
36 4850 3785
36 4850 3474
35 4851
36 4851 3448
36 4851 3591
36 4851 3535
44 4852
36 4852 1769
36 4852 3852
40 4853
36 4853 4346
36 4853 3201
39 4854
36 4854 3828
36 4854 4395
36 4854 2929
35 4855
36 4855 3828
36 4855 3563
36 4855 4231
36 4855 3785
36 4855 3297
41 4856
36 4856 3508
36 4856 3513
36 4856 3852
43 4857
36 4857 3513
36 4857 3766
36 4857 4514
36 4857 4448
42 4858
36 4858 4361
36 4858 2795
43 4859
36 4859 374
36 4859 4448
36 4859 3428
36 4859 2846
36 4859 3394
40 4860
36 4860 3093
36 4860 4381
36 4860 4004
36 4860 4116
38 4861
36 4861 3093
36 4861 3985
36 4861 4406
36 4861 2890
35 4862
36 4862 4368
36 4862 4505
36 4862 2906
40 4863
36 4863 4368
36 4863 4403
44 4864
36 4864 4372
36 4864 4547
41 4865
36 4865 4374
36 4865 3519
40 4866
36 4866 4374
36 4866 2839
36 4866 4405
36 4866 3276
40 4867
36 4867 4376
36 4867 4381
36 4867 3394
36 4867 2830
38 4868
36 4868 4376
36 4868 3828
36 4868 3788
36 4868 4167
38 4869
36 4869 3963
36 4869 4513
36 4869 3183
37 4870
36 4870 4381
36 4870 4332
35 4871
36 4871 4169
36 4871 2790
36 4871 3064
36 4871 3394
43 4872
36 4872 3656
36 4872 3705
36 4872 2949
36 4872 3308
36 4872 3064
38 4873
36 4873 3640
36 4873 4422
36 4873 328
37 4874
36 4874 3259
36 4874 4387
36 4874 508
36 4874 3852
42 4875
36 4875 3259
36 4875 4167
36 4875 4372
36 4875 3428
36 4875 4364
40 4876
36 4876 4387
36 4876 2996
36 4876 2846
36 4876 4315
41 4877
36 4877 4389
36 4877 4434
36 4877 4344
44 4878
36 4878 328
36 4878 3648
36 4878 2846
36 4878 4301
42 4879
36 4879 3407
36 4879 328
36 4879 4431
36 4879 3123
36 4879 3684
37 4880
36 4880 3665
36 4880 4547
36 4880 4526
36 4880 3903
45 4881
36 4881 4403
36 4881 393
36 4881 3244
36 4881 4433
42 4882
36 4882 4406
36 4882 4433
41 4883
36 4883 3221
36 4883 3172
36 4883 3259
36 4883 3691
36 4883 4307
44 4884
36 4884 3363
36 4884 2796
36 4884 724
36 4884 4398
36 4884 3276
39 4885
36 4885 3363
36 4885 3513
36 4885 4448
36 4885 3495
36 4885 4315
45 4886
36 4886 3788
36 4886 3217
41 4887
36 4887 3016
36 4887 3394
36 4887 3212
36 4887 4027
36 4887 3144
43 4888
36 4888 4422
36 4888 4027
45 4889
36 4889 4422
36 4889 2890
36 4889 2830
36 4889 4538
41 4890
36 4890 4427
36 4890 2871
36 4890 3591
36 4890 3119
36 4890 2790
45 4891
36 4891 4427
36 4891 4514
36 4891 2996
36 4891 3563
36 4891 4231
41 4892
36 4892 4428
36 4892 3495
36 4892 4169
45 4893
36 4893 4433
36 4893 3428
36 4893 4376
36 4893 2970
36 4893 3578
37 4894
36 4894 4433
36 4894 3357
36 4894 3212
36 4894 3064
42 4895
36 4895 4093
36 4895 4296
36 4895 4515
36 4895 4491
36 4895 4381
38 4896
36 4896 3428
36 4896 4169
36 4896 3535
36 4896 2819
36 4896 3439
44 4897
36 4897 3790
36 4897 4333
38 4898
36 4898 3790
36 4898 4459
36 4898 2806
36 4898 4368
40 4899
36 4899 3394
36 4899 2790
38 4900
36 4900 3394
36 4900 3852
36 4900 3788
36 4900 2890
44 4901
36 4901 3169
36 4901 4301
36 4901 3690
36 4901 3201
42 4902
36 4902 3183
36 4902 3684
36 4902 3144
35 4903
36 4903 4448
36 4903 3508
36 4903 3357
36 4903 2906
42 4904
36 4904 3201
36 4904 3674
36 4904 2949
36 4904 3985
35 4905
36 4905 4451
36 4905 3985
36 4905 3100
36 4905 3535
36 4905 3691
39 4906
36 4906 4116
36 4906 4381
38 4907
36 4907 4461
36 4907 2871
36 4907 3276
38 4908
36 4908 4395
36 4908 3656
36 4908 2907
36 4908 3276
41 4909
36 4909 4395
36 4909 2927
36 4909 4284
38 4910
36 4910 3144
36 4910 4387
37 4911
36 4911 3684
36 4911 4376
41 4912
36 4912 4469
36 4912 2858
36 4912 3297
36 4912 4389
36 4912 3201
43 4913
36 4913 4469
36 4913 2924
35 4914
36 4914 4471
36 4914 3244
36 4914 4315
36 4914 4433
36 4914 3790
42 4915
36 4915 4471
36 4915 4490
36 4915 1769
36 4915 1261
41 4916
36 4916 3985
36 4916 3535
36 4916 4409
36 4916 3404
38 4917
36 4917 3985
36 4917 3785
36 4917 2929
36 4917 3212
36 4917 4517
45 4918
36 4918 3404
36 4918 4381
36 4918 3975
36 4918 4431
44 4919
36 4919 3404
36 4919 4547
36 4919 3144
36 4919 4333
41 4920
36 4920 4478
36 4920 2883
36 4920 1261
36 4920 3123
42 4921
36 4921 4479
36 4921 3394
36 4921 2841
36 4921 2906
36 4921 3474
35 4922
36 4922 4050
36 4922 4427
36 4922 3428
36 4922 4535
36 4922 3975
42 4923
36 4923 4050
36 4923 2846
36 4923 3212
36 4923 2907
36 4923 2865
43 4924
36 4924 4434
36 4924 2806
39 4925
36 4925 2274
36 4925 487
36 4925 4473
36 4925 4551
39 4926
36 4926 4490
36 4926 3563
36 4926 4374
37 4927
36 4927 4490
36 4927 3990
36 4927 4333
44 4928
36 4928 321
36 4928 3903
36 4928 3648
36 4928 3674
36 4928 3183
44 4929
36 4929 3064
36 4929 4406
36 4929 4183
36 4929 4514
36 4929 2830
38 4930
36 4930 3766
36 4930 328
36 4930 2790
36 4930 4368
36 4930 2846
38 4931
36 4931 3766
36 4931 2846
41 4932
36 4932 924
36 4932 3428
35 4933
36 4933 924
36 4933 4478
42 4934
36 4934 3495
36 4934 3603
42 4935
36 4935 3705
36 4935 4116
36 4935 3123
36 4935 3119
36 4935 3297
40 4936
36 4936 3705
36 4936 4409
36 4936 2871
36 4936 4471
35 4937
36 4937 4505
36 4937 3648
36 4937 2877
36 4937 4110
37 4938
36 4938 4231
36 4938 4167
36 4938 4110
42 4939
36 4939 3674
36 4939 4433
36 4939 4050
43 4940
36 4940 3674
36 4940 2274
39 4941
36 4941 3591
36 4941 4284
36 4941 4475
41 4942
36 4942 3591
36 4942 4475
36 4942 3244
36 4942 3665
36 4942 3535
38 4943
36 4943 3297
36 4943 4183
36 4943 4372
36 4943 4368
36 4943 3363
43 4944
36 4944 3691
36 4944 2871
36 4944 4381
41 4945
36 4945 4515
36 4945 278
36 4945 724
36 4945 3637
45 4946
36 4946 4515
36 4946 4093
36 4946 3244
36 4946 3123
45 4947
36 4947 3603
36 4947 731
36 4947 3428
36 4947 3221
36 4947 3508
39 4948
36 4948 278
36 4948 3428
45 4949
36 4949 278
36 4949 4346
36 4949 3640
36 4949 2882
36 4949 4372
41 4950
36 4950 4517
36 4950 4004
45 4951
36 4951 4517
36 4951 3656
36 4951 3439
38 4952
36 4952 3852
36 4952 2929
36 4952 3656
36 4952 2848
36 4952 3963
41 4953
36 4953 3133
36 4953 508
36 4953 4291
36 4953 3665
36 4953 278
40 4954
36 4954 4526
36 4954 1782
43 4955
36 4955 4281
36 4955 3119
36 4955 4514
36 4955 4551
43 4956
36 4956 4528
36 4956 2927
36 4956 4479
36 4956 4027
36 4956 4389
41 4957
36 4957 508
36 4957 4451
45 4958
36 4958 4268
36 4958 4505
36 4958 731
36 4958 3404
36 4958 3308
40 4959
36 4959 4268
36 4959 3093
36 4959 1782
36 4959 3563
36 4959 2796
39 4960
36 4960 3578
36 4960 3766
40 4961
36 4961 4535
36 4961 4167
36 4961 4349
36 4961 3064
36 4961 321
40 4962
36 4962 3212
36 4962 2871
45 4963
36 4963 4541
36 4963 2906
40 4964
36 4964 3535
36 4964 2864
36 4964 4428
36 4964 3828
36 4964 2961
45 4965
36 4965 3119
36 4965 4231
37 4966
36 4966 4551
36 4966 2854
36 4966 4433
36 4966 2929
46 328
47 328 2860
46 3637
47 3637 2867
46 2831
47 2831 2963
46 2274
47 2274 2821
46 3705
47 3705 2856
46 3852
47 3852 2886
46 3665
47 3665 1580
46 3474
47 3474 2855
46 3828
47 3828 1407
46 3785
47 3785 2827
46 4405
47 4405 2903
46 3212
47 3212 2913
46 4403
47 4403 1475
46 4004
47 4004 2879
46 4284
47 4284 2968
46 3123
47 3123 2826
46 4364
47 4364 2904
46 4491
47 4491 2803
46 4514
47 4514 2954
46 4409
47 4409 2936
46 4307
47 4307 2947
46 2996
47 2996 2962
46 4475
47 4475 2842
46 3357
47 3357 2958
46 4296
47 4296 2797
46 3766
47 3766 2849
46 3183
47 3183 2878
46 4368
47 4368 1644
46 4389
47 4389 2843
46 4541
47 4541 2894
46 3788
47 3788 2812
46 4459
47 4459 2950
46 1261
47 1261 2875
46 4451
47 4451 1203
46 4231
47 4231 2921
46 3308
47 3308 2959
46 4526
47 4526 2850
46 3624
47 3624 2984
46 4376
47 4376 2835
46 321
47 321 2975
46 4281
47 4281 2930
46 4434
47 4434 2836
46 4169
47 4169 1785
46 487
47 487 1897
46 3428
47 3428 2874
46 3201
47 3201 1919
46 3429
47 3429 2817
46 3985
47 3985 1652
46 4490
47 4490 2802
46 4551
47 4551 2910
46 4050
47 4050 2979
46 3990
47 3990 1862
46 3169
47 3169 985
46 3656
47 3656 2811
46 4116
47 4116 2942
46 4027
47 4027 2974
46 4461
47 4461 2899
46 3640
47 3640 921
46 4538
47 4538 2861
46 3563
47 3563 1568
46 3513
47 3513 2941
46 4291
47 4291 1040
46 3519
47 3519 2920
46 4110
47 4110 2798
48 487
48 3684
48 4490
48 4451
48 4403
48 4381
48 4427
48 4422
48 374
48 4409
48 2929
48 3402
48 4514
48 3624
48 3705
48 4050
48 3508
48 321
48 4387
48 4469
48 3644
48 3963
48 3513
48 3357
48 4027
48 1769
48 3448
48 1261
48 3001
48 3407
48 3648
48 4296
48 278
48 4478
48 4491
48 4169
49 4967
2 4967 2786
49 4968
2 4968 2786
49 4969
2 4969 2786
49 4970
2 4970 2786
49 4971
2 4971 2786
49 4972
2 4972 2786
49 4973
2 4973 2786
49 4974
2 4974 2786
49 4975
2 4975 2786
49 4976
2 4976 2786
49 4977
2 4977 2786
49 4978
2 4978 2786
49 4979
2 4979 2786
49 4980
2 4980 2786
49 4981
2 4981 2786
50 4982
16 4982 2786
11 4982 641
10 4982 4983
10 4982 2713
10 4982 4984
50 4985
22 4985 2786
11 4985 641
6 4985 3667
7 4985 73
51 4986
22 4986 2786
11 4986 650
10 4986 155
10 4986 3260
51 4987
22 4987 2786
11 4987 650
10 4987 4988
10 4987 4989
9 4987 67
7 4987 8
9 4987 93
51 3638
22 3638 2786
11 3638 641
10 3638 4988
10 3638 4990
10 3638 4991
10 3638 3429
10 3638 4992
11 3638 20
51 4993
22 4993 2786
11 4993 641
6 4993 4994
10 4993 4995
10 4993 4996
10 4993 4984
10 4993 4997
8 4993 11
8 4993 88
51 4998
22 4998 2786
11 4998 641
10 4998 602
10 4998 2746
10 4998 4999
10 4998 1981
51 5000
22 5000 2786
11 5000 641
10 5000 5001
10 5000 4992
10 5000 2711
10 5000 5002
10 5000 3167
11 5000 32
51 4997
22 4997 2786
11 4997 650
10 4997 2982
8 4997 67
8 4997 8
11 4997 60
11 4997 32
51 4298
22 4298 2786
11 4298 650
10 4298 5003
10 4298 3638
10 4298 2722
11 4298 21
51 3969
22 3969 2786
11 3969 650
11 3969 102
11 3969 32
51 5004
22 5004 2786
11 5004 641
10 5004 5005
10 5004 1686
10 5004 4988
9 5004 11
8 5004 9
8 5004 19
51 2713
22 2713 2786
11 2713 650
10 2713 5006
10 2713 5007
7 2713 9
9 2713 67
51 4990
22 4990 2786
11 4990 641
10 4990 3570
7 4990 67
11 4990 32
11 4990 60
51 4988
22 4988 2786
11 4988 641
10 4988 5008
10 4988 4982
10 4988 5009
10 4988 4997
10 4988 5000
7 4988 11
9 4988 88
11 4988 102
51 4996
22 4996 2786
11 4996 641
10 4996 4997
10 4996 2729
51 5002
22 5002 2786
11 5002 650
10 5002 5010
10 5002 4114
10 5002 4986
10 5002 4988
10 5002 3049
8 5002 88
8 5002 11
8 5002 8
8 5002 67
51 5011
22 5011 2786
11 5011 641
10 5011 5012
10 5011 5013
10 5011 4990
51 4992
22 4992 2786
11 4992 650
10 4992 5014
10 4992 5015
10 4992 5016
10 4992 5011
10 4992 2719
51 5017
22 5017 2786
11 5017 641
10 5017 4998
10 5017 3638
10 5017 2721
10 5017 5007
10 5017 4996
4 5018
22 5018 2786
11 5018 641
4 4540
22 4540 2786
11 4540 641
10 4540 4505
10 4540 4078
10 4540 3616
10 4540 5019
10 4540 5020
7 4540 19
7 4540 10
9 4540 93
4 5021
22 5021 2786
11 5021 641
10 5021 3606
10 5021 5022
10 5021 46
8 5021 73
4 3094
22 3094 2786
11 3094 641
10 3094 344
10 3094 585
10 3094 5023
10 3094 4986
10 3094 5024
4 5025
22 5025 2786
11 5025 641
6 5025 5026
10 5025 5027
10 5025 5028
10 5025 5029
10 5025 5030
10 5025 1604
8 5025 10
11 5025 60
4 5031
22 5031 2786
11 5031 650
4 5032
22 5032 2786
11 5032 650
10 5032 5033
10 5032 5034
4 4501
22 4501 2786
11 4501 641
10 4501 37
10 4501 5035
10 4501 1434
10 4501 1739
11 4501 74
11 4501 348
4 4086
22 4086 2786
11 4086 650
10 4086 3437
8 4086 11
8 4086 93
7 4086 67
4 2834
22 2834 2786
11 2834 650
10 2834 3190
4 5036
22 5036 2786
11 5036 650
10 5036 360
10 5036 5037
7 5036 93
11 5036 102
4 5038
22 5038 2786
11 5038 650
9 5038 13
11 5038 20
4 3754
22 3754 2786
11 3754 641
10 3754 5039
8 3754 8
8 3754 93
9 3754 67
52 881
53 88
54 1119
55 891
56 1388
57 840
58 19
59 13
60 1231
61 1069
62 939
63 871
64 947
65 93
66 955
67 926
68 1036
69 843
70 1174
71 902
72 913
73 900
74 998
75 984
53 73
76 1219
77 1099
78 847
79 908
80 1006
81 959
82 1092
83 849
84 918
85 867
86 888
87 5040
88 853
87 5041
87 5042
89 860
90 1013
91 1017
92 1024
65 10
93 832
87 5043
94 1312
65 8
87 5044
53 11
87 5045
95 1155
96 67
97 9
98 930
87 5046
87 5047
n_const 5048
n_fact 21618
