0 0
1 1
2 1 0
3 2
2 2 0
3 3
2 3 0
3 4
2 4 0
3 5
2 5 0
4 6
5 6 1
6 6 7
7 6 8
8 6 9
8 6 10
8 6 11
4 12
5 12 1
7 12 13
4 14
5 14 1
9 14 11
4 15
5 15 1
10 15 16
10 15 17
4 18
5 18 1
8 18 8
7 18 19
11 18 20
11 18 21
4 22
5 22 1
6 22 23
6 22 24
8 22 8
11 22 20
4 25
5 25 1
10 25 26
4 27
5 27 1
10 27 28
10 27 29
10 27 30
10 27 31
11 27 32
4 33
5 33 1
10 33 34
10 33 35
4 36
5 36 1
10 36 37
10 36 38
10 36 39
10 36 40
10 36 41
4 42
5 42 1
10 42 43
8 42 9
4 31
5 31 1
9 31 8
4 44
5 44 1
10 44 45
10 44 46
10 44 47
4 48
5 48 1
11 48 20
4 49
5 49 1
10 49 50
7 49 8
4 51
5 51 1
6 51 52
10 51 53
10 51 54
10 51 55
10 51 56
10 51 57
4 58
5 58 1
10 58 59
8 58 8
11 58 60
4 61
5 61 1
10 61 62
10 61 39
4 63
5 63 1
10 63 64
10 63 65
10 63 66
7 63 13
8 63 67
7 63 8
8 63 19
4 68
5 68 1
10 68 69
10 68 70
10 68 71
10 68 72
9 68 73
11 68 74
4 75
5 75 1
11 75 32
4 76
5 76 1
9 76 19
4 77
5 77 1
4 78
5 78 1
10 78 79
4 80
5 80 1
10 80 81
4 82
5 82 1
10 82 83
10 82 84
10 82 85
10 82 86
10 82 87
9 82 88
4 89
5 89 1
10 89 90
10 89 91
10 89 92
10 89 49
8 89 93
11 89 32
4 94
5 94 1
10 94 95
4 96
5 96 1
10 96 97
11 96 74
4 72
5 72 1
10 72 98
10 72 99
10 72 100
10 72 101
8 72 93
9 72 10
8 72 19
8 72 8
8 72 67
11 72 102
11 72 60
4 103
5 103 1
10 103 104
10 103 105
4 106
5 106 1
6 106 107
6 106 108
10 106 109
8 106 88
9 106 9
8 106 19
4 110
5 110 1
6 110 111
10 110 112
10 110 113
4 114
5 114 1
10 114 115
10 114 116
10 114 117
10 114 118
10 114 119
4 120
5 120 1
10 120 121
11 120 102
4 122
5 122 1
6 122 123
10 122 124
10 122 89
10 122 125
10 122 126
10 122 127
4 128
5 128 1
6 128 129
10 128 130
10 128 131
4 132
5 132 1
10 132 133
10 132 134
9 132 73
11 132 135
4 136
5 136 1
8 136 8
4 59
5 59 1
10 59 137
10 59 138
4 111
5 111 1
10 111 139
4 140
5 140 1
10 140 141
10 140 142
10 140 143
10 140 144
10 140 145
8 140 19
4 146
5 146 1
10 146 147
11 146 102
4 148
5 148 1
10 148 149
4 85
5 85 1
10 85 150
10 85 128
10 85 151
10 85 30
10 85 108
4 152
5 152 1
6 152 153
6 152 154
10 152 155
10 152 156
10 152 157
10 152 158
10 152 159
4 160
5 160 1
10 160 161
10 160 162
4 163
5 163 1
10 163 164
10 163 165
10 163 166
10 163 167
4 168
5 168 1
10 168 169
10 168 170
10 168 171
10 168 92
7 168 9
4 172
5 172 1
6 172 173
10 172 174
10 172 175
10 172 176
4 177
5 177 1
7 177 19
11 177 102
11 177 135
4 178
5 178 1
10 178 179
10 178 92
7 178 10
11 178 74
4 56
5 56 1
10 56 180
10 56 181
8 56 88
4 182
5 182 1
10 182 26
10 182 183
10 182 184
10 182 185
8 182 19
4 186
5 186 1
10 186 187
11 186 102
4 188
5 188 1
10 188 189
8 188 73
4 190
5 190 1
10 190 191
7 190 13
4 69
5 69 1
4 192
5 192 1
10 192 193
10 192 194
10 192 195
10 192 75
8 192 13
8 192 11
4 196
5 196 1
10 196 197
8 196 93
4 108
5 108 1
10 108 198
10 108 199
11 108 135
4 200
5 200 1
11 200 60
11 200 102
4 201
5 201 1
10 201 202
10 201 203
10 201 204
8 201 10
4 156
5 156 1
10 156 205
4 206
5 206 1
10 206 207
10 206 208
10 206 209
10 206 210
10 206 211
11 206 74
4 212
5 212 1
10 212 81
10 212 213
10 212 148
10 212 214
11 212 32
4 215
5 215 1
6 215 216
10 215 217
10 215 15
10 215 218
10 215 58
4 219
5 219 1
10 219 220
10 219 221
9 219 67
4 202
5 202 1
10 202 222
10 202 138
10 202 223
10 202 224
4 225
5 225 1
10 225 103
10 225 136
10 225 226
10 225 227
4 228
5 228 1
10 228 229
10 228 27
10 228 230
4 231
5 231 1
10 231 232
10 231 124
8 231 10
9 231 11
4 26
5 26 1
10 26 233
10 26 234
10 26 235
7 26 10
4 151
5 151 1
10 151 236
10 151 63
10 151 237
11 151 60
4 66
5 66 1
10 66 87
9 66 93
4 238
5 238 1
10 238 134
10 238 239
10 238 186
4 240
5 240 1
9 240 88
4 241
5 241 1
6 241 242
10 241 243
10 241 244
10 241 245
10 241 246
11 241 20
4 247
5 247 1
10 247 110
10 247 248
10 247 249
10 247 250
9 247 10
7 247 11
8 247 73
4 251
5 251 1
10 251 252
10 251 253
10 251 254
10 251 94
4 23
5 23 1
10 23 255
10 23 91
10 23 256
10 23 257
10 23 258
8 23 93
4 259
5 259 1
10 259 260
10 259 247
10 259 261
10 259 262
10 259 263
9 259 93
4 264
5 264 1
4 265
5 265 1
8 265 73
9 265 10
11 265 32
4 112
5 112 1
10 112 266
10 112 267
10 112 234
10 112 268
7 112 8
4 118
5 118 1
10 118 217
10 118 269
9 118 19
8 118 73
9 118 13
11 118 60
4 270
5 270 1
10 270 200
10 270 271
10 270 82
7 270 73
11 270 74
11 270 32
4 272
5 272 1
10 272 152
10 272 193
10 272 273
8 272 73
7 272 13
8 272 9
9 272 10
7 272 67
4 83
5 83 1
10 83 274
10 83 275
10 83 276
4 211
5 211 1
8 211 10
9 211 73
8 211 13
9 211 11
4 277
5 277 1
10 277 278
10 277 148
10 277 279
10 277 244
4 249
5 249 1
10 249 51
10 249 180
10 249 280
8 249 93
11 249 135
11 249 74
4 124
5 124 1
10 124 36
10 124 281
4 86
5 86 1
10 86 282
10 86 58
10 86 283
10 86 152
7 86 9
8 86 19
4 207
5 207 1
6 207 284
10 207 285
10 207 36
10 207 286
8 207 11
4 287
5 287 1
10 287 288
4 258
5 258 1
10 258 289
10 258 272
9 258 19
7 258 93
7 258 13
8 258 73
7 258 10
4 290
5 290 1
10 290 291
10 290 292
10 290 293
10 290 294
4 295
5 295 1
10 295 296
10 295 297
10 295 298
10 295 111
4 299
5 299 1
6 299 300
10 299 301
10 299 302
7 299 19
4 303
5 303 1
10 303 26
10 303 290
10 303 207
4 193
5 193 1
10 193 244
10 193 89
10 193 304
10 193 190
10 193 305
8 193 8
7 193 10
11 193 21
4 50
5 50 1
10 50 306
10 50 108
10 50 307
10 50 308
10 50 309
9 50 13
7 50 11
8 50 67
4 310
5 310 1
10 310 235
10 310 259
8 310 67
7 310 88
8 310 10
8 310 73
8 310 93
4 311
5 311 1
10 311 206
10 311 312
10 311 94
8 311 19
9 311 93
9 311 11
4 262
5 262 1
10 262 313
10 262 258
10 262 314
11 262 32
4 315
5 315 1
10 315 316
9 315 10
8 315 93
11 315 135
4 317
5 317 1
10 317 318
10 317 319
10 317 140
4 155
5 155 1
11 155 102
4 30
5 30 1
10 30 182
10 30 320
10 30 321
10 30 322
10 30 323
4 324
5 324 1
10 324 26
10 324 325
10 324 326
10 324 252
7 324 13
4 327
5 327 1
10 327 72
10 327 328
10 327 329
10 327 264
10 327 131
4 330
5 330 1
7 330 10
8 330 67
8 330 9
4 243
5 243 1
10 243 37
10 243 148
10 243 331
10 243 188
10 243 332
8 243 11
4 333
5 333 1
10 333 334
10 333 335
8 333 10
4 336
5 336 1
10 336 337
4 65
5 65 1
10 65 338
10 65 339
10 65 340
10 65 341
10 65 254
11 65 21
11 65 102
4 342
5 342 1
10 342 343
4 344
5 344 1
10 344 345
10 344 346
10 344 347
11 344 348
4 158
5 158 1
10 158 349
10 158 350
4 37
5 37 1
10 37 232
10 37 351
10 37 352
4 353
5 353 1
10 353 354
10 353 112
11 353 60
4 355
5 355 1
10 355 112
10 355 299
10 355 308
10 355 356
7 355 88
11 355 102
4 357
5 357 1
9 357 88
4 226
5 226 1
10 226 267
10 226 358
10 226 359
10 226 360
8 226 88
11 226 361
4 362
5 362 1
10 362 363
10 362 364
10 362 365
4 366
5 366 1
10 366 367
8 366 19
4 281
5 281 1
10 281 368
10 281 369
10 281 370
4 371
5 371 1
10 371 372
10 371 280
8 371 67
4 373
5 373 1
10 373 374
10 373 375
8 373 8
8 373 73
9 373 19
7 373 88
4 208
5 208 1
6 208 376
10 208 366
9 208 19
4 252
5 252 1
4 134
5 134 1
10 134 318
10 134 377
10 134 308
10 134 378
10 134 379
9 134 73
8 134 11
4 380
5 380 1
8 380 19
11 380 135
4 381
5 381 1
4 92
5 92 1
10 92 382
10 92 383
10 92 384
8 92 10
4 385
5 385 1
10 385 237
10 385 386
10 385 387
7 385 73
8 385 9
7 385 19
11 385 102
4 57
5 57 1
10 57 99
10 57 388
4 389
5 389 1
6 389 349
10 389 390
11 389 102
4 391
5 391 1
10 391 177
10 391 392
10 391 393
11 391 135
4 394
5 394 1
10 394 395
10 394 396
10 394 397
10 394 398
4 234
5 234 1
10 234 78
10 234 399
10 234 110
10 234 400
10 234 401
9 234 9
7 234 67
8 234 19
11 234 32
4 318
5 318 1
10 318 402
10 318 403
10 318 103
10 318 89
10 318 86
4 404
5 404 1
6 404 405
10 404 406
10 404 368
8 404 8
4 162
5 162 1
10 162 75
10 162 407
10 162 408
10 162 240
4 282
5 282 1
10 282 409
8 282 67
7 282 10
9 282 19
4 410
5 410 1
10 410 411
10 410 239
9 410 9
9 410 11
4 412
5 412 1
10 412 413
10 412 414
10 412 201
10 412 54
8 412 73
8 412 9
7 412 67
4 302
5 302 1
10 302 415
10 302 416
10 302 380
4 417
5 417 1
10 417 249
10 417 418
10 417 163
10 417 419
4 420
5 420 1
10 420 421
10 420 168
10 420 94
10 420 422
10 420 122
4 423
5 423 1
10 423 424
4 425
5 425 1
10 425 30
10 425 111
10 425 426
10 425 389
10 425 427
8 425 10
11 425 20
4 428
5 428 1
6 428 429
10 428 39
10 428 423
8 428 19
8 428 13
8 428 88
4 133
5 133 1
10 133 311
10 133 430
10 133 431
10 133 432
9 133 8
8 133 11
8 133 9
9 133 88
4 179
5 179 1
10 179 433
10 179 434
10 179 435
10 179 436
4 138
5 138 1
6 138 437
10 138 438
4 407
5 407 1
10 407 331
10 407 59
10 407 92
10 407 62
10 407 272
4 439
5 439 1
10 439 103
10 439 177
7 439 93
4 440
5 440 1
10 440 163
4 441
5 441 1
10 441 305
8 441 88
8 441 10
4 442
5 442 1
9 442 19
11 442 60
4 443
5 443 1
10 443 342
10 443 444
10 443 445
10 443 85
10 443 281
9 443 8
8 443 73
4 446
5 446 1
10 446 115
8 446 9
4 447
5 447 1
10 447 448
10 447 392
10 447 449
10 447 360
10 447 450
4 451
5 451 1
10 451 452
8 451 10
4 246
5 246 1
10 246 453
8 246 11
4 454
5 454 1
10 454 114
11 454 21
4 455
5 455 1
8 455 10
4 235
5 235 1
11 235 361
11 235 60
4 239
5 239 1
6 239 456
10 239 457
10 239 458
10 239 455
10 239 39
4 254
5 254 1
10 254 459
10 254 460
9 254 11
8 254 73
11 254 74
4 461
5 461 1
10 461 462
10 461 417
10 461 463
4 400
5 400 1
6 400 464
4 71
5 71 1
10 71 465
10 71 466
10 71 258
10 71 467
4 232
5 232 1
6 232 468
6 232 469
10 232 51
10 232 470
7 232 10
7 232 13
9 232 67
9 232 93
7 232 11
4 471
5 471 1
10 471 472
4 473
5 473 1
10 473 308
10 473 474
11 473 20
11 473 102
4 34
5 34 1
10 34 475
10 34 89
10 34 344
4 38
5 38 1
10 38 299
10 38 476
10 38 477
11 38 32
4 289
5 289 1
10 289 478
10 289 479
4 81
5 81 1
10 81 480
11 81 102
4 481
5 481 1
8 481 9
4 482
5 482 1
10 482 303
10 482 483
10 482 484
10 482 485
4 271
5 271 1
8 271 10
8 271 88
4 367
5 367 1
10 367 486
10 367 487
10 367 488
7 367 93
9 367 11
4 489
5 489 1
7 489 93
11 489 60
4 434
5 434 1
10 434 490
10 434 491
9 434 10
8 434 19
8 434 13
4 297
5 297 1
10 297 178
10 297 428
10 297 57
10 297 492
4 360
5 360 1
7 360 13
4 493
5 493 1
10 493 308
10 493 494
10 493 495
7 493 19
4 496
5 496 1
10 496 241
10 496 46
11 496 361
4 115
5 115 1
10 115 497
10 115 498
4 313
5 313 1
6 313 86
10 313 146
10 313 499
10 313 500
10 313 49
10 313 501
4 475
5 475 1
10 475 502
10 475 503
8 475 8
11 475 361
4 504
5 504 1
10 504 505
10 504 80
4 506
5 506 1
4 99
5 99 1
10 99 423
10 99 51
10 99 156
10 99 373
10 99 507
8 99 10
7 99 8
7 99 19
4 331
5 331 1
10 331 508
10 331 509
7 331 8
8 331 67
9 331 13
8 331 19
4 244
5 244 1
9 244 73
8 244 19
8 244 8
7 244 93
8 244 10
4 166
5 166 1
6 166 510
8 166 93
4 349
5 349 1
10 349 511
10 349 77
10 349 512
10 349 513
10 349 336
8 349 73
4 514
5 514 1
10 514 132
10 514 434
8 514 9
7 514 73
4 515
5 515 1
10 515 516
10 515 517
10 515 518
7 515 11
8 515 88
9 515 73
8 515 93
7 515 19
4 142
5 142 1
10 142 132
10 142 112
10 142 519
10 142 520
9 142 73
7 142 93
8 142 8
8 142 10
8 142 88
4 521
5 521 1
9 521 9
4 522
5 522 1
10 522 523
4 524
5 524 1
4 384
5 384 1
10 384 133
10 384 12
4 392
5 392 1
10 392 89
10 392 207
10 392 525
10 392 526
10 392 521
4 305
5 305 1
10 305 244
10 305 38
10 305 240
10 305 384
10 305 527
4 528
5 528 1
10 528 83
10 528 272
10 528 529
10 528 243
10 528 389
4 180
5 180 1
10 180 530
9 180 9
11 180 20
4 531
5 531 1
10 531 151
10 531 308
10 531 118
10 531 532
10 531 533
4 214
5 214 1
10 214 336
10 214 534
10 214 353
10 214 535
11 214 348
4 536
5 536 1
10 536 362
10 536 214
4 459
5 459 1
10 459 258
10 459 537
10 459 538
4 539
5 539 1
10 539 540
10 539 541
10 539 542
10 539 543
11 539 32
4 217
5 217 1
10 217 188
10 217 544
10 217 86
10 217 545
8 217 11
4 91
5 91 1
10 91 254
10 91 546
10 91 547
4 144
5 144 1
6 144 548
9 144 13
8 144 73
8 144 8
9 144 67
11 144 60
11 144 60
4 549
5 549 1
10 549 550
4 551
5 551 1
6 551 552
10 551 83
10 551 553
10 551 554
10 551 555
10 551 404
4 46
5 46 1
10 46 211
10 46 556
10 46 295
10 46 440
4 17
5 17 1
10 17 447
10 17 557
10 17 264
10 17 558
10 17 559
9 17 88
4 560
5 560 1
10 560 417
10 560 561
10 560 562
10 560 61
4 419
5 419 1
10 419 563
10 419 564
10 419 420
4 565
5 565 1
10 565 566
10 565 567
10 565 190
10 565 455
10 565 503
11 565 20
4 422
5 422 1
10 422 568
10 422 440
10 422 569
10 422 69
8 422 93
11 422 74
4 570
5 570 1
10 570 571
10 570 572
10 570 573
10 570 574
8 570 73
11 570 32
4 575
5 575 1
10 575 576
10 575 217
10 575 504
10 575 577
8 575 9
11 575 361
4 62
5 62 1
6 62 578
10 62 186
10 62 254
10 62 459
10 62 579
4 580
5 580 1
10 580 77
10 580 581
10 580 582
10 580 410
10 580 583
8 580 11
8 580 73
11 580 74
11 580 361
4 584
5 584 1
10 584 295
10 584 585
10 584 586
10 584 587
10 584 588
9 584 13
7 584 10
8 584 11
4 411
5 411 1
10 411 302
10 411 589
10 411 590
10 411 455
7 411 88
8 411 73
8 411 10
9 411 13
4 87
5 87 1
10 87 591
10 87 359
8 87 67
4 368
5 368 1
10 368 592
10 368 144
7 368 9
7 368 88
8 368 11
8 368 67
11 368 74
11 368 32
4 593
5 593 1
10 593 244
4 594
5 594 1
6 594 595
10 594 327
4 449
5 449 1
10 449 310
10 449 451
10 449 596
10 449 212
10 449 597
8 449 88
8 449 10
8 449 93
4 466
5 466 1
10 466 584
10 466 598
10 466 156
9 466 19
11 466 102
4 591
5 591 1
10 591 599
10 591 324
10 591 600
10 591 392
8 591 13
7 591 10
11 591 361
11 591 135
4 601
5 601 1
4 503
5 503 1
10 503 602
10 503 575
4 308
5 308 1
11 308 32
11 308 361
4 359
5 359 1
10 359 603
10 359 604
9 359 8
4 39
5 39 1
9 39 67
4 605
5 605 1
8 605 19
7 605 73
4 54
5 54 1
10 54 391
8 54 13
8 54 10
9 54 67
11 54 102
11 54 361
4 606
5 606 1
11 606 135
11 606 60
4 607
5 607 1
6 607 608
10 607 609
10 607 610
10 607 408
10 607 611
8 607 19
9 607 8
4 550
5 550 1
10 550 282
10 550 214
10 550 612
9 550 93
11 550 135
4 613
5 613 1
10 613 614
10 613 615
9 613 19
4 616
5 616 1
10 616 61
10 616 136
10 616 617
10 616 69
10 616 371
11 616 20
4 618
5 618 1
10 618 521
9 618 67
4 41
5 41 1
10 41 619
10 41 620
10 41 621
10 41 616
8 41 8
9 41 13
7 41 19
4 137
5 137 1
6 137 622
10 137 232
11 137 60
4 280
5 280 1
10 280 623
10 280 624
10 280 625
10 280 419
10 280 626
4 396
5 396 1
4 408
5 408 1
10 408 627
10 408 628
10 408 629
10 408 630
9 408 10
4 267
5 267 1
10 267 631
4 540
5 540 1
10 540 392
4 558
5 558 1
10 558 394
10 558 357
10 558 211
10 558 162
4 632
5 632 1
10 632 633
10 632 634
10 632 461
7 632 9
12 635
2 635 4
13 636
14 636 635
10 636 637
10 636 638
10 636 639
8 636 10
11 636 60
15 640
14 640 635
11 640 641
7 640 67
16 640 635
17 640 0
18 640 642
19 640 643
20 640 644
20 640 645
20 640 646
20 640 647
21 640 648
15 649
11 649 650
10 649 651
10 649 652
10 649 113
11 649 135
11 649 60
16 649 635
17 649 653
18 649 654
19 649 654
20 649 655
20 649 656
20 649 657
20 649 658
21 649 648
15 659
11 659 650
10 659 660
10 659 661
10 659 662
9 659 19
8 659 93
22 659 635
17 659 643
18 659 643
19 659 654
20 659 663
20 659 664
20 659 665
20 659 666
21 659 648
15 113
11 113 641
16 113 635
17 113 654
18 113 643
19 113 654
20 113 667
20 113 668
21 113 648
15 669
11 669 641
10 669 30
10 669 670
10 669 671
10 669 672
10 669 673
7 669 10
7 669 88
16 669 635
17 669 642
18 669 653
19 669 653
20 669 674
20 669 675
20 669 676
20 669 677
20 669 678
21 669 648
15 638
11 638 650
6 638 679
10 638 680
10 638 681
10 638 682
10 638 671
10 638 683
9 638 11
16 638 635
17 638 0
18 638 654
19 638 642
20 638 684
20 638 685
20 638 686
21 638 648
15 687
11 687 641
10 687 688
10 687 671
10 687 689
8 687 10
8 687 93
22 687 635
17 687 643
18 687 643
19 687 0
20 687 690
20 687 691
20 687 692
20 687 693
20 687 694
21 687 648
15 637
11 637 641
10 637 638
10 637 695
10 637 696
10 637 697
8 637 10
8 637 11
8 637 9
9 637 73
8 637 88
11 637 32
22 637 635
17 637 654
18 637 654
19 637 642
20 637 698
20 637 699
20 637 700
21 637 648
23 701
11 701 650
10 701 696
10 701 702
10 701 671
11 701 32
22 701 635
17 701 653
18 701 0
19 701 654
20 701 703
20 701 704
21 701 648
23 705
11 705 641
6 705 706
16 705 635
17 705 653
18 705 654
19 705 642
20 705 707
20 705 708
20 705 709
21 705 648
23 682
11 682 641
10 682 710
10 682 711
10 682 712
11 682 102
11 682 74
22 682 635
17 682 654
18 682 0
19 682 643
20 682 713
20 682 714
20 682 715
20 682 716
21 682 648
23 710
11 710 641
16 710 635
17 710 642
18 710 653
19 710 653
20 710 717
20 710 718
20 710 719
20 710 720
20 710 721
21 710 648
23 722
11 722 650
10 722 640
10 722 723
10 722 724
10 722 649
8 722 93
8 722 11
9 722 8
11 722 60
11 722 74
22 722 635
17 722 643
18 722 654
19 722 653
20 722 725
20 722 726
20 722 727
20 722 728
20 722 729
21 722 648
23 661
11 661 641
10 661 730
10 661 731
10 661 732
10 661 113
22 661 635
17 661 643
18 661 0
19 661 643
20 661 733
20 661 734
20 661 735
21 661 648
23 660
11 660 641
6 660 736
8 660 10
8 660 11
11 660 74
22 660 635
17 660 653
18 660 653
19 660 653
20 660 737
20 660 738
20 660 739
20 660 740
20 660 741
21 660 648
23 696
11 696 650
10 696 742
10 696 743
22 696 635
17 696 642
18 696 653
19 696 654
20 696 744
20 696 745
20 696 746
20 696 747
21 696 648
23 673
11 673 641
10 673 649
10 673 748
10 673 702
10 673 749
16 673 635
17 673 653
18 673 0
19 673 654
20 673 750
20 673 751
20 673 752
21 673 648
23 712
11 712 650
10 712 753
11 712 60
16 712 635
17 712 642
18 712 643
19 712 654
20 712 754
20 712 755
20 712 756
20 712 757
20 712 758
21 712 648
23 753
11 753 650
22 753 635
17 753 643
18 753 643
19 753 642
20 753 759
20 753 760
20 753 761
20 753 762
20 753 763
21 753 648
24 764
11 764 641
10 764 671
10 764 710
10 764 765
10 764 702
7 764 10
8 764 9
22 764 635
17 764 643
18 764 654
19 764 654
20 764 766
20 764 767
20 764 768
21 764 648
24 671
11 671 641
10 671 769
16 671 635
17 671 654
18 671 0
19 671 643
20 671 770
20 671 771
20 671 772
20 671 773
21 671 648
24 688
11 688 641
10 688 774
10 688 775
10 688 776
11 688 32
16 688 635
17 688 653
18 688 642
19 688 653
20 688 777
20 688 778
20 688 779
20 688 780
21 688 648
24 689
11 689 650
10 689 687
7 689 10
22 689 635
17 689 0
18 689 653
19 689 653
20 689 781
20 689 782
20 689 783
20 689 784
20 689 785
21 689 648
24 786
11 786 650
11 786 102
22 786 635
17 786 654
18 786 654
19 786 643
20 786 787
20 786 788
20 786 789
20 786 790
21 786 648
24 791
11 791 650
10 791 792
10 791 793
10 791 765
7 791 19
8 791 11
9 791 93
11 791 102
11 791 135
16 791 635
17 791 0
18 791 643
19 791 0
20 791 794
20 791 795
20 791 796
21 791 648
24 662
11 662 650
10 662 797
10 662 798
10 662 799
11 662 348
11 662 32
16 662 635
17 662 642
18 662 643
19 662 642
20 662 800
20 662 801
20 662 802
21 662 648
25 803
25 804
26 769
11 769 650
10 769 805
10 769 806
22 769 635
17 769 653
18 769 654
19 769 654
20 769 807
20 769 808
20 769 809
20 769 810
20 769 811
26 765
11 765 641
10 765 812
9 765 9
7 765 93
7 765 10
11 765 60
11 765 32
16 765 635
17 765 642
18 765 643
19 765 643
20 765 813
20 765 814
20 765 815
20 765 816
26 792
11 792 641
8 792 9
11 792 32
22 792 635
17 792 654
18 792 654
19 792 642
20 792 817
20 792 818
20 792 819
26 749
11 749 650
10 749 820
10 749 680
22 749 635
17 749 643
18 749 653
19 749 643
20 749 821
20 749 822
20 749 823
20 749 824
26 702
11 702 650
10 702 825
10 702 682
16 702 635
17 702 653
18 702 654
19 702 642
20 702 826
20 702 827
20 702 828
20 702 829
27 830
11 830 650
10 830 831
28 830 635
29 830 832
30 830 833
30 830 781
30 830 674
30 830 817
27 834
11 834 641
10 834 835
10 834 836
10 834 837
10 834 838
10 834 839
28 834 635
29 834 840
30 834 733
30 834 698
27 841
11 841 650
10 841 842
28 841 635
29 841 843
30 841 760
30 841 699
30 841 755
30 841 817
27 369
11 369 650
10 369 844
10 369 845
10 369 846
28 369 635
29 369 847
30 369 781
30 369 808
30 369 713
27 848
11 848 650
28 848 635
29 848 849
30 848 745
30 848 850
27 851
11 851 641
7 851 10
28 851 635
29 851 847
30 851 737
30 851 738
30 851 750
27 852
11 852 650
28 852 635
29 852 853
30 852 713
30 852 725
27 854
11 854 650
10 854 855
10 854 856
10 854 857
10 854 858
10 854 859
28 854 635
29 854 860
30 854 814
30 854 751
31 854 687
27 861
11 861 641
10 861 862
10 861 863
10 861 864
10 861 865
10 861 866
7 861 13
9 861 67
7 861 10
28 861 635
29 861 867
30 861 868
30 861 645
27 869
11 869 650
10 869 870
7 869 73
8 869 10
8 869 9
7 869 11
11 869 135
28 869 635
29 869 871
30 869 872
30 869 815
30 869 873
27 874
11 874 641
6 874 162
10 874 875
10 874 876
10 874 877
10 874 878
11 874 348
28 874 635
29 874 867
30 874 817
30 874 699
30 874 809
30 874 675
27 879
11 879 650
10 879 880
8 879 93
9 879 67
9 879 11
28 879 635
29 879 881
30 879 644
30 879 676
30 879 882
30 879 883
27 884
11 884 650
10 884 885
10 884 886
10 884 887
10 884 39
28 884 635
29 884 888
30 884 699
30 884 675
30 884 726
27 889
11 889 650
10 889 890
11 889 102
11 889 21
28 889 635
29 889 891
30 889 761
30 889 734
27 892
11 892 641
10 892 893
10 892 894
10 892 895
10 892 879
10 892 896
9 892 19
28 892 635
29 892 860
30 892 667
30 892 733
30 892 815
27 863
11 863 641
10 863 897
10 863 28
10 863 898
10 863 899
9 863 11
8 863 8
28 863 635
29 863 900
30 863 816
30 863 760
30 863 717
27 901
11 901 641
28 901 635
29 901 902
30 901 644
30 901 703
31 901 696
27 903
11 903 650
10 903 904
10 903 905
10 903 906
10 903 907
7 903 88
28 903 635
29 903 908
30 903 909
30 903 676
31 903 765
27 910
11 910 650
10 910 911
10 910 912
9 910 13
7 910 10
28 910 635
29 910 913
30 910 717
30 910 794
30 910 747
30 910 692
27 914
11 914 641
10 914 915
10 914 916
10 914 7
10 914 917
28 914 635
29 914 918
30 914 644
30 914 674
30 914 827
30 914 814
27 919
11 919 641
10 919 920
10 919 242
9 919 67
8 919 19
8 919 93
7 919 8
8 919 88
11 919 74
28 919 635
29 919 843
30 919 766
30 919 921
30 919 726
27 922
11 922 650
10 922 923
10 922 924
10 922 925
8 922 67
11 922 348
11 922 135
28 922 635
29 922 926
30 922 691
30 922 814
27 927
11 927 641
10 927 928
10 927 466
10 927 929
9 927 19
8 927 88
28 927 635
29 927 930
30 927 931
30 927 771
27 932
11 932 641
10 932 933
10 932 100
10 932 934
28 932 635
29 932 853
30 932 935
30 932 667
30 932 783
27 936
11 936 650
10 936 897
10 936 937
10 936 938
8 936 9
28 936 635
29 936 939
30 936 794
30 936 760
30 936 745
30 936 940
27 941
11 941 641
10 941 942
10 941 943
28 941 635
29 941 871
30 941 703
30 941 794
27 944
11 944 641
10 944 945
10 944 911
10 944 946
11 944 21
28 944 635
29 944 947
30 944 948
30 944 684
30 944 734
30 944 717
27 949
11 949 641
10 949 950
28 949 635
29 949 849
30 949 678
30 949 771
27 951
11 951 650
10 951 952
10 951 953
10 951 954
8 951 73
11 951 21
11 951 32
28 951 635
29 951 955
30 951 699
30 951 750
27 956
11 956 641
9 956 9
28 956 635
29 956 955
30 956 759
30 956 807
30 956 818
27 957
11 957 650
10 957 958
11 957 74
28 957 635
29 957 959
30 957 759
30 957 744
31 957 791
27 960
11 960 650
6 960 961
10 960 962
10 960 963
10 960 964
10 960 965
10 960 966
8 960 10
7 960 13
28 960 635
29 960 959
30 960 822
30 960 759
30 960 967
27 968
11 968 641
6 968 533
10 968 969
10 968 970
10 968 971
28 968 635
29 968 881
30 968 745
30 968 807
30 968 818
30 968 693
27 159
11 159 641
10 159 972
7 159 11
28 159 635
29 159 947
30 159 717
30 159 795
27 973
11 973 641
10 973 526
10 973 974
28 973 635
29 973 871
30 973 761
30 973 744
30 973 975
27 976
11 976 650
8 976 11
8 976 73
28 976 635
29 976 867
30 976 691
30 976 771
30 976 815
31 976 712
27 977
11 977 650
10 977 978
10 977 979
10 977 980
10 977 581
8 977 88
8 977 19
11 977 20
28 977 635
29 977 955
30 977 667
30 977 777
27 981
11 981 650
10 981 982
10 981 983
8 981 13
28 981 635
29 981 984
30 981 751
30 981 985
30 981 781
27 986
11 986 641
10 986 987
10 986 988
10 986 989
10 986 990
8 986 9
9 986 10
8 986 8
28 986 635
29 986 913
30 986 645
30 986 733
27 991
11 991 650
10 991 992
28 991 635
29 991 853
30 991 993
30 991 994
31 991 712
27 995
11 995 650
10 995 996
8 995 8
8 995 13
8 995 67
8 995 73
28 995 635
29 995 840
30 995 675
30 995 827
30 995 759
30 995 751
27 928
11 928 650
6 928 997
28 928 635
29 928 998
30 928 999
30 928 664
27 1000
11 1000 641
10 1000 1001
10 1000 1002
10 1000 1003
10 1000 1004
10 1000 1005
28 1000 635
29 1000 1006
30 1000 777
30 1000 645
30 1000 1007
30 1000 703
27 1008
11 1008 641
11 1008 32
28 1008 635
29 1008 881
30 1008 810
30 1008 794
30 1008 750
27 1009
11 1009 641
10 1009 1010
10 1009 1011
10 1009 1012
11 1009 74
28 1009 635
29 1009 1013
30 1009 815
30 1009 1014
30 1009 751
30 1009 684
27 1015
11 1015 650
8 1015 19
28 1015 635
29 1015 843
30 1015 760
30 1015 800
27 1016
11 1016 650
7 1016 9
28 1016 635
29 1016 1017
30 1016 818
30 1016 772
27 1018
11 1018 650
10 1018 1019
10 1018 1020
10 1018 1021
10 1018 1022
10 1018 1023
7 1018 88
28 1018 635
29 1018 1024
30 1018 676
30 1018 717
30 1018 800
30 1018 1025
27 1026
11 1026 650
6 1026 1027
10 1026 1028
10 1026 1029
10 1026 1030
10 1026 1031
10 1026 1032
28 1026 635
29 1026 888
30 1026 766
30 1026 714
30 1026 1033
30 1026 707
31 1026 702
27 335
11 335 650
10 335 1034
10 335 343
10 335 1035
10 335 893
8 335 13
7 335 10
9 335 93
28 335 635
29 335 1036
30 335 818
30 335 674
30 335 794
27 1037
11 1037 641
10 1037 1038
10 1037 1039
28 1037 635
29 1037 849
30 1037 675
30 1037 1040
30 1037 771
30 1037 674
27 1041
11 1041 641
6 1041 594
6 1041 1042
10 1041 1043
10 1041 1044
28 1041 635
29 1041 984
30 1041 1045
30 1041 675
30 1041 1046
30 1041 760
27 1047
11 1047 650
10 1047 75
10 1047 1048
10 1047 1049
10 1047 1050
10 1047 1051
8 1047 10
28 1047 635
29 1047 926
30 1047 826
30 1047 755
30 1047 718
30 1047 726
27 1052
11 1052 641
10 1052 1053
10 1052 1054
10 1052 1055
10 1052 1056
10 1052 1057
28 1052 635
29 1052 930
30 1052 744
30 1052 762
30 1052 1058
30 1052 703
27 1059
11 1059 641
10 1059 1060
10 1059 1061
7 1059 67
11 1059 32
28 1059 635
29 1059 871
30 1059 1062
30 1059 751
30 1059 713
30 1059 738
27 937
11 937 650
10 937 1063
10 937 1064
10 937 1065
10 937 1066
10 937 1067
8 937 13
28 937 635
29 937 1017
30 937 707
30 937 714
31 937 791
27 1068
11 1068 650
8 1068 73
7 1068 8
28 1068 635
29 1068 1069
30 1068 734
30 1068 726
30 1068 815
27 1070
11 1070 650
6 1070 1071
10 1070 525
10 1070 1072
10 1070 1073
10 1070 1074
10 1070 1075
11 1070 348
28 1070 635
29 1070 959
30 1070 772
30 1070 1076
30 1070 726
27 1077
11 1077 650
10 1077 1078
10 1077 1079
10 1077 1067
10 1077 1080
10 1077 1081
8 1077 10
9 1077 73
28 1077 635
29 1077 860
30 1077 760
30 1077 750
30 1077 676
27 1082
11 1082 641
10 1082 1083
11 1082 361
28 1082 635
29 1082 881
30 1082 826
30 1082 675
27 1084
11 1084 650
10 1084 1085
10 1084 1086
10 1084 1087
9 1084 67
8 1084 11
28 1084 635
29 1084 930
30 1084 771
30 1084 770
30 1084 815
30 1084 707
27 1066
11 1066 641
6 1066 1088
7 1066 93
9 1066 10
8 1066 73
28 1066 635
29 1066 847
30 1066 809
30 1066 826
30 1066 655
31 1066 682
27 1089
11 1089 641
10 1089 1090
10 1089 1091
28 1089 635
29 1089 1092
30 1089 726
30 1089 1093
30 1089 795
30 1089 1094
31 1089 673
27 1095
11 1095 641
10 1095 987
11 1095 60
28 1095 635
29 1095 930
30 1095 684
30 1095 818
30 1095 674
30 1095 817
27 1096
11 1096 650
10 1096 1097
9 1096 88
28 1096 635
29 1096 867
30 1096 676
30 1096 686
30 1096 734
27 1098
11 1098 641
28 1098 635
29 1098 1099
30 1098 826
30 1098 675
30 1098 737
27 1100
11 1100 650
10 1100 1101
10 1100 1102
10 1100 1103
10 1100 242
8 1100 19
11 1100 21
28 1100 635
29 1100 832
30 1100 746
30 1100 645
30 1100 751
27 1104
11 1104 641
10 1104 1105
8 1104 9
8 1104 93
28 1104 635
29 1104 1099
30 1104 783
30 1104 707
30 1104 817
27 1106
11 1106 641
10 1106 504
10 1106 1107
10 1106 945
8 1106 67
28 1106 635
29 1106 959
30 1106 767
30 1106 699
30 1106 684
30 1106 738
27 1108
11 1108 650
10 1108 560
10 1108 1109
8 1108 9
8 1108 88
28 1108 635
29 1108 1092
30 1108 737
30 1108 815
27 1110
11 1110 641
6 1110 1111
10 1110 1112
10 1110 1113
9 1110 8
28 1110 635
29 1110 926
30 1110 699
30 1110 826
30 1110 754
30 1110 674
27 1114
11 1114 641
10 1114 1115
10 1114 1116
10 1114 1117
10 1114 1118
8 1114 19
8 1114 9
11 1114 21
11 1114 361
28 1114 635
29 1114 1119
30 1114 692
30 1114 814
30 1114 762
27 1120
11 1120 641
10 1120 1121
10 1120 1122
10 1120 1123
10 1120 1023
28 1120 635
29 1120 1006
30 1120 1124
30 1120 1125
31 1120 682
27 1126
11 1126 641
10 1126 1127
10 1126 1128
8 1126 93
8 1126 8
28 1126 635
29 1126 913
30 1126 813
30 1126 714
30 1126 827
30 1126 698
31 1126 688
27 1129
11 1129 641
10 1129 1130
9 1129 8
28 1129 635
29 1129 853
30 1129 645
30 1129 800
27 1131
11 1131 650
10 1131 933
10 1131 1132
8 1131 11
8 1131 93
28 1131 635
29 1131 849
30 1131 770
30 1131 1133
27 1134
11 1134 650
10 1134 1135
10 1134 1136
10 1134 1137
10 1134 1138
10 1134 941
8 1134 8
11 1134 21
28 1134 635
29 1134 867
30 1134 713
30 1134 1139
30 1134 781
30 1134 754
27 1140
11 1140 650
10 1140 1095
11 1140 102
11 1140 60
28 1140 635
29 1140 881
30 1140 746
30 1140 655
30 1140 767
27 964
11 964 650
10 964 1141
10 964 1142
10 964 1143
10 964 1144
10 964 1145
11 964 102
28 964 635
29 964 930
30 964 707
30 964 692
27 1146
11 1146 641
10 1146 1147
10 1146 863
10 1146 1148
10 1146 852
10 1146 1149
11 1146 20
28 1146 635
29 1146 860
30 1146 1150
30 1146 771
30 1146 1151
30 1146 1152
27 962
11 962 650
10 962 1153
10 962 978
10 962 1154
28 962 635
29 962 1155
30 962 1156
30 962 1157
30 962 740
30 962 760
27 1158
11 1158 650
10 1158 1159
10 1158 929
10 1158 1160
8 1158 19
8 1158 93
28 1158 635
29 1158 1017
30 1158 1161
30 1158 1162
27 1163
11 1163 641
10 1163 1164
7 1163 10
8 1163 8
11 1163 361
11 1163 20
28 1163 635
29 1163 998
30 1163 780
30 1163 795
30 1163 781
30 1163 744
27 1165
11 1165 650
10 1165 1023
10 1165 574
10 1165 1166
10 1165 1167
10 1165 1168
11 1165 348
28 1165 635
29 1165 955
30 1165 692
30 1165 760
27 730
11 730 650
10 730 1169
10 730 1170
10 730 1171
10 730 1172
10 730 1173
28 730 635
29 730 1174
30 730 665
30 730 674
27 1175
11 1175 641
10 1175 1176
10 1175 1177
10 1175 1178
10 1175 1179
9 1175 73
28 1175 635
29 1175 1036
30 1175 813
30 1175 821
30 1175 655
27 1180
11 1180 641
10 1180 1181
10 1180 1182
10 1180 1183
10 1180 1184
28 1180 635
29 1180 1013
30 1180 1185
30 1180 809
30 1180 761
30 1180 1186
27 1187
11 1187 641
10 1187 1188
10 1187 769
10 1187 1189
10 1187 1153
28 1187 635
29 1187 1069
30 1187 713
30 1187 808
30 1187 714
27 1190
11 1190 650
7 1190 10
28 1190 635
29 1190 955
30 1190 800
30 1190 657
30 1190 784
30 1190 782
27 1191
11 1191 641
6 1191 1192
10 1191 1193
8 1191 93
9 1191 67
8 1191 11
7 1191 8
8 1191 13
28 1191 635
29 1191 871
30 1191 809
30 1191 674
30 1191 1194
30 1191 817
27 1048
11 1048 650
10 1048 1195
10 1048 1052
10 1048 1196
10 1048 1145
9 1048 10
28 1048 635
29 1048 930
30 1048 760
30 1048 667
27 1197
11 1197 641
11 1197 60
28 1197 635
29 1197 913
30 1197 713
30 1197 814
27 1198
11 1198 650
10 1198 1199
28 1198 635
29 1198 1013
30 1198 800
30 1198 777
27 1039
11 1039 650
10 1039 1200
10 1039 1052
28 1039 635
29 1039 1069
30 1039 698
30 1039 757
30 1039 770
27 1201
11 1201 641
10 1201 1202
28 1201 635
29 1201 860
30 1201 807
30 1201 782
30 1201 761
30 1201 1203
27 1204
11 1204 650
10 1204 1205
10 1204 172
10 1204 1206
9 1204 67
9 1204 10
7 1204 93
8 1204 8
11 1204 102
28 1204 635
29 1204 871
30 1204 726
30 1204 818
27 1207
11 1207 650
10 1207 1208
10 1207 1209
10 1207 1210
10 1207 407
10 1207 1211
8 1207 13
9 1207 73
28 1207 635
29 1207 849
30 1207 817
30 1207 708
31 1207 696
27 1097
11 1097 641
10 1097 956
10 1097 1158
7 1097 19
8 1097 88
28 1097 635
29 1097 843
30 1097 760
30 1097 707
30 1097 795
27 1212
11 1212 641
10 1212 1213
8 1212 8
11 1212 32
28 1212 635
29 1212 891
30 1212 1214
30 1212 826
27 1215
11 1215 641
10 1215 1216
10 1215 1217
10 1215 1048
10 1215 1218
11 1215 74
28 1215 635
29 1215 1219
30 1215 766
30 1215 713
30 1215 717
27 837
11 837 650
10 837 1089
10 837 1220
10 837 1221
10 837 1222
10 837 1223
7 837 88
28 837 635
29 837 930
30 837 675
30 837 757
27 1224
11 1224 641
10 1224 1225
10 1224 1226
9 1224 93
28 1224 635
29 1224 913
30 1224 809
30 1224 725
30 1224 699
30 1224 1227
27 1228
11 1228 641
10 1228 1229
10 1228 1188
10 1228 1230
28 1228 635
29 1228 1231
30 1228 795
30 1228 750
27 1232
11 1232 650
10 1232 1221
10 1232 1233
10 1232 1234
10 1232 1235
7 1232 9
8 1232 88
28 1232 635
29 1232 1231
30 1232 734
30 1232 1236
30 1232 808
27 1237
11 1237 650
10 1237 1238
10 1237 1239
10 1237 1240
28 1237 635
29 1237 1069
30 1237 1241
30 1237 755
30 1237 1242
30 1237 1243
27 1244
11 1244 650
10 1244 335
10 1244 1245
10 1244 1246
7 1244 8
28 1244 635
29 1244 900
30 1244 644
30 1244 667
30 1244 1247
30 1244 781
27 1248
11 1248 641
10 1248 1249
8 1248 88
28 1248 635
29 1248 918
30 1248 747
30 1248 738
30 1248 751
27 1080
11 1080 641
10 1080 1250
10 1080 1251
10 1080 1252
10 1080 1253
10 1080 1254
28 1080 635
29 1080 849
30 1080 718
30 1080 714
30 1080 795
30 1080 772
27 1255
11 1255 650
10 1255 156
10 1255 1256
10 1255 1257
10 1255 1258
7 1255 67
11 1255 60
28 1255 635
29 1255 908
30 1255 713
30 1255 644
30 1255 699
30 1255 783
27 1259
11 1259 641
7 1259 93
28 1259 635
29 1259 908
30 1259 1260
30 1259 794
30 1259 667
27 1118
11 1118 650
10 1118 269
10 1118 1261
9 1118 93
9 1118 67
28 1118 635
29 1118 900
30 1118 813
30 1118 745
27 1262
11 1262 641
10 1262 1104
10 1262 1263
10 1262 1264
28 1262 635
29 1262 930
30 1262 767
30 1262 781
30 1262 645
30 1262 1265
27 1266
11 1266 641
10 1266 990
10 1266 1267
10 1266 1158
9 1266 13
8 1266 73
28 1266 635
29 1266 1069
30 1266 718
30 1266 745
30 1266 814
27 1268
11 1268 650
10 1268 1269
10 1268 1270
10 1268 1271
10 1268 1272
11 1268 102
28 1268 635
29 1268 1092
30 1268 781
30 1268 761
30 1268 824
27 1273
11 1273 650
6 1273 1274
10 1273 933
10 1273 1275
10 1273 1276
10 1273 1253
8 1273 10
7 1273 8
8 1273 19
28 1273 635
29 1273 1024
30 1273 692
30 1273 709
30 1273 1156
27 1277
11 1277 641
10 1277 1278
10 1277 1279
10 1277 1280
28 1277 635
29 1277 1092
30 1277 1281
30 1277 692
31 1277 688
27 1282
11 1282 641
10 1282 1283
10 1282 1284
10 1282 1285
10 1282 260
8 1282 10
7 1282 9
28 1282 635
29 1282 860
30 1282 737
30 1282 725
30 1282 814
27 1286
11 1286 641
10 1286 1287
10 1286 84
10 1286 1288
10 1286 1289
10 1286 1290
8 1286 9
11 1286 361
28 1286 635
29 1286 1013
30 1286 780
30 1286 807
30 1286 766
30 1286 751
27 1291
11 1291 650
10 1291 1159
10 1291 1292
10 1291 1293
9 1291 88
9 1291 11
9 1291 67
28 1291 635
29 1291 888
30 1291 740
30 1291 1294
30 1291 782
27 1295
11 1295 641
8 1295 13
28 1295 635
29 1295 908
30 1295 726
30 1295 794
30 1295 814
30 1295 826
27 1296
11 1296 641
10 1296 1297
10 1296 1188
10 1296 1298
28 1296 635
29 1296 959
30 1296 826
30 1296 1299
30 1296 699
27 1300
11 1300 641
6 1300 1301
10 1300 1302
10 1300 851
28 1300 635
29 1300 1155
30 1300 777
30 1300 644
30 1300 676
30 1300 795
27 1303
11 1303 650
10 1303 1253
10 1303 917
10 1303 1304
8 1303 67
8 1303 19
8 1303 88
28 1303 635
29 1303 1036
30 1303 814
30 1303 777
31 1303 769
27 1305
11 1305 650
8 1305 73
8 1305 10
9 1305 9
28 1305 635
29 1305 939
30 1305 755
30 1305 1306
30 1305 727
30 1305 676
27 1307
11 1307 641
28 1307 635
29 1307 959
30 1307 752
30 1307 777
27 1308
11 1308 641
8 1308 13
8 1308 9
8 1308 8
28 1308 635
29 1308 847
30 1308 770
30 1308 744
30 1308 644
30 1308 734
27 1309
11 1309 650
10 1309 1310
10 1309 1311
7 1309 88
28 1309 635
29 1309 1312
30 1309 707
30 1309 750
30 1309 1313
30 1309 761
27 911
11 911 650
10 911 1309
28 911 635
29 911 888
30 911 809
30 911 771
27 1297
11 1297 641
10 1297 1314
10 1297 1315
11 1297 74
11 1297 21
28 1297 635
29 1297 1013
30 1297 721
30 1297 814
30 1297 1316
27 1317
11 1317 641
10 1317 1318
10 1317 1319
10 1317 1320
10 1317 1321
8 1317 11
28 1317 635
29 1317 900
30 1317 813
30 1317 750
30 1317 823
27 1322
11 1322 641
10 1322 1323
10 1322 1324
8 1322 8
28 1322 635
29 1322 1092
30 1322 756
30 1322 815
30 1322 1325
30 1322 787
27 1205
11 1205 641
6 1205 1102
10 1205 1326
11 1205 60
28 1205 635
29 1205 891
30 1205 726
30 1205 771
30 1205 818
27 1054
11 1054 641
10 1054 1327
11 1054 361
28 1054 635
29 1054 1017
30 1054 1328
30 1054 751
30 1054 713
27 1329
11 1329 650
6 1329 423
10 1329 1330
10 1329 1331
10 1329 331
7 1329 88
28 1329 635
29 1329 888
30 1329 725
30 1329 782
27 1276
11 1276 650
6 1276 1332
10 1276 1333
10 1276 1334
10 1276 1335
10 1276 1336
10 1276 1337
8 1276 88
8 1276 93
8 1276 73
28 1276 635
29 1276 888
30 1276 745
30 1276 818
30 1276 760
30 1276 1338
31 1276 791
27 574
11 574 650
10 574 1339
28 574 635
29 574 1036
30 574 691
30 574 667
30 574 772
27 1340
11 1340 641
10 1340 1341
28 1340 635
29 1340 1231
30 1340 644
30 1340 810
30 1340 655
30 1340 1342
31 1340 662
27 1343
11 1343 650
10 1343 594
28 1343 635
29 1343 913
30 1343 698
30 1343 713
27 1344
11 1344 650
10 1344 1345
10 1344 25
10 1344 863
10 1344 1346
10 1344 1347
8 1344 11
8 1344 73
7 1344 13
28 1344 635
29 1344 847
30 1344 790
30 1344 754
30 1344 684
27 1348
11 1348 641
11 1348 74
11 1348 60
28 1348 635
29 1348 1006
30 1348 692
30 1348 721
30 1348 809
27 1148
11 1148 641
28 1148 635
29 1148 998
30 1148 770
30 1148 782
30 1148 674
27 1349
11 1349 650
10 1349 464
10 1349 1350
10 1349 6
10 1349 1351
10 1349 1352
8 1349 93
28 1349 635
29 1349 939
30 1349 676
30 1349 767
30 1349 655
27 1353
11 1353 641
10 1353 1354
10 1353 1355
10 1353 942
10 1353 845
10 1353 1356
11 1353 102
28 1353 635
29 1353 847
30 1353 692
30 1353 787
27 337
11 337 641
28 337 635
29 337 891
30 337 807
30 337 744
27 1357
11 1357 650
10 1357 1252
10 1357 1358
28 1357 635
29 1357 843
30 1357 699
30 1357 1359
27 1112
11 1112 641
10 1112 1360
10 1112 1361
10 1112 834
10 1112 1362
10 1112 1253
28 1112 635
29 1112 853
30 1112 725
30 1112 737
30 1112 718
30 1112 1363
27 1364
11 1364 650
10 1364 1365
28 1364 635
29 1364 1069
30 1364 761
30 1364 667
30 1364 814
30 1364 717
31 1364 649
27 1366
11 1366 650
10 1366 1367
10 1366 1368
10 1366 1015
10 1366 1369
9 1366 19
11 1366 60
28 1366 635
29 1366 900
30 1366 817
30 1366 644
27 1370
11 1370 650
10 1370 105
10 1370 1371
10 1370 1372
28 1370 635
29 1370 1092
30 1370 817
30 1370 783
30 1370 1373
30 1370 674
31 1370 669
27 1374
11 1374 641
10 1374 498
10 1374 990
10 1374 1375
10 1374 1274
10 1374 1357
11 1374 102
11 1374 135
28 1374 635
29 1374 1069
30 1374 781
30 1374 782
27 1078
11 1078 650
10 1078 1376
8 1078 67
28 1078 635
29 1078 832
30 1078 754
30 1078 744
27 1377
11 1377 650
10 1377 846
10 1377 1378
10 1377 1379
10 1377 1380
28 1377 635
29 1377 930
30 1377 714
30 1377 773
31 1377 791
27 925
11 925 650
6 925 1381
10 925 1382
10 925 1383
10 925 1384
10 925 1385
28 925 635
29 925 918
30 925 829
30 925 721
27 1154
11 1154 650
10 1154 1386
10 1154 1387
7 1154 67
9 1154 93
8 1154 73
7 1154 11
8 1154 13
28 1154 635
29 1154 1388
30 1154 754
30 1154 699
30 1154 1389
27 1390
11 1390 641
10 1390 1391
10 1390 525
10 1390 928
10 1390 1055
10 1390 1392
7 1390 10
8 1390 13
28 1390 635
29 1390 847
30 1390 698
30 1390 684
30 1390 655
30 1390 738
27 1393
11 1393 641
10 1393 1394
10 1393 965
10 1393 1337
10 1393 1097
10 1393 834
7 1393 19
9 1393 8
28 1393 635
29 1393 926
30 1393 766
30 1393 733
30 1393 1395
27 1396
11 1396 641
10 1396 1397
10 1396 1398
28 1396 635
29 1396 930
30 1396 813
30 1396 818
27 1399
11 1399 650
8 1399 67
28 1399 635
29 1399 900
30 1399 815
30 1399 665
27 426
11 426 641
10 426 1400
10 426 1401
10 426 1402
10 426 1403
8 426 13
28 426 635
29 426 1388
30 426 761
30 426 815
27 1028
11 1028 641
6 1028 206
10 1028 483
10 1028 1051
9 1028 88
28 1028 635
29 1028 871
30 1028 703
30 1028 737
30 1028 814
31 1028 701
27 1404
11 1404 650
10 1404 1405
10 1404 1406
28 1404 635
29 1404 832
30 1404 676
30 1404 725
30 1404 674
30 1404 675
31 1404 769
27 898
11 898 641
28 898 635
29 898 1024
30 898 1407
30 898 707
30 898 809
27 916
11 916 650
10 916 1408
10 916 901
28 916 635
29 916 1013
30 916 758
30 916 771
30 916 1162
30 916 735
27 1409
11 1409 650
10 1409 1410
10 1409 1348
10 1409 1018
10 1409 1411
10 1409 1031
9 1409 73
7 1409 88
28 1409 635
29 1409 860
30 1409 818
30 1409 1412
30 1409 675
30 1409 699
27 1413
11 1413 650
10 1413 1080
10 1413 951
10 1413 1414
11 1413 74
28 1413 635
29 1413 843
30 1413 760
30 1413 667
30 1413 728
31 1413 786
27 257
11 257 641
28 257 635
29 257 1099
30 257 777
30 257 794
30 257 813
27 1415
11 1415 650
10 1415 1416
10 1415 1417
10 1415 1418
10 1415 1419
11 1415 60
28 1415 635
29 1415 998
30 1415 703
30 1415 647
30 1415 675
30 1415 718
27 974
11 974 650
8 974 67
11 974 348
28 974 635
29 974 860
30 974 794
30 974 719
27 1420
11 1420 650
6 1420 1421
28 1420 635
29 1420 840
30 1420 771
30 1420 698
30 1420 645
30 1420 754
27 1422
11 1422 650
28 1422 635
29 1422 888
30 1422 771
30 1422 1423
30 1422 751
30 1422 738
27 1424
11 1424 650
6 1424 1425
10 1424 1426
10 1424 933
28 1424 635
29 1424 832
30 1424 787
30 1424 674
30 1424 1427
30 1424 754
31 1424 113
27 1428
11 1428 650
10 1428 990
10 1428 1429
7 1428 19
9 1428 11
28 1428 635
29 1428 1006
30 1428 1430
30 1428 717
30 1428 676
30 1428 725
27 1431
11 1431 650
10 1431 1432
8 1431 13
11 1431 32
11 1431 60
28 1431 635
29 1431 918
30 1431 676
30 1431 717
30 1431 754
27 1433
11 1433 641
10 1433 1434
11 1433 102
11 1433 102
28 1433 635
29 1433 1024
30 1433 794
30 1433 772
31 1433 712
27 1435
11 1435 650
10 1435 1436
10 1435 1398
10 1435 1437
10 1435 1438
8 1435 8
7 1435 11
8 1435 67
8 1435 73
9 1435 9
28 1435 635
29 1435 840
30 1435 645
30 1435 667
30 1435 784
27 1439
11 1439 650
10 1439 1440
10 1439 1330
10 1439 1441
10 1439 1442
10 1439 954
8 1439 93
8 1439 73
7 1439 88
28 1439 635
29 1439 1119
30 1439 717
30 1439 809
30 1439 808
27 1443
11 1443 650
10 1443 1037
10 1443 1444
10 1443 1445
10 1443 990
7 1443 67
8 1443 8
28 1443 635
29 1443 891
30 1443 726
30 1443 815
27 1022
11 1022 641
10 1022 1446
10 1022 1447
10 1022 1448
10 1022 899
11 1022 74
28 1022 635
29 1022 860
30 1022 1449
30 1022 794
30 1022 1450
30 1022 790
27 261
11 261 650
10 261 1451
10 261 1452
10 261 1453
10 261 1454
7 261 19
28 261 635
29 261 853
30 261 808
30 261 733
27 1208
11 1208 650
6 1208 1455
10 1208 1456
10 1208 1457
28 1208 635
29 1208 853
30 1208 828
30 1208 808
30 1208 644
27 1458
11 1458 641
10 1458 1459
28 1458 635
29 1458 1155
30 1458 717
30 1458 766
27 1460
11 1460 641
6 1460 1461
10 1460 1462
10 1460 1463
11 1460 74
11 1460 102
28 1460 635
29 1460 1312
30 1460 703
30 1460 759
30 1460 784
30 1460 713
31 1460 722
27 1270
11 1270 641
10 1270 1464
10 1270 1465
10 1270 1466
10 1270 1467
10 1270 1468
28 1270 635
29 1270 1024
30 1270 691
30 1270 645
30 1270 782
27 1469
11 1469 650
10 1469 1470
10 1469 1471
10 1469 1011
9 1469 93
7 1469 9
7 1469 13
28 1469 635
29 1469 891
30 1469 808
30 1469 725
27 992
11 992 641
8 992 8
8 992 11
11 992 135
28 992 635
29 992 843
30 992 754
30 992 817
27 1472
11 1472 650
10 1472 965
28 1472 635
29 1472 955
30 1472 698
30 1472 747
30 1472 817
30 1472 700
27 946
11 946 641
11 946 60
28 946 635
29 946 1155
30 946 1473
30 946 1474
30 946 734
30 946 1475
27 1476
11 1476 650
8 1476 8
8 1476 19
8 1476 11
28 1476 635
29 1476 918
30 1476 807
30 1476 818
27 398
11 398 641
10 398 421
10 398 1477
10 398 1126
10 398 1370
10 398 1478
28 398 635
29 398 871
30 398 770
30 398 717
30 398 772
30 398 1479
27 1480
11 1480 650
10 1480 1481
9 1480 13
28 1480 635
29 1480 1069
30 1480 807
30 1480 781
27 1482
11 1482 641
10 1482 1483
10 1482 1484
10 1482 1485
10 1482 1486
28 1482 635
29 1482 840
30 1482 1487
30 1482 751
31 1482 113
27 1488
11 1488 650
10 1488 1489
10 1488 1165
10 1488 1490
7 1488 13
7 1488 93
9 1488 67
28 1488 635
29 1488 959
30 1488 760
30 1488 1491
27 1492
11 1492 650
7 1492 88
8 1492 9
8 1492 19
11 1492 21
28 1492 635
29 1492 853
30 1492 794
30 1492 1493
27 1494
11 1494 641
10 1494 973
10 1494 1495
10 1494 1496
10 1494 990
11 1494 20
28 1494 635
29 1494 984
30 1494 1497
30 1494 1498
30 1494 699
30 1494 794
27 835
11 835 641
11 835 74
11 835 21
28 835 635
29 835 1024
30 835 783
30 835 644
27 1499
11 1499 650
28 1499 635
29 1499 900
30 1499 658
30 1499 691
30 1499 698
27 1079
11 1079 650
6 1079 1500
28 1079 635
29 1079 900
30 1079 800
30 1079 707
27 1371
11 1371 650
10 1371 1501
10 1371 1200
11 1371 32
28 1371 635
29 1371 1174
30 1371 800
30 1371 818
30 1371 707
30 1371 745
27 907
11 907 641
10 907 1502
10 907 398
7 907 11
28 907 635
29 907 832
30 907 778
30 907 733
30 907 718
27 978
11 978 641
9 978 13
7 978 93
7 978 8
28 978 635
29 978 900
30 978 770
30 978 1503
30 978 738
30 978 717
31 978 688
27 1504
11 1504 641
10 1504 1298
10 1504 1039
11 1504 74
28 1504 635
29 1504 1388
30 1504 1505
30 1504 759
30 1504 1506
30 1504 814
27 1507
11 1507 650
9 1507 13
7 1507 11
7 1507 88
28 1507 635
29 1507 860
30 1507 819
30 1507 1508
30 1507 737
27 298
11 298 641
9 298 9
28 298 635
29 298 1155
30 298 755
30 298 766
31 298 696
27 1509
11 1509 641
10 1509 1510
10 1509 1511
10 1509 1512
11 1509 32
28 1509 635
29 1509 1017
30 1509 698
30 1509 684
30 1509 707
30 1509 734
27 1513
11 1513 650
10 1513 1514
10 1513 1515
28 1513 635
29 1513 840
30 1513 815
30 1513 1516
30 1513 655
30 1513 644
27 1517
11 1517 650
28 1517 635
29 1517 847
30 1517 794
30 1517 692
27 1518
11 1518 641
10 1518 1519
10 1518 1520
10 1518 957
10 1518 1521
10 1518 1482
28 1518 635
29 1518 860
30 1518 814
30 1518 714
30 1518 738
27 1321
11 1321 641
10 1321 1129
10 1321 1522
28 1321 635
29 1321 1013
30 1321 800
30 1321 1523
30 1321 1524
31 1321 637
27 938
11 938 650
10 938 1525
10 938 1526
10 938 835
8 938 9
9 938 93
7 938 11
8 938 19
28 938 635
29 938 1312
30 938 795
30 938 718
30 938 703
31 938 661
27 1527
11 1527 641
28 1527 635
29 1527 1219
30 1527 751
30 1527 699
30 1527 882
30 1527 717
31 1527 671
27 1339
11 1339 641
10 1339 1528
10 1339 1529
10 1339 1530
11 1339 135
11 1339 361
28 1339 635
29 1339 939
30 1339 737
30 1339 809
31 1339 659
27 1264
11 1264 650
10 1264 1531
10 1264 1532
10 1264 1533
28 1264 635
29 1264 849
30 1264 814
30 1264 750
30 1264 676
30 1264 815
27 1534
11 1534 641
10 1534 892
10 1534 1535
8 1534 13
7 1534 10
28 1534 635
29 1534 843
30 1534 713
30 1534 667
30 1534 1536
30 1534 703
27 1011
11 1011 641
10 1011 1537
10 1011 1538
10 1011 1200
10 1011 1015
10 1011 941
11 1011 102
28 1011 635
29 1011 1092
30 1011 770
30 1011 813
30 1011 714
27 1539
11 1539 650
10 1539 1540
10 1539 1541
10 1539 1542
10 1539 1543
9 1539 8
7 1539 73
9 1539 10
8 1539 88
28 1539 635
29 1539 939
30 1539 663
30 1539 818
30 1539 808
30 1539 809
27 1544
11 1544 650
10 1544 1545
10 1544 1546
10 1544 1547
8 1544 11
8 1544 93
7 1544 67
7 1544 13
9 1544 9
28 1544 635
29 1544 930
30 1544 777
30 1544 676
30 1544 761
27 1548
11 1548 641
10 1548 1549
10 1548 1550
10 1548 1551
10 1548 1552
10 1548 1369
28 1548 635
29 1548 913
30 1548 1553
30 1548 768
30 1548 725
27 1554
11 1554 650
10 1554 1555
10 1554 933
10 1554 1556
10 1554 1544
10 1554 1557
9 1554 10
28 1554 635
29 1554 918
30 1554 690
30 1554 1558
30 1554 663
30 1554 1559
27 464
11 464 650
10 464 1560
10 464 1561
28 464 635
29 464 853
30 464 713
30 464 726
30 464 794
30 464 667
31 464 638
27 1562
11 1562 650
10 1562 1563
10 1562 1564
10 1562 1396
10 1562 1494
11 1562 60
28 1562 635
29 1562 984
30 1562 762
30 1562 737
30 1562 744
30 1562 726
27 1565
11 1565 641
10 1565 1566
10 1565 1168
10 1565 1567
11 1565 20
11 1565 74
28 1565 635
29 1565 959
30 1565 1568
30 1565 818
27 1057
11 1057 650
10 1057 861
10 1057 1569
10 1057 1570
28 1057 635
29 1057 832
30 1057 703
30 1057 819
27 651
11 651 641
28 651 635
29 651 1099
30 651 751
30 651 781
30 651 744
30 651 668
27 1571
11 1571 650
10 1571 1572
10 1571 1573
8 1571 11
11 1571 60
28 1571 635
29 1571 918
30 1571 754
30 1571 691
30 1571 814
31 1571 712
27 1574
11 1574 641
10 1574 1575
10 1574 1576
10 1574 1376
10 1574 1577
8 1574 93
28 1574 635
29 1574 930
30 1574 814
30 1574 1578
30 1574 817
30 1574 1579
27 1441
11 1441 650
10 1441 1472
8 1441 11
11 1441 74
28 1441 635
29 1441 959
30 1441 1580
30 1441 1581
30 1441 703
31 1441 710
27 1582
11 1582 650
10 1582 1200
10 1582 1583
10 1582 1584
10 1582 710
9 1582 88
9 1582 19
28 1582 635
29 1582 849
30 1582 1585
30 1582 802
30 1582 750
30 1582 821
27 1586
11 1586 650
10 1586 1249
10 1586 1587
8 1586 88
7 1586 93
8 1586 8
28 1586 635
29 1586 900
30 1586 783
30 1586 772
30 1586 771
30 1586 645
27 1588
11 1588 641
10 1588 1270
10 1588 163
8 1588 93
11 1588 60
28 1588 635
29 1588 853
30 1588 1589
30 1588 826
30 1588 772
31 1588 753
27 1590
11 1590 641
28 1590 635
29 1590 1119
30 1590 692
30 1590 781
30 1590 1591
27 1592
11 1592 650
10 1592 1225
10 1592 1593
28 1592 635
29 1592 908
30 1592 1594
30 1592 1595
30 1592 686
31 1592 769
27 1596
11 1596 641
10 1596 1597
10 1596 1598
10 1596 892
10 1596 1599
8 1596 93
11 1596 21
11 1596 135
28 1596 635
29 1596 1024
30 1596 800
30 1596 760
30 1596 817
31 1596 705
27 1278
11 1278 641
10 1278 1600
10 1278 1601
28 1278 635
29 1278 1006
30 1278 667
30 1278 1602
30 1278 755
30 1278 1603
27 1604
11 1604 641
10 1604 981
10 1604 1605
9 1604 9
11 1604 102
11 1604 60
28 1604 635
29 1604 843
30 1604 781
30 1604 813
30 1604 809
30 1604 801
27 1606
11 1606 641
10 1606 938
10 1606 1607
10 1606 1277
28 1606 635
29 1606 1388
30 1606 767
30 1606 691
30 1606 807
30 1606 770
31 1606 659
27 1608
11 1608 641
10 1608 1098
10 1608 208
10 1608 1609
10 1608 1610
8 1608 9
8 1608 10
11 1608 20
11 1608 348
28 1608 635
29 1608 1119
30 1608 787
30 1608 664
30 1608 767
30 1608 1611
27 276
11 276 641
10 276 1540
10 276 1612
10 276 919
8 276 9
11 276 361
28 276 635
29 276 1036
30 276 1613
30 276 1614
30 276 1615
30 276 771
27 1616
11 1616 650
10 1616 1617
10 1616 861
10 1616 1618
7 1616 88
8 1616 93
28 1616 635
29 1616 913
30 1616 783
30 1616 771
27 1619
11 1619 650
10 1619 1397
10 1619 1620
9 1619 9
8 1619 88
9 1619 67
28 1619 635
29 1619 1006
30 1619 1621
30 1619 1150
30 1619 808
30 1619 781
27 1622
11 1622 641
10 1622 1623
7 1622 10
9 1622 67
28 1622 635
29 1622 1155
30 1622 1621
30 1622 826
30 1622 1624
27 1625
11 1625 641
28 1625 635
29 1625 891
30 1625 733
30 1625 745
30 1625 760
27 1626
11 1626 650
10 1626 1627
8 1626 67
9 1626 8
28 1626 635
29 1626 998
30 1626 676
30 1626 674
27 1315
11 1315 650
10 1315 1039
10 1315 1628
28 1315 635
29 1315 902
30 1315 817
30 1315 1629
30 1315 794
30 1315 717
27 1630
11 1630 650
28 1630 635
29 1630 860
30 1630 813
30 1630 684
30 1630 644
31 1630 689
27 1542
11 1542 650
28 1542 635
29 1542 908
30 1542 725
30 1542 717
30 1542 1631
30 1542 777
27 1632
11 1632 641
10 1632 1633
10 1632 1293
10 1632 1634
10 1632 1635
10 1632 1636
9 1632 10
9 1632 19
11 1632 60
28 1632 635
29 1632 908
30 1632 809
30 1632 726
30 1632 744
30 1632 745
27 1358
11 1358 650
10 1358 957
10 1358 1637
10 1358 1201
10 1358 1074
11 1358 74
28 1358 635
29 1358 930
30 1358 794
30 1358 690
30 1358 807
27 1638
11 1638 650
10 1638 1408
10 1638 820
10 1638 1509
10 1638 1639
8 1638 93
28 1638 635
29 1638 832
30 1638 770
30 1638 814
30 1638 752
27 1055
11 1055 641
8 1055 73
28 1055 635
29 1055 871
30 1055 737
30 1055 815
30 1055 690
27 1640
11 1640 650
10 1640 937
10 1640 1329
10 1640 1641
10 1640 1642
10 1640 1643
28 1640 635
29 1640 1092
30 1640 1644
30 1640 761
30 1640 1645
27 1004
11 1004 641
10 1004 1258
10 1004 1646
8 1004 10
7 1004 93
8 1004 13
7 1004 19
8 1004 8
28 1004 635
29 1004 881
30 1004 698
30 1004 718
27 1647
11 1647 641
10 1647 1648
10 1647 1649
10 1647 1650
10 1647 1651
8 1647 19
8 1647 10
28 1647 635
29 1647 832
30 1647 800
30 1647 645
30 1647 1652
30 1647 818
27 1653
11 1653 641
10 1653 887
28 1653 635
29 1653 881
30 1653 821
30 1653 759
30 1653 800
30 1653 703
27 1637
11 1637 641
28 1637 635
29 1637 860
30 1637 783
30 1637 782
30 1637 819
27 1654
11 1654 641
10 1654 1655
10 1654 1115
10 1654 1656
10 1654 1657
10 1654 1658
28 1654 635
29 1654 840
30 1654 714
30 1654 826
27 1323
11 1323 641
10 1323 1659
11 1323 60
28 1323 635
29 1323 939
30 1323 1595
30 1323 1660
27 1419
11 1419 650
6 1419 1661
6 1419 1662
10 1419 1663
10 1419 1664
8 1419 93
7 1419 11
28 1419 635
29 1419 1119
30 1419 717
30 1419 790
30 1419 714
27 1029
11 1029 650
6 1029 1665
10 1029 977
10 1029 1666
10 1029 1298
10 1029 1667
10 1029 425
7 1029 13
28 1029 635
29 1029 1174
30 1029 1124
30 1029 817
30 1029 655
30 1029 1668
27 1540
11 1540 650
10 1540 1669
10 1540 914
10 1540 1670
10 1540 1008
10 1540 951
8 1540 19
9 1540 88
8 1540 67
28 1540 635
29 1540 998
30 1540 821
30 1540 715
27 1671
11 1671 641
10 1671 898
10 1671 1672
10 1671 1083
10 1671 951
8 1671 10
28 1671 635
29 1671 881
30 1671 1673
30 1671 813
30 1671 767
30 1671 703
27 1369
11 1369 650
10 1369 1674
28 1369 635
29 1369 900
30 1369 717
30 1369 1675
30 1369 818
27 1557
11 1557 650
10 1557 1280
28 1557 635
29 1557 959
30 1557 807
30 1557 809
27 1337
11 1337 650
8 1337 73
28 1337 635
29 1337 1092
30 1337 808
30 1337 656
30 1337 752
31 1337 637
27 1380
11 1380 650
10 1380 1077
28 1380 635
29 1380 947
30 1380 645
30 1380 1676
30 1380 691
30 1380 814
27 1429
11 1429 650
6 1429 431
28 1429 635
29 1429 1155
30 1429 767
30 1429 787
27 812
11 812 641
10 812 1677
10 812 1678
10 812 1534
10 812 1679
10 812 1680
11 812 32
28 812 635
29 812 860
30 812 763
30 812 733
30 812 744
30 812 676
27 1681
11 1681 650
10 1681 1682
10 1681 1443
10 1681 1683
10 1681 893
10 1681 1254
11 1681 348
28 1681 635
29 1681 891
30 1681 807
30 1681 772
30 1681 814
30 1681 1684
27 1639
11 1639 641
7 1639 9
28 1639 635
29 1639 860
30 1639 690
30 1639 1685
27 1298
11 1298 650
10 1298 1597
10 1298 1686
10 1298 1687
10 1298 1688
8 1298 19
7 1298 11
8 1298 73
28 1298 635
29 1298 888
30 1298 737
30 1298 667
30 1298 800
27 1689
11 1689 641
9 1689 19
9 1689 9
28 1689 635
29 1689 1013
30 1689 783
30 1689 815
30 1689 770
27 1690
11 1690 641
10 1690 1691
10 1690 1654
10 1690 276
10 1690 919
8 1690 67
28 1690 635
29 1690 1231
30 1690 698
30 1690 817
30 1690 726
30 1690 691
27 1418
11 1418 650
10 1418 1639
10 1418 1692
10 1418 1154
10 1418 1693
9 1418 9
7 1418 13
8 1418 73
28 1418 635
29 1418 984
30 1418 817
30 1418 1694
30 1418 794
27 1226
11 1226 650
10 1226 1016
10 1226 1695
10 1226 1408
10 1226 1504
10 1226 1120
28 1226 635
29 1226 881
30 1226 1696
30 1226 690
30 1226 741
27 1697
11 1697 650
6 1697 1698
10 1697 1293
10 1697 1699
10 1697 1700
10 1697 1701
10 1697 1702
11 1697 60
11 1697 102
28 1697 635
29 1697 900
30 1697 790
30 1697 745
30 1697 772
27 1703
11 1703 650
10 1703 1376
10 1703 1704
10 1703 1705
10 1703 1548
7 1703 9
28 1703 635
29 1703 998
30 1703 771
30 1703 770
30 1703 751
30 1703 800
27 1706
11 1706 650
10 1706 1707
10 1706 1494
8 1706 88
28 1706 635
29 1706 984
30 1706 795
30 1706 714
31 1706 705
27 1708
11 1708 650
6 1708 1709
10 1708 1710
10 1708 1472
10 1708 1711
28 1708 635
29 1708 1099
30 1708 698
30 1708 655
31 1708 113
27 1570
11 1570 641
10 1570 1370
10 1570 1712
7 1570 19
8 1570 11
8 1570 9
28 1570 635
29 1570 1312
30 1570 646
30 1570 771
30 1570 1713
27 1714
11 1714 641
6 1714 339
10 1714 1715
9 1714 73
8 1714 67
28 1714 635
29 1714 1092
30 1714 1716
30 1714 770
30 1714 690
31 1714 113
27 1128
11 1128 641
10 1128 1717
10 1128 1112
10 1128 1051
10 1128 1718
10 1128 1483
28 1128 635
29 1128 900
30 1128 783
30 1128 734
30 1128 759
30 1128 800
27 1666
11 1666 641
10 1666 932
10 1666 1719
10 1666 1158
10 1666 903
10 1666 1720
28 1666 635
29 1666 847
30 1666 644
30 1666 713
27 1721
11 1721 641
28 1721 635
29 1721 847
30 1721 690
30 1721 1722
30 1721 674
27 1501
11 1501 650
10 1501 1723
10 1501 1724
10 1501 1725
10 1501 1726
28 1501 635
29 1501 913
30 1501 801
30 1501 738
30 1501 713
27 1252
11 1252 650
10 1252 1483
10 1252 1727
10 1252 1220
10 1252 1728
11 1252 32
28 1252 635
29 1252 1006
30 1252 713
30 1252 744
27 1288
11 1288 650
7 1288 88
28 1288 635
29 1288 853
30 1288 698
30 1288 759
27 1729
11 1729 650
10 1729 1730
10 1729 1259
10 1729 1731
28 1729 635
29 1729 1231
30 1729 1732
30 1729 692
27 1730
11 1730 641
28 1730 635
29 1730 1017
30 1730 783
30 1730 1733
30 1730 1734
30 1730 826
27 1735
11 1735 641
10 1735 1736
10 1735 1737
10 1735 1738
10 1735 1418
10 1735 1739
11 1735 20
11 1735 60
28 1735 635
29 1735 984
30 1735 813
30 1735 655
30 1735 754
30 1735 1740
31 1735 669
27 1269
11 1269 650
10 1269 1741
10 1269 1742
10 1269 987
7 1269 10
9 1269 9
28 1269 635
29 1269 1231
30 1269 733
30 1269 754
27 1743
11 1743 650
10 1743 1744
10 1743 1745
28 1743 635
29 1743 900
30 1743 777
30 1743 713
30 1743 751
27 1746
11 1746 641
10 1746 1682
10 1746 1747
8 1746 67
28 1746 635
29 1746 955
30 1746 1748
30 1746 714
30 1746 726
31 1746 113
27 1749
11 1749 641
10 1749 1750
10 1749 1083
8 1749 9
28 1749 635
29 1749 1024
30 1749 781
30 1749 795
30 1749 737
30 1749 645
27 421
11 421 641
10 421 1217
10 421 1054
9 421 9
28 421 635
29 421 1017
30 421 698
30 421 794
27 1751
11 1751 650
10 1751 1752
10 1751 7
10 1751 1753
10 1751 113
8 1751 73
28 1751 635
29 1751 947
30 1751 807
30 1751 667
30 1751 826
30 1751 720
27 933
11 933 641
8 933 67
28 933 635
29 933 1174
30 933 813
30 933 1716
27 377
11 377 650
10 377 1754
10 377 1755
10 377 1504
10 377 1197
11 377 102
11 377 21
28 377 635
29 377 832
30 377 766
30 377 754
30 377 807
27 1756
11 1756 641
10 1756 1757
10 1756 287
11 1756 32
28 1756 635
29 1756 908
30 1756 1758
30 1756 1759
27 1760
11 1760 650
10 1760 1761
10 1760 1104
10 1760 1330
10 1760 1630
10 1760 1304
11 1760 60
28 1760 635
29 1760 926
30 1760 690
30 1760 674
30 1760 745
27 1253
11 1253 650
10 1253 1762
10 1253 1542
10 1253 1465
10 1253 1763
28 1253 635
29 1253 853
30 1253 663
30 1253 1764
30 1253 777
31 1253 682
27 1765
11 1765 641
10 1765 1766
8 1765 13
8 1765 8
9 1765 73
8 1765 88
11 1765 60
11 1765 32
28 1765 635
29 1765 1312
30 1765 813
30 1765 782
30 1765 718
27 1182
11 1182 650
10 1182 1749
8 1182 11
8 1182 9
28 1182 635
29 1182 955
30 1182 787
30 1182 1767
27 1768
11 1768 650
8 1768 93
8 1768 13
9 1768 73
8 1768 11
8 1768 8
11 1768 20
11 1768 348
28 1768 635
29 1768 984
30 1768 725
30 1768 691
30 1768 733
30 1768 734
27 1056
11 1056 650
10 1056 1329
10 1056 1032
10 1056 1769
10 1056 1770
8 1056 93
28 1056 635
29 1056 947
30 1056 767
30 1056 781
30 1056 1771
30 1056 714
27 1772
11 1772 650
10 1772 547
10 1772 1773
10 1772 1270
10 1772 1774
28 1772 635
29 1772 867
30 1772 707
30 1772 783
30 1772 759
30 1772 691
27 912
11 912 641
10 912 1775
10 912 1776
10 912 1469
8 912 10
9 912 11
9 912 19
11 912 60
11 912 135
28 912 635
29 912 902
30 912 1777
30 912 1778
30 912 707
30 912 1779
27 1780
11 1780 641
10 1780 1204
10 1780 1781
10 1780 1782
10 1780 1783
10 1780 1784
28 1780 635
29 1780 1099
30 1780 718
30 1780 744
30 1780 1785
30 1780 745
27 1683
11 1683 650
10 1683 1786
10 1683 1787
10 1683 1788
8 1683 88
8 1683 11
28 1683 635
29 1683 947
30 1683 676
30 1683 699
30 1683 795
30 1683 800
27 1789
11 1789 641
10 1789 1511
8 1789 19
11 1789 60
28 1789 635
29 1789 871
30 1789 744
30 1789 752
30 1789 703
30 1789 720
27 1790
11 1790 641
10 1790 1791
10 1790 1792
10 1790 1793
10 1790 1794
28 1790 635
29 1790 1092
30 1790 777
30 1790 823
30 1790 1759
30 1790 726
27 1795
11 1795 650
10 1795 1398
10 1795 1796
9 1795 9
28 1795 635
29 1795 840
30 1795 777
30 1795 814
30 1795 770
30 1795 760
27 1541
11 1541 650
28 1541 635
29 1541 1312
30 1541 1713
30 1541 809
27 1012
11 1012 641
10 1012 1797
10 1012 1404
10 1012 1798
10 1012 1799
8 1012 88
28 1012 635
29 1012 908
30 1012 714
30 1012 674
30 1012 1800
27 1801
11 1801 650
10 1801 1054
10 1801 1110
10 1801 1386
10 1801 1802
10 1801 302
28 1801 635
29 1801 860
30 1801 809
30 1801 1803
27 1804
11 1804 650
28 1804 635
29 1804 918
30 1804 676
30 1804 684
30 1804 691
27 1805
11 1805 641
10 1805 932
28 1805 635
29 1805 930
30 1805 719
30 1805 1806
27 1408
11 1408 641
10 1408 951
10 1408 1807
10 1408 1482
10 1408 1687
10 1408 1349
28 1408 635
29 1408 939
30 1408 645
30 1408 690
30 1408 818
31 1408 649
27 1808
11 1808 641
10 1808 1809
10 1808 1810
10 1808 1811
10 1808 1554
10 1808 1619
11 1808 32
28 1808 635
29 1808 867
30 1808 675
30 1808 694
27 1254
11 1254 650
28 1254 635
29 1254 867
30 1254 645
30 1254 821
30 1254 1812
30 1254 1813
27 1814
11 1814 650
10 1814 1393
11 1814 60
11 1814 60
28 1814 635
29 1814 1231
30 1814 755
30 1814 787
30 1814 733
30 1814 817
27 1667
11 1667 650
10 1667 1400
10 1667 1815
8 1667 11
9 1667 9
11 1667 60
28 1667 635
29 1667 832
30 1667 667
30 1667 787
30 1667 734
27 1816
11 1816 641
10 1816 1817
10 1816 1818
7 1816 11
8 1816 9
11 1816 21
28 1816 635
29 1816 902
30 1816 771
30 1816 818
31 1816 669
27 1819
11 1819 641
9 1819 8
28 1819 635
29 1819 1013
30 1819 1820
30 1819 655
31 1819 669
27 1821
11 1821 650
10 1821 1349
10 1821 1050
10 1821 343
9 1821 11
8 1821 8
28 1821 635
29 1821 891
30 1821 750
30 1821 733
30 1821 777
27 1822
11 1822 641
10 1822 1823
10 1822 1824
10 1822 1270
10 1822 1825
10 1822 1826
8 1822 11
28 1822 635
29 1822 1013
30 1822 773
30 1822 782
30 1822 717
30 1822 690
31 1822 669
27 1670
11 1670 641
10 1670 1315
9 1670 9
8 1670 93
7 1670 67
9 1670 19
28 1670 635
29 1670 1219
30 1670 828
30 1670 817
27 1405
11 1405 641
10 1405 1630
10 1405 1827
28 1405 635
29 1405 1092
30 1405 737
30 1405 704
30 1405 817
27 1032
11 1032 650
10 1032 956
10 1032 1828
10 1032 1829
8 1032 13
28 1032 635
29 1032 1231
30 1032 787
30 1032 690
27 1674
11 1674 641
10 1674 1515
9 1674 13
9 1674 88
28 1674 635
29 1674 1312
30 1674 754
30 1674 762
31 1674 712
27 1770
11 1770 650
10 1770 1315
10 1770 1830
8 1770 19
8 1770 73
8 1770 88
28 1770 635
29 1770 1006
30 1770 821
30 1770 1558
31 1770 791
27 1463
11 1463 641
10 1463 1831
10 1463 1368
10 1463 1303
28 1463 635
29 1463 832
30 1463 690
30 1463 807
27 1832
11 1832 641
10 1832 1134
10 1832 1833
8 1832 13
8 1832 67
28 1832 635
29 1832 930
30 1832 745
30 1832 726
30 1832 771
27 870
11 870 650
28 870 635
29 870 1231
30 870 781
30 870 794
30 870 826
27 1145
11 1145 650
10 1145 1834
10 1145 1790
10 1145 1835
10 1145 1836
10 1145 1837
8 1145 10
8 1145 11
7 1145 93
11 1145 21
11 1145 60
28 1145 635
29 1145 881
30 1145 759
30 1145 714
27 1835
11 1835 650
10 1835 1106
10 1835 188
8 1835 9
7 1835 19
8 1835 10
28 1835 635
29 1835 867
30 1835 713
30 1835 771
30 1835 809
27 1285
11 1285 641
10 1285 1743
10 1285 1838
11 1285 60
11 1285 102
28 1285 635
29 1285 947
30 1285 691
30 1285 771
27 1839
11 1839 650
10 1839 1462
10 1839 897
8 1839 8
28 1839 635
29 1839 984
30 1839 1840
30 1839 1841
30 1839 694
27 1842
11 1842 650
10 1842 1565
10 1842 1041
10 1842 1337
10 1842 1843
28 1842 635
29 1842 1312
30 1842 744
30 1842 667
30 1842 707
27 899
11 899 641
8 899 9
11 899 60
28 899 635
29 899 1312
30 899 777
30 899 755
31 899 769
27 1844
11 1844 650
10 1844 1237
10 1844 1845
10 1844 1592
28 1844 635
29 1844 913
30 1844 720
30 1844 818
27 1230
11 1230 650
6 1230 1846
10 1230 1012
10 1230 1847
10 1230 1848
10 1230 1619
11 1230 135
28 1230 635
29 1230 1013
30 1230 760
30 1230 733
30 1230 726
30 1230 1849
31 1230 649
27 1850
11 1850 641
28 1850 635
29 1850 867
30 1850 733
30 1850 698
30 1850 766
27 1397
11 1397 650
10 1397 1851
11 1397 74
11 1397 60
28 1397 635
29 1397 843
30 1397 744
30 1397 754
30 1397 755
27 845
11 845 641
10 845 1852
10 845 1165
10 845 1350
8 845 9
8 845 88
9 845 10
8 845 67
8 845 11
28 845 635
29 845 891
30 845 676
30 845 816
30 845 1853
30 845 815
27 1854
11 1854 650
10 1854 953
10 1854 1855
10 1854 1291
10 1854 1856
11 1854 60
28 1854 635
29 1854 1036
30 1854 1857
30 1854 795
30 1854 814
30 1854 781
27 1858
11 1858 641
10 1858 1158
10 1858 1457
10 1858 1859
10 1858 1638
8 1858 67
28 1858 635
29 1858 1024
30 1858 714
30 1858 768
30 1858 707
31 1858 662
27 1860
11 1860 641
10 1860 1132
10 1860 1861
7 1860 67
7 1860 88
7 1860 8
28 1860 635
29 1860 926
30 1860 777
30 1860 1862
30 1860 717
27 1350
11 1350 650
10 1350 1863
10 1350 1864
10 1350 1865
10 1350 1317
10 1350 1866
8 1350 73
28 1350 635
29 1350 871
30 1350 795
30 1350 808
27 1159
11 1159 641
10 1159 1867
8 1159 88
11 1159 74
28 1159 635
29 1159 902
30 1159 737
30 1159 744
30 1159 729
30 1159 1868
27 1304
11 1304 641
6 1304 1869
6 1304 1870
10 1304 1772
8 1304 88
7 1304 13
8 1304 73
28 1304 635
29 1304 1036
30 1304 815
30 1304 1871
30 1304 726
30 1304 734
27 893
11 893 650
10 893 688
10 893 1872
10 893 597
10 893 1272
7 893 8
28 893 635
29 893 998
30 893 1873
30 893 1874
30 893 814
31 893 671
27 1875
11 1875 641
10 1875 1876
10 1875 897
10 1875 44
28 1875 635
29 1875 998
30 1875 703
30 1875 1877
30 1875 767
27 1023
11 1023 650
10 1023 1637
9 1023 19
28 1023 635
29 1023 918
30 1023 1878
30 1023 783
30 1023 755
31 1023 682
27 1879
11 1879 650
10 1879 335
7 1879 11
8 1879 9
8 1879 93
9 1879 73
11 1879 32
28 1879 635
29 1879 959
30 1879 821
30 1879 818
30 1879 767
30 1879 663
27 1691
11 1691 641
10 1691 1181
8 1691 11
11 1691 348
28 1691 635
29 1691 1069
30 1691 663
30 1691 674
30 1691 1880
27 525
11 525 650
10 525 1175
10 525 1881
10 525 1882
28 525 635
29 525 1092
30 525 1243
30 525 1505
27 1883
11 1883 641
10 1883 352
10 1883 1884
10 1883 1224
10 1883 1885
7 1883 73
28 1883 635
29 1883 939
30 1883 725
30 1883 821
30 1883 692
31 1883 659
27 1471
11 1471 641
6 1471 1886
10 1471 1887
10 1471 1888
10 1471 1889
10 1471 1120
7 1471 10
28 1471 635
29 1471 881
30 1471 815
30 1471 817
30 1471 772
31 1471 662
27 1890
11 1890 641
10 1890 1419
10 1890 1891
10 1890 1892
10 1890 1552
10 1890 1893
8 1890 73
28 1890 635
29 1890 1006
30 1890 738
30 1890 656
30 1890 674
30 1890 781
27 1894
11 1894 641
10 1894 1895
10 1894 1896
10 1894 1308
8 1894 67
28 1894 635
29 1894 832
30 1894 777
30 1894 1897
30 1894 818
30 1894 1898
27 1899
11 1899 641
10 1899 1900
10 1899 442
10 1899 1321
10 1899 1654
10 1899 1901
9 1899 88
8 1899 11
8 1899 19
8 1899 73
11 1899 102
28 1899 635
29 1899 918
30 1899 1902
30 1899 740
30 1899 787
30 1899 1903
27 1904
11 1904 641
10 1904 1132
28 1904 635
29 1904 843
30 1904 772
30 1904 713
30 1904 1905
30 1904 768
31 1904 701
27 1906
11 1906 641
10 1906 1374
10 1906 1098
10 1906 377
8 1906 19
9 1906 8
8 1906 10
11 1906 32
11 1906 135
28 1906 635
29 1906 1219
30 1906 690
30 1906 698
30 1906 1907
30 1906 750
27 1385
11 1385 650
10 1385 901
11 1385 361
28 1385 635
29 1385 1174
30 1385 794
30 1385 738
30 1385 718
27 856
11 856 650
10 856 1706
10 856 1908
10 856 1909
11 856 74
28 856 635
29 856 1092
30 856 692
30 856 707
27 1168
11 1168 650
10 1168 1910
10 1168 1532
10 1168 1278
10 1168 1911
10 1168 1443
9 1168 19
28 1168 635
29 1168 871
30 1168 807
30 1168 655
30 1168 1912
27 1913
11 1913 641
10 1913 1914
10 1913 1915
8 1913 9
28 1913 635
29 1913 847
30 1913 656
30 1913 717
30 1913 1916
27 945
11 945 650
10 945 1465
10 945 1690
8 945 11
28 945 635
29 945 1231
30 945 827
30 945 777
30 945 770
27 1064
11 1064 641
10 1064 1917
10 1064 1918
10 1064 1179
8 1064 10
28 1064 635
29 1064 840
30 1064 1919
30 1064 704
31 1064 662
27 1920
11 1920 641
10 1920 1921
10 1920 1683
10 1920 854
10 1920 1922
10 1920 1923
28 1920 635
29 1920 955
30 1920 726
30 1920 817
30 1920 783
27 1127
11 1127 650
10 1127 1924
10 1127 1208
10 1127 1925
10 1127 1926
7 1127 9
8 1127 10
7 1127 8
11 1127 32
11 1127 348
28 1127 635
29 1127 881
30 1127 690
30 1127 783
30 1127 666
27 1132
11 1132 641
10 1132 922
10 1132 1927
10 1132 1928
10 1132 196
8 1132 88
8 1132 9
7 1132 13
8 1132 19
7 1132 67
28 1132 635
29 1132 1388
30 1132 1929
30 1132 744
31 1132 689
27 1183
11 1183 641
10 1183 1653
10 1183 1930
28 1183 635
29 1183 853
30 1183 740
30 1183 725
30 1183 714
30 1183 691
27 1931
11 1931 641
10 1931 1932
10 1931 1463
28 1931 635
29 1931 849
30 1931 703
30 1931 755
30 1931 759
31 1931 710
27 1933
11 1933 650
10 1933 1751
10 1933 1934
10 1933 1819
28 1933 635
29 1933 860
30 1933 817
30 1933 807
30 1933 762
27 1935
11 1935 650
8 1935 9
28 1935 635
29 1935 939
30 1935 667
30 1935 737
27 1171
11 1171 650
10 1171 1936
10 1171 1937
7 1171 11
8 1171 10
8 1171 8
8 1171 13
7 1171 73
11 1171 348
11 1171 32
28 1171 635
29 1171 847
30 1171 1938
30 1171 807
30 1171 644
27 609
11 609 650
7 609 13
11 609 102
11 609 60
28 609 635
29 609 1219
30 609 1939
30 609 1940
30 609 761
30 609 1941
31 609 689
27 242
11 242 650
10 242 1942
9 242 67
28 242 635
29 242 900
30 242 795
30 242 690
30 242 725
27 1221
11 1221 641
10 1221 1943
10 1221 1721
9 1221 88
7 1221 73
8 1221 10
28 1221 635
29 1221 998
30 1221 647
30 1221 1944
27 1597
11 1597 650
6 1597 1945
10 1597 269
10 1597 1946
28 1597 635
29 1597 1017
30 1597 703
30 1597 787
30 1597 800
30 1597 766
31 1597 765
27 1083
11 1083 641
10 1083 1863
10 1083 1947
10 1083 1404
10 1083 1154
28 1083 635
29 1083 900
30 1083 699
30 1083 794
30 1083 737
30 1083 1948
27 1293
11 1293 650
6 1293 1949
10 1293 1052
10 1293 1950
10 1293 1951
8 1293 13
28 1293 635
29 1293 947
30 1293 713
30 1293 771
31 1293 696
27 1952
11 1952 650
11 1952 20
11 1952 74
28 1952 635
29 1952 860
30 1952 713
30 1952 754
27 1953
11 1953 650
28 1953 635
29 1953 832
30 1953 1954
30 1953 809
30 1953 781
30 1953 1955
31 1953 722
27 1831
11 1831 650
10 1831 928
10 1831 1956
10 1831 1957
7 1831 73
28 1831 635
29 1831 913
30 1831 1958
30 1831 814
30 1831 882
30 1831 782
27 1959
11 1959 641
10 1959 1960
10 1959 1008
28 1959 635
29 1959 847
30 1959 725
30 1959 770
30 1959 703
31 1959 661
27 1067
11 1067 650
10 1067 1198
10 1067 1961
7 1067 73
7 1067 93
9 1067 19
8 1067 10
28 1067 635
29 1067 1155
30 1067 690
30 1067 795
30 1067 750
27 1962
11 1962 641
10 1962 1963
28 1962 635
29 1962 947
30 1962 690
30 1962 691
30 1962 755
30 1962 675
31 1962 659
27 1484
11 1484 650
10 1484 1964
28 1484 635
29 1484 930
30 1484 1965
30 1484 674
30 1484 691
30 1484 783
27 1532
11 1532 650
10 1532 1291
10 1532 1020
10 1532 1966
10 1532 481
7 1532 13
8 1532 8
9 1532 73
28 1532 635
29 1532 959
30 1532 707
30 1532 691
27 1967
11 1967 641
10 1967 1968
7 1967 8
7 1967 19
8 1967 67
7 1967 73
11 1967 348
28 1967 635
29 1967 871
30 1967 645
30 1967 655
30 1967 745
31 1967 688
27 1969
11 1969 641
10 1969 1970
10 1969 1484
10 1969 869
10 1969 887
28 1969 635
29 1969 1024
30 1969 818
30 1969 787
27 1478
11 1478 641
10 1478 869
10 1478 1971
8 1478 8
11 1478 74
11 1478 60
28 1478 635
29 1478 840
30 1478 755
30 1478 744
30 1478 777
27 1555
11 1555 641
10 1555 1623
10 1555 1972
28 1555 635
29 1555 955
30 1555 667
30 1555 751
30 1555 745
27 1115
11 1115 641
10 1115 1973
10 1115 1765
7 1115 11
8 1115 19
11 1115 32
28 1115 635
29 1115 1069
30 1115 734
30 1115 809
30 1115 655
30 1115 815
27 1400
11 1400 650
10 1400 1974
10 1400 991
10 1400 1975
7 1400 9
28 1400 635
29 1400 853
30 1400 1976
30 1400 772
30 1400 718
30 1400 782
27 1972
11 1972 641
6 1972 1977
10 1972 1366
11 1972 60
28 1972 635
29 1972 1092
30 1972 684
30 1972 745
31 1972 689
27 1512
11 1512 650
10 1512 1276
10 1512 1458
10 1512 1400
10 1512 1978
28 1512 635
29 1512 888
30 1512 1979
30 1512 691
30 1512 713
30 1512 655
27 1314
11 1314 650
10 1314 1431
10 1314 1980
10 1314 1981
8 1314 93
7 1314 67
8 1314 73
7 1314 11
28 1314 635
29 1314 902
30 1314 766
30 1314 737
30 1314 782
27 1982
11 1982 641
10 1982 1935
10 1982 1983
8 1982 93
9 1982 8
28 1982 635
29 1982 1312
30 1982 809
30 1982 737
30 1982 872
27 1984
11 1984 641
6 1984 1985
8 1984 73
28 1984 635
29 1984 1174
30 1984 760
30 1984 759
30 1984 717
30 1984 734
27 1986
11 1986 641
10 1986 1987
8 1986 13
8 1986 11
8 1986 67
28 1986 635
29 1986 847
30 1986 1988
30 1986 807
30 1986 1989
30 1986 664
27 953
11 953 650
10 953 941
10 953 1990
10 953 1991
10 953 1165
9 953 88
28 953 635
29 953 947
30 953 655
30 953 766
30 953 821
30 953 813
27 1992
11 1992 650
10 1992 1386
10 1992 1993
10 1992 916
10 1992 1994
9 1992 13
11 1992 74
28 1992 635
29 1992 840
30 1992 1995
30 1992 1996
30 1992 1997
27 1998
11 1998 641
10 1998 1999
9 1998 19
28 1998 635
29 1998 1036
30 1998 713
30 1998 781
30 1998 698
27 2000
11 2000 641
10 2000 1925
10 2000 2001
10 2000 2002
7 2000 10
28 2000 635
29 2000 1219
30 2000 655
30 2000 781
27 2003
11 2003 641
28 2003 635
29 2003 871
30 2003 755
30 2003 767
30 2003 738
30 2003 685
27 2004
11 2004 641
10 2004 2005
7 2004 88
28 2004 635
29 2004 847
30 2004 759
30 2004 693
30 2004 772
30 2004 713
27 970
11 970 641
10 970 2006
10 970 1509
10 970 2007
8 970 88
9 970 13
28 970 635
29 970 1231
30 970 807
30 970 699
30 970 818
30 970 782
31 970 660
27 1311
11 1311 641
10 1311 2008
10 1311 1285
8 1311 9
7 1311 73
28 1311 635
29 1311 871
30 1311 808
30 1311 781
30 1311 807
30 1311 656
27 1828
11 1828 641
10 1828 1433
10 1828 2009
10 1828 597
9 1828 10
9 1828 8
8 1828 11
8 1828 13
28 1828 635
29 1828 888
30 1828 684
30 1828 826
30 1828 714
31 1828 722
27 1966
11 1966 650
8 1966 11
28 1966 635
29 1966 959
30 1966 777
30 1966 750
27 1775
11 1775 650
10 1775 1860
10 1775 2010
10 1775 1532
10 1775 262
10 1775 1504
7 1775 10
28 1775 635
29 1775 832
30 1775 690
30 1775 766
30 1775 750
27 1292
11 1292 641
10 1292 1494
11 1292 32
28 1292 635
29 1292 871
30 1292 738
30 1292 737
30 1292 668
30 1292 766
27 1176
11 1176 641
10 1176 1998
10 1176 1483
10 1176 2011
28 1176 635
29 1176 891
30 1176 772
30 1176 777
30 1176 726
30 1176 684
27 2012
11 2012 641
10 2012 2013
10 2012 1118
10 2012 1666
10 2012 2014
10 2012 1606
28 2012 635
29 2012 1024
30 2012 707
30 2012 645
30 2012 772
30 2012 1493
27 1863
11 1863 650
10 1863 1509
10 1863 2015
10 1863 2016
10 1863 2017
10 1863 944
8 1863 10
9 1863 67
11 1863 60
28 1863 635
29 1863 847
30 1863 808
30 1863 772
30 1863 674
31 1863 671
27 1153
11 1153 641
10 1153 2018
10 1153 2019
28 1153 635
29 1153 1312
30 1153 725
30 1153 2020
30 1153 2021
30 1153 2022
27 2023
11 2023 641
28 2023 635
29 2023 840
30 2023 734
30 2023 2024
31 2023 702
27 846
11 846 641
10 846 1969
10 846 2025
10 846 2026
28 846 635
29 846 959
30 846 772
30 846 2027
30 846 2028
27 1376
11 1376 641
10 1376 1230
10 1376 897
10 1376 1805
10 1376 2029
9 1376 19
8 1376 67
8 1376 93
9 1376 9
28 1376 635
29 1376 959
30 1376 725
30 1376 655
30 1376 770
30 1376 707
27 2030
11 2030 641
10 2030 2031
10 2030 1307
10 2030 879
10 2030 2032
10 2030 2033
28 2030 635
29 2030 913
30 2030 2034
30 2030 2035
27 1196
11 1196 650
10 1196 1249
28 1196 635
29 1196 1017
30 1196 759
30 1196 794
30 1196 2036
30 1196 667
31 1196 710
27 1642
11 1642 650
28 1642 635
29 1642 881
30 1642 751
30 1642 777
27 2037
11 2037 650
10 2037 2038
10 2037 398
10 2037 1590
10 2037 2039
28 2037 635
29 2037 847
30 2037 2040
30 2037 809
27 1258
11 1258 650
28 1258 635
29 1258 888
30 1258 777
30 1258 755
31 1258 710
27 1719
11 1719 641
10 1719 1190
10 1719 2041
11 1719 74
28 1719 635
29 1719 832
30 1719 751
30 1719 771
27 2042
11 2042 650
10 2042 1394
8 2042 67
28 2042 635
29 2042 867
30 2042 644
30 2042 684
27 897
11 897 641
10 897 1428
10 897 2043
9 897 9
7 897 10
28 897 635
29 897 832
30 897 750
30 897 821
30 897 2044
30 897 814
27 1138
11 1138 641
10 1138 1986
10 1138 2045
10 1138 2046
28 1138 635
29 1138 860
30 1138 766
30 1138 807
30 1138 800
30 1138 2047
27 2048
11 2048 641
10 2048 2049
7 2048 19
7 2048 88
28 2048 635
29 2048 939
30 2048 800
30 2048 655
27 1326
11 1326 641
10 1326 2050
10 1326 2051
11 1326 102
28 1326 635
29 1326 847
30 1326 818
30 1326 2052
30 1326 745
27 943
11 943 650
10 943 1963
9 943 8
28 943 635
29 943 984
30 943 666
30 943 684
27 1552
11 1552 641
10 1552 1015
10 1552 2053
11 1552 135
28 1552 635
29 1552 871
30 1552 784
30 1552 745
30 1552 817
27 1528
11 1528 641
10 1528 2054
10 1528 1854
10 1528 1879
10 1528 2055
10 1528 1920
11 1528 20
11 1528 102
28 1528 635
29 1528 984
30 1528 809
30 1528 771
31 1528 749
27 1925
11 1925 641
10 1925 1418
10 1925 2056
10 1925 2057
7 1925 8
8 1925 73
28 1925 635
29 1925 984
30 1925 2058
30 1925 674
30 1925 760
27 1005
11 1005 650
10 1005 2059
10 1005 2060
10 1005 2061
28 1005 635
29 1005 998
30 1005 717
30 1005 665
30 1005 761
27 2005
11 2005 650
10 2005 856
10 2005 1472
10 2005 257
10 2005 2062
28 2005 635
29 2005 867
30 2005 655
30 2005 767
27 1847
11 1847 641
6 1847 2063
7 1847 19
28 1847 635
29 1847 860
30 1847 655
30 1847 2064
31 1847 659
27 1466
11 1466 641
10 1466 1252
10 1466 1447
10 1466 2065
10 1466 834
10 1466 2066
28 1466 635
29 1466 955
30 1466 698
30 1466 794
27 2067
11 2067 650
10 2067 2068
7 2067 11
11 2067 32
28 2067 635
29 2067 871
30 2067 2069
30 2067 703
30 2067 787
27 2070
11 2070 650
10 2070 2071
8 2070 10
7 2070 11
28 2070 635
29 2070 1219
30 2070 2072
30 2070 698
30 2070 2073
27 2074
11 2074 650
10 2074 2075
10 2074 946
10 2074 2076
28 2074 635
29 2074 998
30 2074 644
30 2074 726
30 2074 767
30 2074 2077
27 748
11 748 650
10 748 2078
10 748 1249
10 748 2079
8 748 93
9 748 19
7 748 8
8 748 9
11 748 32
28 748 635
29 748 1069
30 748 738
30 748 1673
27 990
11 990 650
10 990 2080
10 990 1900
10 990 943
10 990 536
10 990 2081
28 990 635
29 990 871
30 990 777
30 990 821
30 990 663
30 990 692
31 990 688
27 2060
11 2060 641
10 2060 2012
10 2060 2082
10 2060 2083
8 2060 93
11 2060 32
11 2060 102
28 2060 635
29 2060 860
30 2060 759
30 2060 703
30 2060 808
27 2084
11 2084 641
10 2084 2085
8 2084 88
28 2084 635
29 2084 1155
30 2084 767
30 2084 821
30 2084 2086
27 1915
11 1915 641
10 1915 2059
10 1915 2087
10 1915 2088
10 1915 1507
28 1915 635
29 1915 843
30 1915 808
30 1915 675
30 1915 692
30 1915 2089
27 896
11 896 641
10 896 2090
10 896 1120
10 896 1562
28 896 635
29 896 1231
30 896 813
30 896 759
30 896 1685
32 2091
11 2091 641
10 2091 953
10 2091 1323
8 2091 93
28 2091 635
29 2091 860
17 2091 0
30 2091 685
30 2091 694
30 2091 2092
31 2091 671
32 2093
11 2093 641
8 2093 73
8 2093 11
7 2093 93
8 2093 19
7 2093 88
11 2093 102
28 2093 635
29 2093 1174
17 2093 653
30 2093 778
30 2093 686
30 2093 693
31 2093 712
32 857
11 857 650
10 857 2094
10 857 1460
10 857 722
28 857 635
29 857 1099
17 857 653
30 857 802
30 857 2095
30 857 810
31 857 638
32 64
11 64 650
10 64 2000
10 64 2096
10 64 2097
10 64 2098
10 64 98
28 64 635
29 64 1312
17 64 0
30 64 785
30 64 656
31 64 712
32 1217
11 1217 641
10 1217 2099
10 1217 2100
10 1217 2101
10 1217 2102
10 1217 2005
7 1217 9
9 1217 93
7 1217 11
8 1217 8
28 1217 635
29 1217 1036
17 1217 0
30 1217 762
30 1217 823
31 1217 792
32 1044
11 1044 641
11 1044 60
28 1044 635
29 1044 1024
17 1044 643
30 1044 811
30 1044 2103
31 1044 710
32 2104
11 2104 650
10 2104 506
11 2104 135
28 2104 635
29 2104 1099
17 2104 653
30 2104 668
30 2104 789
30 2104 2105
31 2104 659
32 2106
11 2106 641
10 2106 2107
10 2106 2108
10 2106 2109
10 2106 1626
10 2106 1304
8 2106 88
11 2106 21
11 2106 74
28 2106 635
29 2106 1006
17 2106 0
30 2106 819
30 2106 822
31 2106 688
32 2110
11 2110 641
6 2110 2111
10 2110 2112
10 2110 1700
10 2110 2113
10 2110 2114
10 2110 2115
11 2110 32
28 2110 635
29 2110 900
17 2110 0
30 2110 810
30 2110 729
30 2110 728
31 2110 688
32 1225
11 1225 641
10 1225 1277
10 1225 2116
10 1225 2117
10 1225 2118
10 1225 464
8 1225 11
11 1225 74
28 1225 635
29 1225 930
17 1225 643
30 1225 827
30 1225 668
30 1225 666
31 1225 765
32 2119
11 2119 650
10 2119 2120
10 2119 2121
11 2119 60
11 2119 74
28 2119 635
29 2119 847
17 2119 653
30 2119 823
30 2119 802
31 2119 710
32 2122
11 2122 650
8 2122 93
8 2122 73
8 2122 8
8 2122 19
28 2122 635
29 2122 926
17 2122 643
30 2122 2123
30 2122 784
31 2122 786
32 1810
11 1810 650
10 1810 1054
28 1810 635
29 1810 1036
17 1810 0
30 1810 700
30 1810 790
31 1810 649
32 1971
11 1971 650
10 1971 903
10 1971 945
10 1971 281
10 1971 2124
28 1971 635
29 1971 913
17 1971 654
30 1971 647
30 1971 802
31 1971 689
32 2125
11 2125 641
10 2125 1337
10 2125 2126
10 2125 1424
10 2125 2127
10 2125 1100
7 2125 93
9 2125 10
11 2125 32
11 2125 361
28 2125 635
29 2125 840
17 2125 643
30 2125 708
30 2125 773
31 2125 688
32 1900
11 1900 641
10 1900 2128
10 1900 2129
10 1900 637
9 1900 9
28 1900 635
29 1900 959
17 1900 643
30 1900 719
30 1900 658
31 1900 702
32 7
11 7 641
8 7 13
7 7 11
8 7 8
9 7 88
28 7 635
29 7 959
17 7 643
30 7 796
30 7 739
31 7 765
32 1169
11 1169 641
10 1169 2130
10 1169 2131
10 1169 2132
10 1169 1959
10 1169 2133
28 1169 635
29 1169 891
17 1169 653
30 1169 819
30 1169 694
31 1169 688
32 1838
11 1838 650
6 1838 2134
10 1838 2030
28 1838 635
29 1838 881
17 1838 653
30 1838 763
30 1838 824
31 1838 702
32 1893
11 1893 641
10 1893 2037
10 1893 1100
28 1893 635
29 1893 1036
17 1893 653
30 1893 716
30 1893 719
30 1893 657
31 1893 688
32 1368
11 1368 650
10 1368 2135
10 1368 1286
28 1368 635
29 1368 847
17 1368 642
30 1368 741
30 1368 773
31 1368 661
32 2136
11 2136 641
10 2136 1501
10 2136 2137
10 2136 1835
10 2136 2138
9 2136 10
7 2136 8
28 2136 635
29 2136 900
17 2136 642
30 2136 685
30 2136 678
30 2136 788
31 2136 649
32 1216
11 1216 641
10 1216 1457
10 1216 1368
10 1216 226
10 1216 1237
10 1216 1540
28 1216 635
29 1216 1013
17 1216 654
30 1216 747
30 1216 790
30 1216 796
31 1216 659
32 1249
11 1249 650
6 1249 2139
10 1249 2140
8 1249 8
11 1249 135
11 1249 60
28 1249 635
29 1249 913
17 1249 643
30 1249 756
30 1249 789
30 1249 719
31 1249 786
32 1456
11 1456 650
10 1456 1654
10 1456 2141
10 1456 2142
10 1456 1790
28 1456 635
29 1456 1312
17 1456 643
30 1456 715
30 1456 829
31 1456 659
32 2143
11 2143 650
10 2143 1030
7 2143 13
9 2143 67
28 2143 635
29 2143 1036
17 2143 643
30 2143 716
30 2143 704
30 2143 647
31 2143 764
32 2144
11 2144 641
10 2144 2074
8 2144 93
8 2144 13
7 2144 8
8 2144 88
11 2144 21
11 2144 135
28 2144 635
29 2144 939
17 2144 0
30 2144 678
30 2144 665
30 2144 2145
31 2144 722
32 954
11 954 641
10 954 2146
10 954 2147
10 954 2148
10 954 2149
10 954 2150
8 954 9
28 954 635
29 954 1006
17 954 643
30 954 694
30 954 666
30 954 685
31 954 701
32 2151
11 2151 641
6 2151 2152
10 2151 1031
10 2151 1681
10 2151 1413
10 2151 2153
10 2151 1315
7 2151 8
8 2151 11
9 2151 9
28 2151 635
29 2151 881
17 2151 643
30 2151 747
30 2151 708
31 2151 749
32 1766
11 1766 641
10 1766 2154
10 1766 1765
10 1766 859
8 1766 19
9 1766 10
28 1766 635
29 1766 926
17 1766 642
30 1766 656
30 1766 2155
31 1766 659
32 1050
11 1050 641
10 1050 2156
10 1050 1690
10 1050 1640
10 1050 2084
11 1050 60
11 1050 102
28 1050 635
29 1050 1024
17 1050 0
30 1050 802
30 1050 2157
30 1050 685
31 1050 792
32 1930
11 1930 641
10 1930 1005
10 1930 2158
10 1930 2159
10 1930 1369
8 1930 9
11 1930 348
28 1930 635
29 1930 853
17 1930 643
30 1930 810
30 1930 779
31 1930 662
32 1220
11 1220 650
10 1220 2048
10 1220 2160
11 1220 32
11 1220 135
28 1220 635
29 1220 908
17 1220 653
30 1220 664
30 1220 2161
30 1220 700
31 1220 688
32 2059
11 2059 650
10 2059 1527
8 2059 67
8 2059 93
28 2059 635
29 2059 843
17 2059 653
30 2059 704
30 2059 2162
31 2059 659
32 2081
11 2081 641
6 2081 2163
10 2081 2164
10 2081 1418
10 2081 1565
10 2081 2165
28 2081 635
29 2081 918
17 2081 642
30 2081 811
30 2081 709
31 2081 769
32 1556
11 1556 650
10 1556 2166
10 1556 1638
10 1556 2167
28 1556 635
29 1556 908
17 1556 643
30 1556 666
30 1556 704
30 1556 719
31 1556 113
32 1394
11 1394 641
28 1394 635
29 1394 1174
17 1394 643
30 1394 720
30 1394 819
30 1394 647
31 1394 689
32 1711
11 1711 650
28 1711 635
29 1711 1174
17 1711 653
30 1711 647
30 1711 677
31 1711 702
32 2168
11 2168 641
6 2168 2169
7 2168 73
7 2168 11
9 2168 9
8 2168 88
28 2168 635
29 2168 1069
17 2168 0
30 2168 658
30 2168 829
30 2168 785
31 2168 753
32 1188
11 1188 641
10 1188 1933
10 1188 2170
10 1188 1608
28 1188 635
29 1188 900
17 1188 0
30 1188 720
30 1188 739
30 1188 811
31 1188 689
32 1465
11 1465 641
10 1465 1413
10 1465 1172
8 1465 67
28 1465 635
29 1465 832
17 1465 653
30 1465 788
30 1465 824
30 1465 664
31 1465 113
32 820
11 820 641
6 820 1548
10 820 1842
28 820 635
29 820 913
17 820 0
30 820 828
30 820 740
31 820 791
32 2171
11 2171 641
10 2171 2172
10 2171 1197
10 2171 1832
10 2171 2173
10 2171 1469
9 2171 19
8 2171 11
8 2171 73
7 2171 8
8 2171 10
28 2171 635
29 2171 891
17 2171 653
30 2171 2174
30 2171 780
30 2171 2175
31 2171 669
32 1195
11 1195 641
10 1195 1738
7 1195 9
8 1195 11
9 1195 88
28 1195 635
29 1195 847
17 1195 642
30 1195 779
30 1195 823
30 1195 2176
31 1195 660
32 1994
11 1994 641
10 1994 2177
10 1994 990
28 1994 635
29 1994 918
17 1994 653
30 1994 666
30 1994 773
31 1994 662
32 1330
11 1330 650
10 1330 1814
28 1330 635
29 1330 918
17 1330 642
30 1330 2178
30 1330 2179
31 1330 791
32 2180
11 2180 650
10 2180 2181
10 2180 1808
10 2180 400
10 2180 1441
10 2180 1691
28 2180 635
29 2180 913
17 2180 0
30 2180 668
30 2180 779
30 2180 778
31 2180 749
32 895
11 895 641
10 895 91
10 895 1437
10 895 1225
10 895 1015
11 895 74
28 895 635
29 895 847
17 895 654
30 895 735
30 895 816
31 895 637
32 2182
11 2182 650
9 2182 88
7 2182 10
11 2182 74
28 2182 635
29 2182 843
17 2182 653
30 2182 788
30 2182 2183
31 2182 710
32 2184
11 2184 650
10 2184 2185
10 2184 2186
8 2184 9
7 2184 13
28 2184 635
29 2184 840
17 2184 0
30 2184 709
30 2184 756
30 2184 816
31 2184 113
32 2187
11 2187 641
10 2187 2188
10 2187 2189
10 2187 1804
10 2187 173
10 2187 2190
28 2187 635
29 2187 908
17 2187 642
30 2187 788
30 2187 801
31 2187 660
32 2191
11 2191 650
28 2191 635
29 2191 881
17 2191 643
30 2191 823
30 2191 2192
30 2191 716
31 2191 659
32 887
11 887 650
10 887 1931
10 887 298
10 887 1409
7 887 67
7 887 11
7 887 13
8 887 8
8 887 93
28 887 635
29 887 998
17 887 653
30 887 668
30 887 2193
30 887 735
31 887 687
32 2194
11 2194 650
6 2194 2195
28 2194 635
29 2194 1017
17 2194 0
30 2194 778
30 2194 2196
30 2194 763
31 2194 786
32 965
11 965 641
10 965 1270
10 965 1109
28 965 635
29 965 984
17 965 654
30 965 657
30 965 666
31 965 689
32 2197
11 2197 650
10 2197 2198
10 2197 2199
10 2197 2200
10 2197 2201
28 2197 635
29 2197 1099
17 2197 653
30 2197 829
30 2197 802
31 2197 649
32 1274
11 1274 641
10 1274 298
11 1274 102
11 1274 74
28 1274 635
29 1274 888
17 1274 643
30 1274 827
30 1274 757
30 1274 779
31 1274 722
32 2202
11 2202 641
6 2202 2203
10 2202 2204
10 2202 2205
10 2202 990
10 2202 2206
28 2202 635
29 2202 1174
17 2202 0
30 2202 658
30 2202 666
30 2202 2207
31 2202 696
32 1700
11 1700 641
10 1700 1756
10 1700 2208
28 1700 635
29 1700 881
17 1700 642
30 1700 709
30 1700 2209
30 1700 729
31 1700 687
32 2210
11 2210 650
10 2210 2211
10 2210 2212
10 2210 2213
10 2210 2214
28 2210 635
29 2210 1017
17 2210 0
30 2210 715
30 2210 747
30 2210 757
31 2210 649
32 2133
11 2133 641
6 2133 251
10 2133 1201
10 2133 1982
7 2133 67
28 2133 635
29 2133 847
17 2133 654
30 2133 741
30 2133 721
31 2133 671
32 2215
11 2215 650
10 2215 1597
10 2215 2216
9 2215 11
9 2215 67
8 2215 73
11 2215 20
28 2215 635
29 2215 926
17 2215 643
30 2215 779
30 2215 796
30 2215 719
31 2215 640
32 2217
11 2217 641
28 2217 635
29 2217 902
17 2217 654
30 2217 740
30 2217 727
31 2217 722
32 1200
11 1200 641
7 1200 19
28 1200 635
29 1200 955
17 1200 642
30 1200 658
30 1200 819
30 1200 727
31 1200 669
32 2218
11 2218 641
9 2218 10
28 2218 635
29 2218 998
17 2218 0
30 2218 773
30 2218 780
31 2218 701
32 2219
11 2219 641
9 2219 13
28 2219 635
29 2219 1036
17 2219 654
30 2219 790
30 2219 656
30 2219 740
31 2219 687
32 1742
11 1742 650
10 1742 2220
10 1742 2221
10 1742 2222
11 1742 60
28 1742 635
29 1742 849
17 1742 642
30 1742 719
30 1742 2223
31 1742 669
32 2146
11 2146 641
10 2146 640
10 2146 1542
10 2146 2224
28 2146 635
29 2146 891
17 2146 642
30 2146 819
30 2146 658
31 2146 689
32 2225
11 2225 641
10 2225 2226
10 2225 2227
10 2225 2228
28 2225 635
29 2225 1092
17 2225 643
30 2225 729
30 2225 686
30 2225 757
31 2225 749
32 844
11 844 641
28 844 635
29 844 902
17 844 642
30 844 756
30 844 789
30 844 685
31 844 749
32 2229
11 2229 641
10 2229 974
10 2229 2230
10 2229 2231
10 2229 1339
8 2229 73
8 2229 11
28 2229 635
29 2229 908
17 2229 653
30 2229 828
30 2229 747
31 2229 661
32 1386
11 1386 650
8 1386 88
28 1386 635
29 1386 847
17 1386 642
30 1386 829
30 1386 2232
31 1386 673
32 1483
11 1483 650
10 1483 2233
10 1483 2234
7 1483 93
9 1483 67
8 1483 19
11 1483 348
28 1483 635
29 1483 1036
17 1483 0
30 1483 796
30 1483 2235
30 1483 824
31 1483 791
32 2236
11 2236 650
28 2236 635
29 2236 1119
17 2236 643
30 2236 828
30 2236 802
31 2236 682
32 2237
11 2237 650
10 2237 1132
10 2237 2238
10 2237 2239
8 2237 93
28 2237 635
29 2237 1119
17 2237 0
30 2237 758
30 2237 727
30 2237 819
31 2237 765
32 1515
11 1515 641
10 1515 584
10 1515 2240
28 1515 635
29 1515 853
17 1515 643
30 1515 657
30 1515 685
31 1515 712
32 1462
11 1462 641
10 1462 1274
8 1462 93
8 1462 19
9 1462 8
28 1462 635
29 1462 959
17 1462 654
30 1462 2241
30 1462 719
30 1462 1758
31 1462 753
32 2242
11 2242 641
10 2242 1168
9 2242 67
28 2242 635
29 2242 853
17 2242 643
30 2242 664
30 2242 720
31 2242 769
32 1272
11 1272 650
10 1272 1032
28 1272 635
29 1272 998
17 1272 643
30 1272 685
30 1272 2243
30 1272 741
31 1272 792
32 28
11 28 650
6 28 2244
10 28 1501
10 28 2059
9 28 13
7 28 88
28 28 635
29 28 1069
17 28 653
30 28 666
30 28 824
31 28 682
32 917
11 917 650
10 917 1998
10 917 1183
10 917 2245
10 917 1548
10 917 2246
28 917 635
29 917 871
17 917 642
30 917 823
30 917 693
31 917 705
32 1738
11 1738 641
10 1738 556
10 1738 2247
28 1738 635
29 1738 1036
17 1738 654
30 1738 678
30 1738 747
30 1738 2248
31 1738 722
32 2065
11 2065 641
6 2065 2249
28 2065 635
29 2065 918
17 2065 0
30 2065 715
30 2065 796
31 2065 687
32 2250
11 2250 641
10 2250 1176
10 2250 1422
10 2250 942
10 2250 1031
11 2250 74
28 2250 635
29 2250 843
17 2250 642
30 2250 658
30 2250 716
30 2250 2251
31 2250 769
32 1963
11 1963 650
10 1963 2252
11 1963 102
28 1963 635
29 1963 998
17 1963 0
30 1963 2253
30 1963 678
30 1963 2254
31 1963 769
32 2031
11 2031 650
10 2031 2255
10 2031 1317
8 2031 73
28 2031 635
29 2031 840
17 2031 654
30 2031 819
30 2031 780
31 2031 791
32 2013
11 2013 641
10 2013 1008
10 2013 2256
10 2013 973
10 2013 1893
10 2013 2257
28 2013 635
29 2013 1312
17 2013 654
30 2013 665
30 2013 708
31 2013 113
32 987
11 987 641
10 987 1311
10 987 903
10 987 938
9 987 10
28 987 635
29 987 891
17 987 643
30 987 666
30 987 746
30 987 715
31 987 649
32 2258
11 2258 650
10 2258 2259
8 2258 88
28 2258 635
29 2258 1119
17 2258 643
30 2258 1939
30 2258 746
30 2258 728
31 2258 638
32 1546
11 1546 650
10 1546 2260
10 1546 2261
8 1546 9
8 1546 13
9 1546 88
7 1546 10
9 1546 93
28 1546 635
29 1546 908
17 1546 653
30 1546 686
30 1546 2262
31 1546 705
32 2263
11 2263 641
10 2263 1760
10 2263 1149
10 2263 1408
28 2263 635
29 2263 1017
17 2263 654
30 2263 827
30 2263 656
31 2263 637
32 1753
11 1753 650
9 1753 88
8 1753 19
7 1753 10
28 1753 635
29 1753 1024
17 1753 642
30 1753 721
30 1753 2264
30 1753 2265
31 1753 688
32 2266
11 2266 641
10 2266 2267
10 2266 1096
10 2266 2194
28 2266 635
29 2266 867
17 2266 0
30 2266 647
30 2266 677
31 2266 113
32 1496
11 1496 641
8 1496 8
11 1496 102
11 1496 32
28 1496 635
29 1496 984
17 1496 642
30 1496 729
30 1496 741
30 1496 693
31 1496 671
32 2268
11 2268 650
10 2268 916
28 2268 635
29 2268 1092
17 2268 0
30 2268 752
30 2268 658
30 2268 788
31 2268 660
32 2269
11 2269 641
10 2269 1775
9 2269 10
28 2269 635
29 2269 1099
17 2269 643
30 2269 784
30 2269 729
30 2269 727
31 2269 649
32 1895
11 1895 650
10 1895 1570
10 1895 1197
10 1895 1460
10 1895 1721
11 1895 20
28 1895 635
29 1895 871
17 1895 0
30 1895 2270
30 1895 763
30 1895 752
31 1895 640
32 2271
11 2271 650
10 2271 2272
28 2271 635
29 2271 984
17 2271 642
30 2271 757
30 2271 719
30 2271 827
31 2271 722
32 1179
11 1179 641
10 1179 1082
8 1179 93
9 1179 19
28 1179 635
29 1179 840
17 1179 653
30 1179 739
30 1179 686
31 1179 769
32 1398
11 1398 650
10 1398 1311
8 1398 67
11 1398 102
28 1398 635
29 1398 867
17 1398 654
30 1398 666
30 1398 796
30 1398 823
31 1398 689
32 1867
11 1867 641
6 1867 2273
6 1867 2274
10 1867 2275
10 1867 2276
10 1867 2277
10 1867 2278
10 1867 1350
8 1867 8
11 1867 60
11 1867 32
28 1867 635
29 1867 1036
17 1867 653
30 1867 779
30 1867 823
31 1867 786
32 1511
11 1511 641
11 1511 102
11 1511 60
28 1511 635
29 1511 867
17 1511 642
30 1511 2279
30 1511 719
31 1511 722
32 1246
11 1246 641
10 1246 1097
10 1246 2280
10 1246 1766
10 1246 1273
7 1246 88
28 1246 635
29 1246 1036
17 1246 0
30 1246 796
30 1246 802
30 1246 685
31 1246 113
32 2117
11 2117 641
28 2117 635
29 2117 881
17 2117 654
30 2117 728
30 2117 810
31 2117 689
32 2281
11 2281 641
10 2281 1409
28 2281 635
29 2281 888
17 2281 0
30 2281 788
30 2281 668
30 2281 779
31 2281 753
32 1457
11 1457 641
10 1457 2282
10 1457 1303
10 1457 1630
10 1457 936
10 1457 574
7 1457 88
8 1457 8
7 1457 9
28 1457 635
29 1457 1155
17 1457 653
30 1457 758
30 1457 773
30 1457 796
31 1457 669
32 2283
11 2283 650
6 2283 2284
10 2283 2285
10 2283 2286
10 2283 1512
9 2283 9
8 2283 10
9 2283 19
28 2283 635
29 2283 853
17 2283 0
30 2283 811
30 2283 780
31 2283 749
32 2259
11 2259 641
8 2259 67
28 2259 635
29 2259 918
17 2259 653
30 2259 721
30 2259 779
31 2259 786
32 942
11 942 641
10 942 2287
10 942 1252
10 942 2288
10 942 2289
10 942 992
28 942 635
29 942 1388
17 942 642
30 942 735
30 942 656
30 942 752
31 942 712
32 2290
11 2290 641
6 2290 2291
6 2290 2292
10 2290 2293
11 2290 60
28 2290 635
29 2290 1119
17 2290 0
30 2290 758
30 2290 708
31 2290 696
32 2294
11 2294 650
10 2294 1027
9 2294 9
8 2294 73
9 2294 93
28 2294 635
29 2294 902
17 2294 643
30 2294 720
30 2294 768
31 2294 753
32 2295
11 2295 650
10 2295 2296
10 2295 2297
10 2295 1070
10 2295 954
8 2295 13
9 2295 9
9 2295 19
9 2295 67
7 2295 11
28 2295 635
29 2295 843
17 2295 643
30 2295 685
30 2295 796
30 2295 727
31 2295 113
32 1659
11 1659 650
6 1659 2298
10 1659 2299
28 1659 635
29 1659 1219
17 1659 653
30 1659 2300
30 1659 2301
30 1659 665
31 1659 669
32 2302
11 2302 650
10 2302 190
10 2302 2303
10 2302 2304
10 2302 1293
7 2302 10
28 2302 635
29 2302 1069
17 2302 643
30 2302 801
30 2302 2305
30 2302 823
31 2302 722
32 2306
11 2306 641
10 2306 1443
9 2306 73
8 2306 11
9 2306 13
28 2306 635
29 2306 1092
17 2306 643
30 2306 720
30 2306 721
31 2306 764
32 2057
11 2057 650
10 2057 1225
10 2057 2307
10 2057 2308
10 2057 1906
8 2057 93
28 2057 635
29 2057 1092
17 2057 642
30 2057 747
30 2057 735
30 2057 686
31 2057 660
32 969
11 969 650
10 969 1237
10 969 1285
11 969 32
11 969 74
28 969 635
29 969 871
17 969 654
30 969 2309
30 969 740
30 969 763
31 969 637
32 1891
11 1891 650
28 1891 635
29 1891 900
17 1891 643
30 1891 746
30 1891 740
30 1891 741
31 1891 669
32 1051
11 1051 650
28 1051 635
29 1051 1013
17 1051 654
30 1051 788
30 1051 728
31 1051 722
32 1031
11 1031 650
10 1031 1969
10 1031 1775
11 1031 20
11 1031 74
28 1031 635
29 1031 1006
17 1031 642
30 1031 719
30 1031 773
30 1031 790
31 1031 687
32 1636
11 1636 641
10 1636 1805
10 1636 2310
28 1636 635
29 1636 1036
17 1636 654
30 1636 801
30 1636 2311
31 1636 753
32 1324
11 1324 650
10 1324 2048
10 1324 1670
7 1324 19
28 1324 635
29 1324 1231
17 1324 0
30 1324 657
30 1324 2312
30 1324 788
31 1324 661
32 2313
11 2313 650
10 2313 2314
10 2313 2315
10 2313 884
10 2313 2316
11 2313 20
11 2313 21
28 2313 635
29 2313 930
17 2313 653
30 2313 823
30 2313 735
31 2313 689
32 1633
11 1633 641
6 1633 2317
10 1633 2318
10 1633 2319
10 1633 1469
7 1633 19
28 1633 635
29 1633 1006
17 1633 0
30 1633 779
30 1633 2320
30 1633 686
31 1633 669
32 1921
11 1921 641
6 1921 94
10 1921 1008
10 1921 910
28 1921 635
29 1921 908
17 1921 654
30 1921 752
30 1921 740
31 1921 765
32 2321
11 2321 650
10 2321 177
10 2321 2322
10 2321 614
10 2321 2323
7 2321 93
28 2321 635
29 2321 847
17 2321 653
30 2321 758
30 2321 2324
30 2321 2325
31 2321 649
32 1320
11 1320 650
10 1320 2326
10 1320 2222
10 1320 2012
10 1320 187
8 1320 67
28 1320 635
29 1320 1017
17 1320 643
30 1320 1614
30 1320 666
30 1320 779
31 1320 640
32 1687
11 1687 650
10 1687 2327
10 1687 2328
10 1687 2329
10 1687 2330
10 1687 2331
28 1687 635
29 1687 902
17 1687 654
30 1687 656
30 1687 704
31 1687 765
32 1452
11 1452 641
10 1452 1930
10 1452 2332
28 1452 635
29 1452 1155
17 1452 654
30 1452 719
30 1452 2333
30 1452 2334
31 1452 659
32 1172
11 1172 641
9 1172 11
28 1172 635
29 1172 1024
17 1172 0
30 1172 2335
30 1172 762
31 1172 640
32 1109
11 1109 641
10 1109 1906
8 1109 9
8 1109 11
28 1109 635
29 1109 913
17 1109 654
30 1109 728
30 1109 721
30 1109 719
31 1109 712
32 1257
11 1257 650
28 1257 635
29 1257 1231
17 1257 654
30 1257 802
30 1257 763
31 1257 673
33 644
33 645
33 655
33 663
33 667
33 674
33 675
33 676
33 684
33 690
33 691
33 692
33 698
33 699
33 703
33 707
34 707 2336
4 2336
10 2336 1931
10 2336 637
10 2336 2337
10 2336 1259
10 2336 2338
33 713
33 714
33 717
33 718
33 725
33 726
33 733
33 734
33 737
33 738
33 744
33 745
33 750
33 751
33 754
33 755
33 759
33 760
33 761
33 766
33 767
33 770
33 771
33 772
33 777
33 781
33 782
33 783
33 787
33 794
33 795
33 800
33 807
33 808
33 809
33 813
33 814
33 815
33 817
33 818
33 821
33 826
33 646
33 647
33 656
33 657
33 658
33 664
33 665
33 666
33 668
33 677
33 678
33 685
33 686
33 693
33 694
33 700
33 704
33 708
33 709
33 715
33 716
33 719
33 720
33 721
33 727
33 728
33 729
33 735
33 739
33 740
33 741
33 746
33 747
33 752
33 756
33 757
33 758
33 762
33 763
33 768
33 773
33 778
33 779
33 780
33 784
33 785
33 788
33 789
33 790
33 796
33 801
33 802
33 810
33 811
33 816
33 819
33 822
33 823
33 824
33 827
33 828
33 829
35 2339
36 2339 640
36 2339 2266
36 2339 2237
36 2339 671
36 2339 2191
37 2340
36 2340 640
36 2340 722
36 2340 2171
38 2341
36 2341 640
36 2341 1687
36 2341 2210
37 2342
36 2342 640
36 2342 2104
36 2342 1895
36 2342 710
39 2343
36 2343 640
36 2343 1320
36 2343 2237
40 2344
36 2344 640
36 2344 2122
36 2344 1195
37 2345
36 2345 640
36 2345 682
40 2346
36 2346 640
36 2346 2122
36 2346 1636
38 2347
36 2347 640
36 2347 2146
41 2348
36 2348 640
36 2348 2110
36 2348 1971
35 2349
36 2349 640
36 2349 2294
36 2349 1169
42 2350
36 2350 640
36 2350 2306
42 2351
36 2351 640
36 2351 2125
36 2351 2266
36 2351 1216
41 2352
36 2352 649
36 2352 2219
42 2353
36 2353 649
36 2353 2031
36 2353 2258
36 2353 2194
43 2354
36 2354 649
36 2354 1044
36 2354 2295
36 2354 638
41 2355
36 2355 649
36 2355 2091
36 2355 1515
39 2356
36 2356 649
36 2356 1921
36 2356 2104
36 2356 1179
37 2357
36 2357 649
36 2357 1225
36 2357 1246
36 2357 669
40 2358
36 2358 649
36 2358 2013
40 2359
36 2359 649
36 2359 2065
36 2359 1172
36 2359 857
43 2360
36 2360 649
36 2360 753
36 2360 1700
42 2361
36 2361 649
36 2361 1687
43 2362
36 2362 649
36 2362 2266
36 2362 1465
36 2362 2125
36 2362 2290
37 2363
36 2363 649
36 2363 1169
36 2363 2091
36 2363 1220
42 2364
36 2364 649
36 2364 2290
36 2364 669
36 2364 1368
39 2365
36 2365 659
36 2365 1050
36 2365 1452
38 2366
36 2366 659
36 2366 765
36 2366 2236
36 2366 1636
36 2366 2237
43 2367
36 2367 659
36 2367 2171
36 2367 702
36 2367 2182
36 2367 1971
44 2368
36 2368 659
36 2368 2266
39 2369
36 2369 659
36 2369 64
36 2369 669
36 2369 1398
37 2370
36 2370 659
36 2370 637
36 2370 2290
36 2370 2171
36 2370 857
40 2371
36 2371 659
36 2371 1930
41 2372
36 2372 659
36 2372 1220
36 2372 661
36 2372 2266
39 2373
36 2373 659
36 2373 2136
36 2373 1556
36 2373 2215
36 2373 2093
39 2374
36 2374 659
36 2374 638
39 2375
36 2375 659
36 2375 649
36 2375 662
35 2376
36 2376 659
36 2376 749
40 2377
36 2377 113
36 2377 1483
38 2378
36 2378 113
36 2378 1452
36 2378 2057
36 2378 2266
36 2378 687
35 2379
36 2379 113
36 2379 791
36 2379 1867
44 2380
36 2380 113
36 2380 696
36 2380 1893
36 2380 1636
43 2381
36 2381 113
36 2381 687
42 2382
36 2382 113
36 2382 969
36 2382 2059
36 2382 1272
36 2382 687
43 2383
36 2383 113
36 2383 769
36 2383 2031
36 2383 1546
37 2384
36 2384 113
36 2384 682
36 2384 1994
36 2384 2271
36 2384 688
45 2385
36 2385 113
36 2385 673
44 2386
36 2386 113
36 2386 661
36 2386 2180
36 2386 2031
43 2387
36 2387 113
36 2387 2122
36 2387 987
41 2388
36 2388 113
36 2388 1051
36 2388 1742
42 2389
36 2389 669
36 2389 1386
36 2389 1044
36 2389 2057
42 2390
36 2390 669
36 2390 696
41 2391
36 2391 669
36 2391 688
36 2391 2215
36 2391 2013
38 2392
36 2392 669
36 2392 749
37 2393
36 2393 669
36 2393 2202
36 2393 2237
36 2393 969
36 2393 2215
43 2394
36 2394 669
36 2394 1921
36 2394 2302
36 2394 673
41 2395
36 2395 669
36 2395 1246
36 2395 2194
36 2395 1511
36 2395 1216
45 2396
36 2396 669
36 2396 1225
36 2396 1971
37 2397
36 2397 669
36 2397 2219
36 2397 701
36 2397 2306
37 2398
36 2398 669
36 2398 2242
44 2399
36 2399 669
36 2399 786
36 2399 857
36 2399 702
40 2400
36 2400 669
36 2400 1050
45 2401
36 2401 669
36 2401 2146
44 2402
36 2402 638
36 2402 1900
36 2402 2242
36 2402 1452
36 2402 1867
38 2403
36 2403 638
36 2403 2229
36 2403 749
36 2403 2290
45 2404
36 2404 638
36 2404 1515
38 2405
36 2405 638
36 2405 1636
36 2405 1483
36 2405 2091
36 2405 1900
41 2406
36 2406 638
36 2406 1515
36 2406 2180
36 2406 2110
36 2406 640
43 2407
36 2407 638
36 2407 1766
36 2407 2281
41 2408
36 2408 638
36 2408 687
39 2409
36 2409 638
36 2409 2191
36 2409 722
36 2409 1195
36 2409 987
40 2410
36 2410 638
36 2410 2263
36 2410 1700
36 2410 2143
36 2410 1456
45 2411
36 2411 638
36 2411 769
36 2411 2104
41 2412
36 2412 638
36 2412 113
36 2412 1711
45 2413
36 2413 638
36 2413 687
43 2414
36 2414 638
36 2414 917
45 2415
36 2415 687
36 2415 638
36 2415 2191
36 2415 660
36 2415 2144
43 2416
36 2416 687
36 2416 2217
36 2416 1195
36 2416 1963
36 2416 1515
42 2417
36 2417 687
36 2417 2250
36 2417 689
39 2418
36 2418 687
36 2418 942
45 2419
36 2419 687
36 2419 1217
42 2420
36 2420 687
36 2420 1274
36 2420 640
38 2421
36 2421 687
36 2421 791
36 2421 649
36 2421 637
35 2422
36 2422 687
36 2422 2258
36 2422 1320
43 2423
36 2423 687
36 2423 2187
36 2423 1838
36 2423 2202
36 2423 2229
43 2424
36 2424 687
36 2424 753
38 2425
36 2425 687
36 2425 1051
40 2426
36 2426 687
36 2426 701
36 2426 1700
36 2426 1687
36 2426 1172
41 2427
36 2427 687
36 2427 2059
44 2428
36 2428 687
36 2428 662
36 2428 669
40 2429
36 2429 637
36 2429 2215
36 2429 1515
39 2430
36 2430 637
36 2430 2266
36 2430 749
36 2430 696
44 2431
36 2431 637
36 2431 1891
36 2431 2219
36 2431 2119
36 2431 1700
39 2432
36 2432 637
36 2432 28
36 2432 1921
36 2432 2122
36 2432 942
37 2433
36 2433 637
36 2433 1452
36 2433 1272
36 2433 2133
37 2434
36 2434 637
36 2434 1172
45 2435
36 2435 637
36 2435 2171
36 2435 2269
36 2435 1867
36 2435 2110
45 2436
36 2436 637
36 2436 2117
36 2436 2302
45 2437
36 2437 637
36 2437 2065
36 2437 895
36 2437 1188
36 2437 857
40 2438
36 2438 637
36 2438 1368
36 2438 1457
36 2438 2119
37 2439
36 2439 637
36 2439 2268
36 2439 1457
36 2439 2283
36 2439 2191
40 2440
36 2440 637
36 2440 2122
40 2441
36 2441 637
36 2441 1456
36 2441 1700
42 2442
36 2442 637
36 2442 2031
36 2442 710
36 2442 1766
36 2442 765
39 2443
36 2443 637
36 2443 1511
36 2443 844
43 2444
36 2444 701
36 2444 1867
36 2444 1895
40 2445
36 2445 701
36 2445 1556
36 2445 2136
38 2446
36 2446 701
36 2446 2271
42 2447
36 2447 701
36 2447 637
36 2447 2122
39 2448
36 2448 701
36 2448 1867
41 2449
36 2449 701
36 2449 638
36 2449 2151
36 2449 1700
41 2450
36 2450 701
36 2450 2191
38 2451
36 2451 701
36 2451 917
36 2451 2302
36 2451 1031
36 2451 1483
42 2452
36 2452 701
36 2452 2144
36 2452 661
41 2453
36 2453 701
36 2453 702
36 2453 764
36 2453 2106
44 2454
36 2454 701
36 2454 682
36 2454 1320
44 2455
36 2455 705
36 2455 696
35 2456
36 2456 705
36 2456 1994
36 2456 2294
37 2457
36 2457 705
36 2457 2217
36 2457 638
36 2457 1766
36 2457 2236
40 2458
36 2458 705
36 2458 669
37 2459
36 2459 705
36 2459 1044
36 2459 1050
36 2459 2191
36 2459 1109
41 2460
36 2460 705
36 2460 2269
36 2460 689
36 2460 1257
37 2461
36 2461 705
36 2461 1274
41 2462
36 2462 705
36 2462 2106
36 2462 1766
36 2462 2194
36 2462 1921
44 2463
36 2463 682
36 2463 661
36 2463 969
36 2463 954
36 2463 1320
42 2464
36 2464 682
36 2464 1700
35 2465
36 2465 682
36 2465 2268
36 2465 2281
45 2466
36 2466 682
36 2466 2218
36 2466 1172
36 2466 1457
42 2467
36 2467 682
36 2467 2168
36 2467 2057
38 2468
36 2468 682
36 2468 1188
38 2469
36 2469 682
36 2469 2091
41 2470
36 2470 682
36 2470 1216
36 2470 2065
36 2470 2031
35 2471
36 2471 682
36 2471 786
36 2471 887
36 2471 7
36 2471 1891
37 2472
36 2472 710
36 2472 673
36 2472 844
36 2472 2117
38 2473
36 2473 710
36 2473 7
36 2473 1465
36 2473 669
44 2474
36 2474 710
36 2474 844
36 2474 682
36 2474 673
36 2474 969
41 2475
36 2475 710
36 2475 1511
36 2475 1188
36 2475 2229
35 2476
36 2476 710
36 2476 7
36 2476 749
44 2477
36 2477 710
36 2477 1900
36 2477 1742
36 2477 791
38 2478
36 2478 710
36 2478 2133
36 2478 2180
36 2478 671
40 2479
36 2479 710
36 2479 1556
41 2480
36 2480 710
36 2480 1225
44 2481
36 2481 722
36 2481 1368
36 2481 791
36 2481 820
36 2481 689
43 2482
36 2482 722
36 2482 1810
36 2482 1031
36 2482 753
35 2483
36 2483 722
36 2483 2266
36 2483 2144
36 2483 1921
40 2484
36 2484 722
36 2484 7
36 2484 2237
40 2485
36 2485 722
36 2485 1963
43 2486
36 2486 722
36 2486 2117
36 2486 2294
36 2486 2194
36 2486 1994
43 2487
36 2487 722
36 2487 786
36 2487 2266
36 2487 1838
36 2487 712
42 2488
36 2488 722
36 2488 2143
38 2489
36 2489 722
36 2489 2081
36 2489 702
36 2489 2122
37 2490
36 2490 661
36 2490 1483
36 2490 895
45 2491
36 2491 661
36 2491 2197
36 2491 2202
35 2492
36 2492 661
36 2492 764
36 2492 2283
38 2493
36 2493 661
36 2493 1272
39 2494
36 2494 661
36 2494 2259
43 2495
36 2495 661
36 2495 1031
36 2495 1172
36 2495 2215
40 2496
36 2496 661
36 2496 2271
37 2497
36 2497 661
36 2497 1738
38 2498
36 2498 660
36 2498 769
44 2499
36 2499 660
36 2499 2259
36 2499 649
39 2500
36 2500 660
36 2500 1511
35 2501
36 2501 660
36 2501 2031
36 2501 1636
36 2501 2290
35 2502
36 2502 660
36 2502 1895
36 2502 710
41 2503
36 2503 660
36 2503 2143
36 2503 1217
36 2503 2281
37 2504
36 2504 660
36 2504 1483
42 2505
36 2505 660
36 2505 1109
36 2505 1465
36 2505 1457
42 2506
36 2506 696
36 2506 649
36 2506 1546
36 2506 2144
36 2506 1711
35 2507
36 2507 696
36 2507 1452
36 2507 2210
43 2508
36 2508 696
36 2508 1272
45 2509
36 2509 696
36 2509 705
36 2509 1044
36 2509 689
45 2510
36 2510 696
36 2510 2059
36 2510 2146
36 2510 1200
36 2510 1546
37 2511
36 2511 696
36 2511 2268
36 2511 689
36 2511 669
40 2512
36 2512 696
36 2512 1659
42 2513
36 2513 696
36 2513 1971
36 2513 638
35 2514
36 2514 673
36 2514 1195
42 2515
36 2515 673
36 2515 1515
38 2516
36 2516 673
36 2516 2081
36 2516 2065
36 2516 1496
36 2516 895
41 2517
36 2517 673
36 2517 786
36 2517 2197
36 2517 662
36 2517 2194
38 2518
36 2518 673
36 2518 2281
36 2518 1169
36 2518 2210
36 2518 887
37 2519
36 2519 673
36 2519 1994
43 2520
36 2520 673
36 2520 2194
36 2520 1272
36 2520 1515
36 2520 2229
35 2521
36 2521 673
36 2521 2143
36 2521 942
36 2521 1496
37 2522
36 2522 673
36 2522 649
43 2523
36 2523 673
36 2523 710
36 2523 2229
36 2523 638
35 2524
36 2524 712
36 2524 1225
35 2525
36 2525 712
36 2525 2110
36 2525 2210
36 2525 1556
42 2526
36 2526 712
36 2526 1246
36 2526 2059
39 2527
36 2527 712
36 2527 749
36 2527 2313
36 2527 895
41 2528
36 2528 712
36 2528 2321
36 2528 1225
36 2528 1394
42 2529
36 2529 712
36 2529 673
36 2529 1462
40 2530
36 2530 712
36 2530 2093
35 2531
36 2531 712
36 2531 1188
36 2531 969
36 2531 1483
42 2532
36 2532 712
36 2532 1220
36 2532 917
39 2533
36 2533 712
36 2533 28
36 2533 1546
39 2534
36 2534 712
36 2534 662
38 2535
36 2535 753
36 2535 917
36 2535 1188
35 2536
36 2536 753
36 2536 1274
35 2537
36 2537 753
36 2537 2306
36 2537 2191
36 2537 649
40 2538
36 2538 753
36 2538 688
36 2538 113
36 2538 701
36 2538 917
38 2539
36 2539 753
36 2539 7
36 2539 2093
36 2539 2229
36 2539 1249
41 2540
36 2540 753
36 2540 954
36 2540 2151
38 2541
36 2541 753
36 2541 2191
43 2542
36 2542 753
36 2542 705
36 2542 1810
36 2542 673
41 2543
36 2543 764
36 2543 2065
36 2543 649
36 2543 1963
42 2544
36 2544 764
36 2544 2182
36 2544 682
38 2545
36 2545 764
36 2545 637
36 2545 28
36 2545 2136
36 2545 2194
42 2546
36 2546 764
36 2546 969
36 2546 1320
36 2546 2229
44 2547
36 2547 764
36 2547 1711
36 2547 2191
36 2547 1738
43 2548
36 2548 764
36 2548 2122
36 2548 1867
36 2548 673
39 2549
36 2549 671
36 2549 1742
45 2550
36 2550 671
36 2550 1031
41 2551
36 2551 671
36 2551 2136
36 2551 2259
36 2551 2143
41 2552
36 2552 671
36 2552 2294
36 2552 2057
36 2552 1272
44 2553
36 2553 688
36 2553 2191
39 2554
36 2554 688
36 2554 1893
36 2554 1515
36 2554 2219
38 2555
36 2555 688
36 2555 2269
44 2556
36 2556 688
36 2556 1891
36 2556 1456
39 2557
36 2557 688
36 2557 1900
36 2557 2215
36 2557 2151
36 2557 1249
35 2558
36 2558 689
36 2558 669
36 2558 1867
36 2558 1051
36 2558 1700
44 2559
36 2559 689
36 2559 887
39 2560
36 2560 689
36 2560 1636
36 2560 1742
41 2561
36 2561 689
36 2561 710
43 2562
36 2562 786
36 2562 1200
36 2562 649
36 2562 2106
36 2562 2180
41 2563
36 2563 786
36 2563 1891
36 2563 1456
41 2564
36 2564 786
36 2564 2219
35 2565
36 2565 786
36 2565 1994
36 2565 2197
36 2565 637
36 2565 1711
35 2566
36 2566 791
36 2566 1738
36 2566 2271
36 2566 2242
44 2567
36 2567 791
36 2567 688
36 2567 2106
43 2568
36 2568 791
36 2568 2125
36 2568 1225
36 2568 710
44 2569
36 2569 791
36 2569 2268
36 2569 2081
39 2570
36 2570 791
36 2570 2290
45 2571
36 2571 791
36 2571 2258
36 2571 1711
36 2571 2269
36 2571 2091
41 2572
36 2572 791
36 2572 2268
36 2572 1457
36 2572 1742
35 2573
36 2573 662
36 2573 2119
42 2574
36 2574 662
36 2574 1044
39 2575
36 2575 662
36 2575 669
36 2575 820
36 2575 687
36 2575 786
39 2576
36 2576 662
36 2576 2013
36 2576 64
36 2576 2146
36 2576 1188
39 2577
36 2577 662
36 2577 1963
36 2577 687
44 2578
36 2578 662
36 2578 2031
44 2579
36 2579 662
36 2579 1921
37 2580
36 2580 765
36 2580 1900
36 2580 2258
36 2580 791
38 2581
36 2581 765
36 2581 1452
36 2581 1031
35 2582
36 2582 765
36 2582 1172
36 2582 2091
43 2583
36 2583 792
36 2583 1044
42 2584
36 2584 749
36 2584 1386
41 2585
36 2585 749
36 2585 1895
36 2585 2229
36 2585 1456
36 2585 786
38 2586
36 2586 702
36 2586 1556
37 2587
36 2587 702
36 2587 2242
36 2587 687
42 2588
36 2588 2091
36 2588 2237
44 2589
36 2589 2091
36 2589 1386
45 2590
36 2590 857
36 2590 661
36 2590 786
35 2591
36 2591 64
36 2591 1456
36 2591 2144
38 2592
36 2592 1044
36 2592 769
44 2593
36 2593 2106
36 2593 2225
36 2593 2197
35 2594
36 2594 2110
36 2594 1738
36 2594 1368
36 2594 1050
37 2595
36 2595 2110
36 2595 791
42 2596
36 2596 1225
36 2596 1320
36 2596 687
36 2596 1249
36 2596 2268
37 2597
36 2597 1971
36 2597 2218
44 2598
36 2598 1900
36 2598 2171
45 2599
36 2599 1900
36 2599 710
36 2599 2191
36 2599 1216
43 2600
36 2600 1169
36 2600 1895
45 2601
36 2601 1169
36 2601 753
36 2601 2081
36 2601 2197
41 2602
36 2602 1838
36 2602 2151
44 2603
36 2603 2136
36 2603 638
36 2603 1994
40 2604
36 2604 1216
36 2604 1051
44 2605
36 2605 1249
36 2605 1394
36 2605 1994
36 2605 689
40 2606
36 2606 2144
36 2606 2290
36 2606 2187
36 2606 1895
42 2607
36 2607 2151
36 2607 1483
35 2608
36 2608 1766
36 2608 895
36 2608 687
36 2608 696
44 2609
36 2609 1050
36 2609 1257
36 2609 722
36 2609 820
44 2610
36 2610 1930
36 2610 1195
36 2610 1515
40 2611
36 2611 2059
36 2611 1320
40 2612
36 2612 2059
36 2612 2302
36 2612 1109
36 2612 2143
44 2613
36 2613 2081
36 2613 2215
36 2613 1257
36 2613 765
36 2613 1511
41 2614
36 2614 1556
36 2614 2217
36 2614 1483
36 2614 1274
36 2614 1456
41 2615
36 2615 1556
36 2615 1465
41 2616
36 2616 1711
36 2616 2057
36 2616 1515
36 2616 1274
35 2617
36 2617 1188
36 2617 1838
43 2618
36 2618 1465
36 2618 1249
36 2618 2059
38 2619
36 2619 1465
36 2619 765
36 2619 2259
36 2619 1900
36 2619 2294
45 2620
36 2620 820
36 2620 1766
36 2620 2202
36 2620 2119
38 2621
36 2621 2171
36 2621 2122
45 2622
36 2622 1195
36 2622 2197
36 2622 2269
36 2622 2182
38 2623
36 2623 1330
36 2623 1031
36 2623 1700
36 2623 2258
36 2623 688
45 2624
36 2624 2180
36 2624 969
44 2625
36 2625 895
36 2625 638
36 2625 2182
36 2625 2218
44 2626
36 2626 895
36 2626 1257
45 2627
36 2627 2184
36 2627 2281
36 2627 1963
36 2627 2136
36 2627 2250
39 2628
36 2628 2184
36 2628 2271
36 2628 659
36 2628 689
40 2629
36 2629 887
36 2629 2191
36 2629 2268
36 2629 2283
36 2629 2059
38 2630
36 2630 1274
36 2630 769
41 2631
36 2631 2202
36 2631 887
36 2631 1195
43 2632
36 2632 2202
36 2632 2091
36 2632 1169
36 2632 2283
44 2633
36 2633 1700
36 2633 2237
36 2633 1249
36 2633 1220
36 2633 2242
37 2634
36 2634 2210
36 2634 637
36 2634 749
36 2634 2225
36 2634 1272
37 2635
36 2635 2133
36 2635 965
36 2635 637
36 2635 701
39 2636
36 2636 2217
36 2636 638
36 2636 1659
35 2637
36 2637 1200
36 2637 2313
36 2637 2104
40 2638
36 2638 1200
36 2638 753
41 2639
36 2639 2218
36 2639 1895
36 2639 1109
36 2639 1051
45 2640
36 2640 2218
36 2640 1810
36 2640 1766
36 2640 753
35 2641
36 2641 2219
36 2641 2215
45 2642
36 2642 2219
36 2642 1838
36 2642 1031
36 2642 2250
38 2643
36 2643 2146
36 2643 1711
36 2643 1963
36 2643 1971
36 2643 1109
41 2644
36 2644 2146
36 2644 669
39 2645
36 2645 2225
36 2645 2259
36 2645 2236
37 2646
36 2646 2225
36 2646 2151
36 2646 1753
36 2646 2065
36 2646 722
41 2647
36 2647 2229
36 2647 1457
36 2647 844
36 2647 1700
41 2648
36 2648 1386
36 2648 1051
40 2649
36 2649 1483
36 2649 1900
37 2650
36 2650 2237
36 2650 2133
36 2650 1742
36 2650 1172
36 2650 1456
39 2651
36 2651 1738
36 2651 682
36 2651 1330
36 2651 1172
36 2651 2271
42 2652
36 2652 2065
36 2652 2119
45 2653
36 2653 2065
36 2653 669
36 2653 887
36 2653 786
41 2654
36 2654 2250
36 2654 2057
36 2654 113
41 2655
36 2655 2031
36 2655 1216
36 2655 2266
44 2656
36 2656 2031
36 2656 2215
41 2657
36 2657 2013
36 2657 673
36 2657 2059
37 2658
36 2658 987
36 2658 2168
36 2658 2306
38 2659
36 2659 987
36 2659 2321
36 2659 659
36 2659 2191
39 2660
36 2660 2258
36 2660 1216
36 2660 2106
41 2661
36 2661 1546
36 2661 1274
36 2661 2184
36 2661 2237
42 2662
36 2662 2266
36 2662 1895
36 2662 696
38 2663
36 2663 2268
36 2663 1188
36 2663 1766
35 2664
36 2664 2269
36 2664 2202
36 2664 2281
36 2664 2225
40 2665
36 2665 2271
36 2665 2302
36 2665 1515
36 2665 638
36 2665 2283
43 2666
36 2666 2271
36 2666 2104
36 2666 1050
43 2667
36 2667 1179
36 2667 649
43 2668
36 2668 1179
36 2668 1838
36 2668 1320
36 2668 1511
35 2669
36 2669 1398
36 2669 1179
38 2670
36 2670 1867
36 2670 2144
36 2670 1246
36 2670 2194
37 2671
36 2671 1246
36 2671 113
36 2671 1711
42 2672
36 2672 2117
36 2672 689
36 2672 1386
38 2673
36 2673 2281
36 2673 942
44 2674
36 2674 1457
36 2674 661
40 2675
36 2675 1457
36 2675 1330
36 2675 1483
45 2676
36 2676 2259
36 2676 1556
41 2677
36 2677 942
36 2677 2306
36 2677 2151
38 2678
36 2678 2290
36 2678 2217
36 2678 2271
36 2678 2294
39 2679
36 2679 2290
36 2679 7
39 2680
36 2680 2294
36 2680 1838
36 2680 1483
36 2680 1687
36 2680 2219
38 2681
36 2681 2295
36 2681 1249
39 2682
36 2682 2295
36 2682 765
36 2682 1249
36 2682 2191
36 2682 1687
41 2683
36 2683 2302
36 2683 2117
36 2683 1738
36 2683 722
40 2684
36 2684 2302
36 2684 769
42 2685
36 2685 2057
36 2685 64
36 2685 660
36 2685 1900
36 2685 2081
41 2686
36 2686 969
36 2686 2290
36 2686 2151
36 2686 1109
44 2687
36 2687 969
36 2687 649
36 2687 2294
36 2687 844
44 2688
36 2688 1891
36 2688 673
36 2688 1452
36 2688 2271
36 2688 2219
42 2689
36 2689 1891
36 2689 1179
36 2689 2104
37 2690
36 2690 1031
36 2690 649
40 2691
36 2691 2321
36 2691 1386
36 2691 2302
36 2691 671
36 2691 1272
41 2692
36 2692 1320
36 2692 844
36 2692 1188
36 2692 2306
41 2693
36 2693 1452
36 2693 1483
44 2694
36 2694 1172
36 2694 2242
36 2694 1465
36 2694 1659
42 2695
36 2695 1172
36 2695 682
36 2695 1050
36 2695 649
45 2696
36 2696 1257
36 2696 1179
36 2696 2250
36 2696 1636
36 2696 2065
45 2697
36 2697 1257
36 2697 1246
36 2697 2271
46 857
47 857 770
46 1217
47 1217 725
46 1257
47 1257 767
46 1172
47 1172 781
46 2093
47 2093 826
46 1891
47 1891 782
46 2313
47 2313 684
46 1971
47 1971 744
46 2104
47 2104 663
46 895
47 895 772
46 1320
47 1320 814
46 2259
47 2259 817
46 2229
47 2229 718
46 2290
47 2290 692
46 2321
47 2321 717
46 2146
47 2146 667
46 2081
47 2081 818
46 2106
47 2106 800
46 2271
47 2271 760
46 1249
47 1249 738
46 2250
47 2250 813
46 2237
47 2237 655
46 1838
47 1838 698
46 1895
47 1895 645
46 954
47 954 675
46 2133
47 2133 750
46 844
47 844 726
46 2236
47 2236 808
46 1050
47 1050 703
46 2117
47 2117 713
46 2182
47 2182 754
46 2302
47 2302 795
46 2031
47 2031 766
46 1456
47 1456 699
46 1496
47 1496 761
46 2266
47 2266 807
46 1195
47 1195 707
46 2294
47 2294 809
46 942
47 942 783
46 2184
47 2184 714
46 1272
47 1272 690
46 2225
47 2225 794
46 2218
47 2218 759
46 969
47 969 676
46 1742
47 1742 674
46 2059
47 2059 787
48 1867
48 1895
48 1109
48 1971
48 820
48 2236
48 2133
48 2313
48 1246
48 2306
48 2091
48 2104
48 2125
48 1368
48 2242
48 1324
48 2290
48 2013
48 2194
48 1994
48 1050
48 2187
48 2210
48 2321
48 2218
48 1742
48 2250
48 1766
48 1195
48 2081
48 1636
48 1687
48 1188
48 2271
48 2065
48 1515
48 942
48 2225
48 1753
48 64
48 1893
48 2197
48 1891
48 1031
48 2180
48 2110
48 1249
48 965
48 1456
48 2106
48 1963
48 2182
48 2119
48 1556
48 2143
48 2295
49 2698
2 2698 635
49 2699
2 2699 635
49 2700
2 2700 635
49 2701
2 2701 635
49 2702
2 2702 635
49 2703
2 2703 635
49 2704
2 2704 635
49 2705
2 2705 635
49 2706
2 2706 635
49 2707
2 2707 635
49 2708
2 2708 635
49 2709
2 2709 635
50 2710
22 2710 635
11 2710 650
10 2710 2711
10 2710 1686
10 2710 2712
10 2710 2713
10 2710 1320
11 2710 20
50 2711
22 2711 635
11 2711 650
10 2711 2714
10 2711 1082
10 2711 2715
11 2711 102
11 2711 32
51 2716
22 2716 635
11 2716 650
6 2716 2717
10 2716 2718
10 2716 2719
10 2716 2720
10 2716 2721
11 2716 32
51 2722
22 2722 635
11 2722 641
51 2712
22 2712 635
11 2712 641
10 2712 2723
10 2712 2724
10 2712 2725
51 1951
22 1951 635
11 1951 650
51 1686
22 1686 635
11 1686 650
10 1686 2726
10 1686 2727
10 1686 1169
9 1686 8
9 1686 73
8 1686 19
7 1686 9
51 2718
22 2718 635
11 2718 641
10 2718 2728
10 2718 2711
10 2718 1408
10 2718 2729
10 2718 1220
51 2730
22 2730 635
11 2730 641
7 2730 9
11 2730 102
51 2731
22 2731 635
11 2731 641
10 2731 2732
51 2733
22 2733 635
11 2733 641
10 2733 2734
10 2733 1084
10 2733 2735
10 2733 2736
11 2733 102
51 950
22 950 635
11 950 641
6 950 2737
10 950 2733
10 950 2738
10 950 2730
10 950 2739
10 950 214
51 2740
22 2740 635
11 2740 650
10 2740 2731
10 2740 2258
9 2740 8
8 2740 19
51 2715
22 2715 635
11 2715 641
10 2715 2741
51 2742
22 2742 635
11 2742 650
10 2742 2722
10 2742 2743
7 2742 73
8 2742 13
51 1865
22 1865 635
11 1865 641
10 1865 1269
10 1865 2744
10 1865 2745
10 1865 2718
10 1865 2746
7 1865 9
9 1865 19
7 1865 10
8 1865 67
8 1865 13
51 2747
22 2747 635
11 2747 650
10 2747 1308
10 2747 2748
4 2249
22 2249 635
11 2249 650
10 2249 1867
10 2249 2749
4 2750
22 2750 635
11 2750 650
10 2750 2751
10 2750 2752
10 2750 2753
9 2750 19
4 2754
22 2754 635
11 2754 641
10 2754 2184
10 2754 2755
8 2754 8
4 2756
22 2756 635
11 2756 650
10 2756 2757
10 2756 1963
10 2756 1534
10 2756 2758
10 2756 1154
8 2756 93
4 2759
22 2759 635
11 2759 641
11 2759 60
4 2760
22 2760 635
11 2760 641
10 2760 1276
9 2760 73
11 2760 32
11 2760 60
4 2761
22 2761 635
11 2761 650
10 2761 2762
8 2761 13
4 2763
22 2763 635
11 2763 650
6 2763 2764
10 2763 983
10 2763 2765
10 2763 2766
10 2763 2767
10 2763 2768
8 2763 88
8 2763 10
9 2763 13
7 2763 93
7 2763 8
4 2769
22 2769 635
11 2769 641
10 2769 1492
10 2769 1323
7 2769 8
4 1802
22 1802 635
11 1802 641
10 1802 2770
10 1802 1120
10 1802 2143
10 1802 2771
4 2772
22 2772 635
11 2772 641
10 2772 2773
10 2772 2774
4 1763
22 1763 635
11 1763 650
10 1763 2215
10 1763 2775
10 1763 2776
4 2777
22 2777 635
11 2777 641
6 2777 2778
10 2777 2779
8 2777 88
4 2780
22 2780 635
11 2780 650
4 2781
22 2781 635
11 2781 641
10 2781 1555
10 2781 1032
10 2781 2782
10 2781 261
10 2781 2783
11 2781 102
11 2781 361
4 2784
22 2784 635
11 2784 650
10 2784 2711
10 2784 2785
11 2784 348
4 825
22 825 635
11 825 641
10 825 2249
7 825 88
9 825 13
8 825 9
9 825 11
11 825 60
52 881
53 88
54 1119
55 891
56 1388
57 840
58 19
59 13
60 1231
61 1069
62 939
63 871
64 947
65 93
66 955
67 926
68 1036
69 843
70 1174
71 902
72 913
73 900
74 998
75 984
53 73
76 1219
77 1099
78 847
79 908
80 1006
81 959
82 1092
83 849
84 918
85 867
86 888
87 2786
88 853
87 2787
87 2788
89 860
90 1013
91 1017
92 1024
65 10
93 832
87 2789
94 1312
65 8
87 2790
53 11
87 2791
95 1155
96 67
97 9
98 930
87 2792
87 2793
n_const 2794
n_fact 10753
